{"type":"FeatureCollection","features":[{"type":"Feature","id":0,"properties":{"nta":"BK0101","name":"Greenpoint","boro":"Brooklyn","area_km2":3.282,"n":112,"gfa_msf":12.08,"energy_gwh":168.07,"elec_gwh":85.44,"gas_gwh":81.94,"steam_gwh":0.0,"oil_gwh":0.51,"ghg_kt":48.53,"density":51.22,"eui_med":43.8,"ghgi_med":3.87,"elec_share":0.508,"mix":{"Multifamily":109.02,"Other":36.52,"Office":14.05,"Education":6.23,"Retail & Hotel":2.24},"top":[{"name":"The Greenpoint (Condos + Market Rate)","addr":"21 India Street","type":"Multifamily","gwh":18.29,"eui":98.7},{"name":"818111 - Eagle and West","addr":"1 EAGLE STREET","type":"Multifamily","gwh":13.0,"eui":53.4},{"name":"West Development B LLC /","addr":"1 Oak Street","type":"Multifamily","gwh":8.63,"eui":50.6},{"name":"81271100 - Two Blue Slip (BOP Greenpoint F LLC)","addr":"2 Blue Slip","type":"Multifamily","gwh":7.47,"eui":56.8},{"name":"81061100 - One Blue Slip","addr":"1 Blue Slip","type":"Multifamily","gwh":6.19,"eui":58.1}]},"geometry":{"type":"Polygon","coordinates":[[[-73.93213,40.72816],[-73.93739,40.72433],[-73.94721,40.71856],[-73.94842,40.71846],[-73.94908,40.72254],[-73.95065,40.72171],[-73.95165,40.72349],[-73.95478,40.72246],[-73.95814,40.7244],[-73.95795,40.72504],[-73.95843,40.7254],[-73.96012,40.72532],[-73.96029,40.72595],[-73.96162,40.72587],[-73.96102,40.7287],[-73.96229,40.73405],[-73.95983,40.73706],[-73.95763,40.73854],[-73.95476,40.73912],[-73.95292,40.73893],[-73.94652,40.73693],[-73.9472,40.73536],[-73.94707,40.7344],[-73.9466,40.73444],[-73.94674,40.73528],[-73.94557,40.73661],[-73.945,40.73644],[-73.94519,40.73548],[-73.94452,40.73628],[-73.94239,40.73543],[-73.94115,40.73415],[-73.93981,40.73115],[-73.9381,40.72973],[-73.93493,40.72854],[-73.93213,40.72816]]]}},{"type":"Feature","id":1,"properties":{"nta":"BK0102","name":"Williamsburg","boro":"Brooklyn","area_km2":2.681,"n":352,"gfa_msf":30.86,"energy_gwh":507.11,"elec_gwh":250.54,"gas_gwh":239.15,"steam_gwh":0.0,"oil_gwh":16.56,"ghg_kt":146.14,"density":189.18,"eui_med":52.7,"ghgi_med":4.44,"elec_share":0.494,"mix":{"Multifamily":407.14,"Other":34.5,"Retail & Hotel":27.43,"Education":22.64,"Office":15.4},"top":[{"name":"325 Roebling St","addr":"325 Roebling Street","type":"Multifamily","gwh":13.52,"eui":76.2},{"name":"255 Havemeyer St","addr":"255 HAVEMEYER ST","type":"Multifamily","gwh":12.08,"eui":338.6},{"name":"AKAM - Edge 11211 Condominium - PARENT","addr":"22 North 6th Street","type":"Multifamily","gwh":12.01,"eui":62.8},{"name":"Clinton - 1 North 4th Place","addr":"1 North 4 Place","type":"Multifamily","gwh":11.78,"eui":76.9},{"name":"Clinton - 2 North 6th Place","addr":"2 North 6 Place","type":"Multifamily","gwh":9.52,"eui":55.1}]},"geometry":{"type":"Polygon","coordinates":[[[-73.95814,40.7244],[-73.95478,40.72246],[-73.95165,40.72349],[-73.95065,40.72171],[-73.94908,40.72254],[-73.94842,40.71846],[-73.94721,40.71856],[-73.95348,40.71407],[-73.94937,40.71407],[-73.94866,40.70972],[-73.95087,40.70951],[-73.95024,40.70547],[-73.9579,40.70843],[-73.95846,40.70725],[-73.96328,40.70773],[-73.96838,40.70683],[-73.96929,40.70709],[-73.96985,40.708],[-73.96961,40.71027],[-73.97007,40.71045],[-73.96937,40.71102],[-73.96991,40.71127],[-73.96923,40.71124],[-73.96844,40.71294],[-73.96885,40.71321],[-73.96725,40.71699],[-73.96512,40.71923],[-73.96527,40.72012],[-73.96503,40.72038],[-73.96448,40.72004],[-73.96276,40.7224],[-73.96166,40.72486],[-73.96211,40.72515],[-73.96116,40.72526],[-73.95814,40.7244]]]}},{"type":"Feature","id":2,"properties":{"nta":"BK0103","name":"South Williamsburg","boro":"Brooklyn","area_km2":1.413,"n":113,"gfa_msf":8.6,"energy_gwh":183.88,"elec_gwh":68.97,"gas_gwh":109.55,"steam_gwh":0.0,"oil_gwh":5.27,"ghg_kt":48.28,"density":130.14,"eui_med":61.1,"ghgi_med":4.88,"elec_share":0.375,"mix":{"Multifamily":135.23,"Education":31.16,"Other":13.08,"Healthcare":3.17,"Retail & Hotel":1.16,"Office":0.09},"top":[{"name":"TAYLOR STREET-WYTHE AVENUE","addr":"626 WYTHE PLACE","type":"Multifamily","gwh":19.96,"eui":107.9},{"name":"99 Wilson St","addr":"99 Wilson Street","type":"Multifamily","gwh":17.03,"eui":78.8},{"name":"DEPM 2656 PARENT - 60 Division Ave","addr":"111 Clymer Street","type":"Multifamily","gwh":16.49,"eui":95.2},{"name":"128 Clymer St","addr":"128 CLYMER ST","type":"Multifamily","gwh":13.83,"eui":398.8},{"name":"Lee Gardens Parent","addr":"2 Lorimer Street","type":"Multifamily","gwh":5.37,"eui":72.3}]},"geometry":{"type":"Polygon","coordinates":[[[-73.95024,40.70547],[-73.94193,40.70073],[-73.96284,40.69804],[-73.96218,40.70022],[-73.96721,40.70426],[-73.96838,40.70683],[-73.96328,40.70773],[-73.95846,40.70725],[-73.9579,40.70843],[-73.95024,40.70547]]]}},{"type":"Feature","id":3,"properties":{"nta":"BK0104","name":"East Williamsburg","boro":"Brooklyn","area_km2":4.856,"n":229,"gfa_msf":25.84,"energy_gwh":466.22,"elec_gwh":164.35,"gas_gwh":287.05,"steam_gwh":0.0,"oil_gwh":14.66,"ghg_kt":120.31,"density":96.01,"eui_med":46.7,"ghgi_med":4.08,"elec_share":0.353,"mix":{"Multifamily":319.58,"Other":95.01,"Education":21.47,"Office":16.33,"Retail & Hotel":10.21,"Healthcare":3.62},"top":[{"name":"BUSHWICK/HYLAN CAMPUS","addr":"811 FLUSHING AVENUE","type":"Multifamily","gwh":56.33,"eui":123.8},{"name":"BUSHWICK/HYLAN","addr":"811 FLUSHING AVENUE","type":"Multifamily","gwh":45.37,"eui":99.7},{"name":"Williamsburg Houses: CAMPUS","addr":"87 TEN EYCK WALK","type":"Multifamily","gwh":44.33,"eui":103.0},{"name":"COOPER PARK","addr":"275 JACKSON STREET","type":"Multifamily","gwh":26.8,"eui":144.0},{"name":"Lindsay Park","addr":"54 Boerum St","type":"Multifamily","gwh":16.28,"eui":17.7}]},"geometry":{"type":"Polygon","coordinates":[[[-73.92406,40.71411],[-73.92223,40.71286],[-73.92155,40.71104],[-73.92075,40.71053],[-73.92609,40.70568],[-73.93395,40.70267],[-73.94193,40.70073],[-73.95024,40.70547],[-73.95087,40.70951],[-73.94866,40.70972],[-73.94937,40.71407],[-73.95348,40.71407],[-73.94904,40.71743],[-73.93727,40.72441],[-73.93213,40.72816],[-73.92958,40.72761],[-73.92849,40.72661],[-73.92787,40.72585],[-73.9278,40.72493],[-73.92561,40.72006],[-73.92482,40.72027],[-73.92452,40.71955],[-73.92486,40.71844],[-73.92888,40.71772],[-73.92971,40.71705],[-73.92947,40.71572],[-73.93221,40.71496],[-73.93143,40.71438],[-73.93124,40.71372],[-73.93264,40.71305],[-73.93203,40.71159],[-73.93338,40.71123],[-73.93328,40.71098],[-73.9319,40.71134],[-73.93093,40.70917],[-73.93036,40.70872],[-73.93155,40.71186],[-73.93078,40.71216],[-73.93161,40.71204],[-73.93184,40.71263],[-73.93042,40.71317],[-73.93105,40.71461],[-73.93085,40.7149],[-73.92844,40.71553],[-73.92891,40.71662],[-73.92823,40.71711],[-73.92473,40.71794],[-73.9241,40.71767],[-73.92306,40.71634],[-73.92489,40.71527],[-73.92406,40.71411]]]}},{"type":"Feature","id":4,"properties":{"nta":"BK0201","name":"Brooklyn Heights","boro":"Brooklyn","area_km2":0.927,"n":150,"gfa_msf":18.6,"energy_gwh":356.67,"elec_gwh":129.51,"gas_gwh":211.75,"steam_gwh":0.0,"oil_gwh":15.35,"ghg_kt":93.15,"density":384.61,"eui_med":65.4,"ghgi_med":4.55,"elec_share":0.363,"mix":{"Multifamily":230.55,"Office":69.81,"Education":36.16,"Other":8.23,"Healthcare":7.36,"Retail & Hotel":4.55},"top":[{"name":"One Brooklyn Bridge Park Condo (360 Furman Street)","addr":"360 Furman Street Brooklyn, NY 11201","type":"Multifamily","gwh":15.42,"eui":58.0},{"name":"10 CLINTON STREET - Cadman Towers","addr":"10 CLINTON STREET","type":"Multifamily","gwh":15.1,"eui":220.3},{"name":"One Pierrepont Plaza","addr":"300 Cadman Plaza West","type":"Office","gwh":11.9,"eui":56.0},{"name":"E.H.S CLARK RESID. LLC","addr":"51 CLARK ST","type":"Education","gwh":10.91,"eui":112.0},{"name":"1 Clinton","addr":"1 Clinton Street","type":"Multifamily","gwh":9.56,"eui":90.6}]},"geometry":{"type":"Polygon","coordinates":[[[-73.99047,40.68914],[-74.00174,40.69241],[-73.99947,40.6967],[-73.99887,40.69692],[-73.99724,40.70014],[-73.99505,40.70313],[-73.99261,40.70206],[-73.99087,40.70067],[-73.99143,40.69828],[-73.99044,40.69383],[-73.99097,40.69255],[-73.98893,40.69209],[-73.98922,40.69097],[-73.99047,40.68914]]]}},{"type":"Feature","id":5,"properties":{"nta":"BK0202","name":"Downtown Brooklyn-DUMBO-Boerum Hill","boro":"Brooklyn","area_km2":2.205,"n":255,"gfa_msf":52.62,"energy_gwh":1019.18,"elec_gwh":588.14,"gas_gwh":409.68,"steam_gwh":0.0,"oil_gwh":19.06,"ghg_kt":310.76,"density":462.27,"eui_med":51.5,"ghgi_med":4.56,"elec_share":0.577,"mix":{"Multifamily":424.25,"Office":328.81,"Education":81.6,"Retail & Hotel":60.28,"Other":60.1,"Data Center":53.57,"Healthcare":10.57},"top":[{"name":"FARRAGUT","addr":"237 NASSAU STREET","type":"Multifamily","gwh":42.18,"eui":109.1},{"name":"350 Jay Street","addr":"350 Jay Street, 335 Adams Street","type":"Office","gwh":36.58,"eui":87.9},{"name":"Chase Metrotech Campus (3&4)","addr":"4 Metrotech Center","type":"Office","gwh":34.39,"eui":65.6},{"name":"JPMorgan Chase-4CMC","addr":"4 Chase Metrotech Center","type":"Office","gwh":28.62,"eui":73.4},{"name":"2 MetroTech Center (90 MYRTLE AVENUE)","addr":"90 MYRTLE AVENUE","type":"Office","gwh":26.56,"eui":180.3}]},"geometry":{"type":"Polygon","coordinates":[[[-73.97906,40.70595],[-73.98027,40.70304],[-73.98003,40.70214],[-73.9809,40.70186],[-73.9804,40.7007],[-73.98014,40.69471],[-73.97917,40.69349],[-73.98251,40.69361],[-73.98252,40.69298],[-73.98176,40.69296],[-73.98206,40.69131],[-73.9814,40.68993],[-73.98351,40.68992],[-73.98083,40.68886],[-73.97808,40.68491],[-73.97962,40.68249],[-73.98828,40.68587],[-73.98913,40.68459],[-73.99393,40.68645],[-73.99236,40.68969],[-73.99047,40.68914],[-73.98922,40.69097],[-73.98893,40.69209],[-73.99097,40.69255],[-73.99044,40.69383],[-73.99143,40.69828],[-73.99087,40.70067],[-73.99261,40.70206],[-73.99505,40.70313],[-73.99466,40.70343],[-73.995,40.70365],[-73.99478,40.70425],[-73.99213,40.70469],[-73.99186,40.70409],[-73.99095,40.70403],[-73.99023,40.70493],[-73.9883,40.70454],[-73.98829,40.70507],[-73.98796,40.70513],[-73.98653,40.70498],[-73.98643,40.70535],[-73.98344,40.70564],[-73.98093,40.70537],[-73.98091,40.70591],[-73.97906,40.70595]]]}},{"type":"Feature","id":6,"properties":{"nta":"BK0203","name":"Fort Greene","boro":"Brooklyn","area_km2":1.629,"n":111,"gfa_msf":18.38,"energy_gwh":407.42,"elec_gwh":173.1,"gas_gwh":195.61,"steam_gwh":0.0,"oil_gwh":38.66,"ghg_kt":113.26,"density":250.12,"eui_med":66.7,"ghgi_med":4.92,"elec_share":0.425,"mix":{"Multifamily":199.82,"Healthcare":53.76,"Office":48.64,"Education":42.6,"Retail & Hotel":33.25,"Other":29.35},"top":[{"name":"BHC - 121 DeKalb Avenue","addr":"121 DEKALB AVENUE","type":"Healthcare","gwh":39.73,"eui":404.7},{"name":"395 Flatbush Ave Extension","addr":"395 Flatbush Ave Extension","type":"Office","gwh":18.39,"eui":181.3},{"name":"Atlantic Center","addr":"197 Fort Greene Place","type":"Retail & Hotel","gwh":15.67,"eui":109.2},{"name":"Atlantic Terminal (139 Flatbush Avenue aka 200 Ft Greene Place)","addr":"139 FLATBUSH AVENUE","type":"Office","gwh":15.63,"eui":69.2},{"name":"K430 (OECID: 0300346; BBL: 3020980013)","addr":"29 Fort Greene Place","type":"Education","gwh":13.21,"eui":63.2}]},"geometry":{"type":"Polygon","coordinates":[[[-73.96284,40.69804],[-73.96348,40.6968],[-73.96455,40.69611],[-73.96939,40.69608],[-73.96881,40.69312],[-73.96983,40.69313],[-73.9691,40.68947],[-73.97013,40.68951],[-73.96869,40.68201],[-73.97746,40.68405],[-73.98083,40.68886],[-73.98351,40.68992],[-73.9814,40.68993],[-73.98206,40.69131],[-73.98176,40.69296],[-73.98252,40.69298],[-73.98251,40.69361],[-73.97917,40.69349],[-73.98014,40.69471],[-73.98054,40.69825],[-73.96577,40.69764],[-73.96284,40.69804]]]}},{"type":"Feature","id":7,"properties":{"nta":"BK0204","name":"Clinton Hill","boro":"Brooklyn","area_km2":1.353,"n":136,"gfa_msf":14.71,"energy_gwh":320.14,"elec_gwh":86.72,"gas_gwh":212.78,"steam_gwh":0.0,"oil_gwh":20.53,"ghg_kt":77.83,"density":236.56,"eui_med":61.9,"ghgi_med":4.64,"elec_share":0.271,"mix":{"Multifamily":223.43,"Education":83.24,"Office":11.01,"Other":2.31,"Retail & Hotel":0.15},"top":[{"name":"Clinton Hill North","addr":"165-210 Clinton Ave","type":"Multifamily","gwh":24.26,"eui":95.4},{"name":"Original Campus","addr":"200 Grand Ave","type":"Education","gwh":23.63,"eui":86.8},{"name":"201 Clinton Ave","addr":"201 Clinton Ave","type":"Multifamily","gwh":16.18,"eui":398.8},{"name":"Clinton Hill South","addr":"325-365 Clinton Avenue","type":"Multifamily","gwh":15.04,"eui":75.7},{"name":"345 Clinton Ave","addr":"345 CLINTON AVE","type":"Multifamily","gwh":14.63,"eui":360.6}]},"geometry":{"type":"Polygon","coordinates":[[[-73.96135,40.68046],[-73.96869,40.68201],[-73.97013,40.68951],[-73.9691,40.68947],[-73.96983,40.69313],[-73.96881,40.69312],[-73.96939,40.69608],[-73.96466,40.69607],[-73.96348,40.6968],[-73.96284,40.69804],[-73.96105,40.69833],[-73.95943,40.69045],[-73.96029,40.69035],[-73.95884,40.68302],[-73.96167,40.68269],[-73.96135,40.68046]]]}},{"type":"Feature","id":8,"properties":{"nta":"BK0301","name":"Bedford-Stuyvesant (West)","boro":"Brooklyn","area_km2":3.429,"n":204,"gfa_msf":17.48,"energy_gwh":409.99,"elec_gwh":144.37,"gas_gwh":239.52,"steam_gwh":0.0,"oil_gwh":26.03,"ghg_kt":106.71,"density":119.57,"eui_med":54.2,"ghgi_med":4.5,"elec_share":0.352,"mix":{"Multifamily":296.47,"Other":53.55,"Education":41.91,"Office":9.48,"Healthcare":6.17,"Retail & Hotel":2.42},"top":[{"name":"MARCY","addr":"452 MARCY AVENUE","type":"Multifamily","gwh":78.5,"eui":163.7},{"name":"TOMPKINS","addr":"65 TOMPKINS AVENUE","type":"Multifamily","gwh":38.58,"eui":115.2},{"name":"LAFAYETTE","addr":"325 CLASSON AVENUE","type":"Multifamily","gwh":33.03,"eui":113.2},{"name":"ACP BK I, LLC (630 Flushing Avenue)_Campus","addr":"630 Flushing Avenue","type":"Other","gwh":24.99,"eui":142.3},{"name":"Armstrong II Bldgs 1-3","addr":"375 Lexington Ave","type":"Multifamily","gwh":5.92,"eui":93.7}]},"geometry":{"type":"Polygon","coordinates":[[[-73.94414,40.67824],[-73.95205,40.67867],[-73.96135,40.68046],[-73.96167,40.68269],[-73.95884,40.68302],[-73.96029,40.69035],[-73.95943,40.69045],[-73.96105,40.69833],[-73.94439,40.70042],[-73.94033,40.67989],[-73.94397,40.68009],[-73.94414,40.67824]]]}},{"type":"Feature","id":9,"properties":{"nta":"BK0302","name":"Bedford-Stuyvesant (East)","boro":"Brooklyn","area_km2":3.836,"n":166,"gfa_msf":22.72,"energy_gwh":686.95,"elec_gwh":215.26,"gas_gwh":365.27,"steam_gwh":0.0,"oil_gwh":105.49,"ghg_kt":177.72,"density":179.08,"eui_med":56.8,"ghgi_med":4.63,"elec_share":0.313,"mix":{"Multifamily":331.32,"Healthcare":281.38,"Education":54.59,"Retail & Hotel":12.06,"Other":4.63,"Office":2.96},"top":[{"name":"Benchmarking Group - 115","addr":"760 Broadway","type":"Healthcare","gwh":88.36,"eui":278.9},{"name":"H+H_4327_Woodhull Medical and Mental Health Center","addr":"760 Broadway","type":"Healthcare","gwh":88.05,"eui":279.3},{"name":"Woodhull Medical & Mental Health Center","addr":"760 Broadway","type":"Healthcare","gwh":79.65,"eui":205.7},{"name":"ROOSEVELT I/ ROOSEVELT II CAMPUS","addr":"153 MARCUS GARVEY BOULEVARD","type":"Multifamily","gwh":48.21,"eui":153.2},{"name":"SUMNER","addr":"868 PARK AVENUE","type":"Multifamily","gwh":41.93,"eui":136.9}]},"geometry":{"type":"Polygon","coordinates":[[[-73.94193,40.70073],[-73.91805,40.68721],[-73.9163,40.67858],[-73.92165,40.67887],[-73.92182,40.67702],[-73.94414,40.67824],[-73.94397,40.68009],[-73.94033,40.67989],[-73.94439,40.70042],[-73.94193,40.70073]]]}},{"type":"Feature","id":10,"properties":{"nta":"BK0401","name":"Bushwick (West)","boro":"Brooklyn","area_km2":2.149,"n":120,"gfa_msf":9.99,"energy_gwh":180.26,"elec_gwh":83.55,"gas_gwh":89.41,"steam_gwh":0.0,"oil_gwh":7.28,"ghg_kt":50.86,"density":83.87,"eui_med":51.5,"ghgi_med":4.37,"elec_share":0.463,"mix":{"Multifamily":87.48,"Healthcare":33.75,"Education":24.23,"Office":17.5,"Other":10.48,"Retail & Hotel":6.82},"top":[{"name":"Wyckoff Heights Medical Center","addr":"374 Stockholm Street","type":"Healthcare","gwh":31.76,"eui":236.2},{"name":"54 Noll","addr":"54 Noll Street","type":"Multifamily","gwh":7.6,"eui":51.6},{"name":"123 Melrose Street","addr":"123 Melrose Street","type":"Multifamily","gwh":7.19,"eui":48.5},{"name":"501 Bushwick Avenue","addr":"10 MONTIETH ST.","type":"Multifamily","gwh":6.72,"eui":72.8},{"name":"Uovo Art - 105 Evergreen Avenue","addr":"105 EVERGREEN AVENUE","type":"Other","gwh":3.02,"eui":71.1}]},"geometry":{"type":"Polygon","coordinates":[[[-73.91142,40.70149],[-73.91406,40.69884],[-73.91632,40.70012],[-73.91932,40.69706],[-73.92082,40.69792],[-73.92425,40.69443],[-73.9265,40.69571],[-73.9275,40.6947],[-73.92648,40.69414],[-73.92778,40.69276],[-73.94193,40.70073],[-73.93395,40.70267],[-73.92609,40.70568],[-73.92189,40.7094],[-73.91181,40.70343],[-73.9129,40.70236],[-73.91142,40.70149]]]}},{"type":"Feature","id":11,"properties":{"nta":"BK0402","name":"Bushwick (East)","boro":"Brooklyn","area_km2":2.595,"n":93,"gfa_msf":6.49,"energy_gwh":120.78,"elec_gwh":38.68,"gas_gwh":71.38,"steam_gwh":0.0,"oil_gwh":10.47,"ghg_kt":30.84,"density":46.54,"eui_med":59.7,"ghgi_med":4.37,"elec_share":0.32,"mix":{"Multifamily":70.93,"Education":36.39,"Retail & Hotel":5.86,"Other":3.89,"Office":2.98,"Healthcare":0.72},"top":[{"name":"Hope Gardens Buildings 1, 2 and 3 - Parent Property","addr":"120-160 Menahan Street AKA 314 Wilson Avenue","type":"Multifamily","gwh":6.46,"eui":63.7},{"name":"Hope Gardens: 140 Menahan Street - Building #2 (NG Gas)","addr":"140 Menahan Street","type":"Multifamily","gwh":4.9,"eui":144.9},{"name":"Benchmarking Group - 34","addr":"400 Irving Ave","type":"Education","gwh":4.53,"eui":63.6},{"name":"DOE_6792_K480","addr":"400 Irving Ave","type":"Education","gwh":4.51,"eui":63.6},{"name":"Benchmarking Group - 130","addr":"125 Covert St","type":"Education","gwh":3.91,"eui":70.7}]},"geometry":{"type":"Polygon","coordinates":[[[-73.9014,40.69159],[-73.90534,40.68682],[-73.90449,40.6863],[-73.90576,40.684],[-73.90281,40.68234],[-73.90262,40.68066],[-73.90405,40.67922],[-73.92778,40.69276],[-73.92648,40.69414],[-73.9275,40.6947],[-73.9265,40.69571],[-73.92425,40.69443],[-73.92082,40.69792],[-73.91932,40.69706],[-73.91632,40.70012],[-73.91406,40.69884],[-73.91142,40.70149],[-73.91068,40.70105],[-73.91181,40.69995],[-73.90426,40.6957],[-73.9058,40.69413],[-73.9014,40.69159]]]}},{"type":"Feature","id":12,"properties":{"nta":"BK0501","name":"Cypress Hills","boro":"Brooklyn","area_km2":2.265,"n":31,"gfa_msf":2.82,"energy_gwh":44.7,"elec_gwh":17.05,"gas_gwh":21.59,"steam_gwh":0.0,"oil_gwh":4.09,"ghg_kt":12.2,"density":19.74,"eui_med":62.5,"ghgi_med":4.74,"elec_share":0.382,"mix":{"Multifamily":22.6,"Education":19.31,"Other":2.79},"top":[{"name":"Atlantic Chestnut AC1","addr":"250 Euclid Avenue","type":"Multifamily","gwh":4.0,"eui":31.6},{"name":"Chestnut Commons","addr":"110 Dinsmore Place","type":"Multifamily","gwh":3.92,"eui":43.8},{"name":"Benchmarking Group - 36","addr":"350 Linwood St","type":"Education","gwh":3.65,"eui":59.2},{"name":"DOE_6729_K302, K974 Campus: K302","addr":"350 Linwood St","type":"Education","gwh":3.63,"eui":59.0},{"name":"K667 (OECID: 0302040; BBL: 3041420032)","addr":"76 Dinsmore Place","type":"Education","gwh":2.26,"eui":63.2}]},"geometry":{"type":"Polygon","coordinates":[[[-73.8663,40.68319],[-73.87156,40.68168],[-73.8712,40.68022],[-73.87328,40.67992],[-73.87359,40.68109],[-73.88106,40.67898],[-73.88051,40.67677],[-73.88826,40.67562],[-73.88901,40.67856],[-73.89622,40.67736],[-73.89654,40.67859],[-73.90005,40.67689],[-73.90405,40.67922],[-73.90262,40.68066],[-73.90025,40.67942],[-73.89749,40.68007],[-73.89687,40.68088],[-73.89653,40.6824],[-73.89417,40.68528],[-73.89258,40.68349],[-73.89015,40.685],[-73.88819,40.68256],[-73.8726,40.68992],[-73.86806,40.69118],[-73.8663,40.68319]]]}},{"type":"Feature","id":13,"properties":{"nta":"BK0502","name":"East New York (North)","boro":"Brooklyn","area_km2":2.593,"n":91,"gfa_msf":8.38,"energy_gwh":191.52,"elec_gwh":50.6,"gas_gwh":133.27,"steam_gwh":0.0,"oil_gwh":7.0,"ghg_kt":45.94,"density":73.87,"eui_med":57.5,"ghgi_med":4.78,"elec_share":0.264,"mix":{"Multifamily":127.73,"Education":27.47,"Other":21.58,"Office":6.6,"Healthcare":5.22,"Retail & Hotel":2.92},"top":[{"name":"UNITY PLAZA (ALL SITES)/LONG ISLAND BAPTIST HOUSES CAMPUS","addr":"360 WILLIAMS AVENUE","type":"Multifamily","gwh":33.42,"eui":120.7},{"name":"UNITY PLAZA (ALL SITES)/LONG ISLAND BAPTIST HOUSES","addr":"360 WILLIAMS AVENUE","type":"Multifamily","gwh":26.81,"eui":96.8},{"name":"K435 (OECID: 0300378; BBL: 3037880001)","addr":"400 Pennsylvania Avenue","type":"Education","gwh":5.84,"eui":72.5},{"name":"Bushwick Center parent","addr":"50 Sheffield Avenue","type":"Other","gwh":5.79,"eui":151.6},{"name":"Green Light Energy Conservation : 317 GLENMORE AVENUE","addr":"317 GLENMORE AVENUE","type":"Other","gwh":5.64,"eui":159.9}]},"geometry":{"type":"Polygon","coordinates":[[[-73.87423,40.67086],[-73.87887,40.67019],[-73.87849,40.66865],[-73.90085,40.66535],[-73.90347,40.67551],[-73.89654,40.67859],[-73.89622,40.67736],[-73.88901,40.67856],[-73.88826,40.67562],[-73.88051,40.67677],[-73.88106,40.67898],[-73.87657,40.68017],[-73.87423,40.67086]]]}},{"type":"Feature","id":14,"properties":{"nta":"BK0503","name":"East New York-New Lots","boro":"Brooklyn","area_km2":4.316,"n":130,"gfa_msf":14.88,"energy_gwh":319.18,"elec_gwh":98.15,"gas_gwh":213.13,"steam_gwh":0.0,"oil_gwh":6.42,"ghg_kt":79.13,"density":73.95,"eui_med":61.2,"ghgi_med":4.38,"elec_share":0.307,"mix":{"Multifamily":192.26,"Other":84.57,"Education":26.17,"Retail & Hotel":11.73,"Healthcare":4.02,"Office":0.44},"top":[{"name":"Boulevard Houses Buildings 1-10","addr":"829 Schenck Avenue","type":"Multifamily","gwh":43.59,"eui":195.8},{"name":"Boulevard Houses Buildings 11-18","addr":"845 Stanley Avenue","type":"Multifamily","gwh":41.74,"eui":229.2},{"name":"Linden Buildings","addr":"195 Cozine Avenue","type":"Multifamily","gwh":28.61,"eui":57.5},{"name":"Stanley Avenue Preservation HDFC - 155","addr":"155 Wortman Avenue","type":"Multifamily","gwh":11.35,"eui":128.9},{"name":"Linden Buildings - 185 Wortman Avenue","addr":"185 Wortman Avenue","type":"Multifamily","gwh":9.24,"eui":353.0}]},"geometry":{"type":"Polygon","coordinates":[[[-73.86718,40.66045],[-73.86916,40.66012],[-73.89001,40.65115],[-73.89355,40.6552],[-73.89761,40.65345],[-73.89586,40.65188],[-73.90398,40.64663],[-73.90945,40.65152],[-73.9074,40.65284],[-73.90784,40.65459],[-73.90318,40.65531],[-73.90049,40.65715],[-73.89879,40.65741],[-73.89965,40.66074],[-73.90066,40.66059],[-73.90145,40.66366],[-73.90043,40.66381],[-73.90085,40.66535],[-73.87849,40.66865],[-73.87887,40.67019],[-73.87423,40.67086],[-73.87388,40.66945],[-73.86718,40.66045]]]}},{"type":"Feature","id":15,"properties":{"nta":"BK0504","name":"Spring Creek-Starrett City","boro":"Brooklyn","area_km2":2.516,"n":39,"gfa_msf":4.29,"energy_gwh":92.16,"elec_gwh":38.91,"gas_gwh":50.91,"steam_gwh":0.0,"oil_gwh":1.52,"ghg_kt":24.89,"density":36.62,"eui_med":61.5,"ghgi_med":4.89,"elec_share":0.422,"mix":{"Multifamily":38.34,"Retail & Hotel":30.08,"Healthcare":8.29,"Other":8.03,"Education":7.4},"top":[{"name":"Gateway 2 - ShopRite","addr":"590 Gateway Drive","type":"Retail & Hotel","gwh":7.42,"eui":282.2},{"name":"911 Erskine St","addr":"911 Erskine St","type":"Multifamily","gwh":6.46,"eui":441.0},{"name":"VANDALIA AVENUE","addr":"17 VANDALIA AVENUE","type":"Multifamily","gwh":6.2,"eui":73.7},{"name":"Gateway 2 - Retail C","addr":"410 Gateway Drive","type":"Retail & Hotel","gwh":4.76,"eui":80.0},{"name":"Gateway Center - BJs","addr":"339 Gateway Drive","type":"Retail & Hotel","gwh":4.5,"eui":119.0}]},"geometry":{"type":"MultiPolygon","coordinates":[[[[-73.88829,40.64672],[-73.88864,40.64708],[-73.88852,40.64736],[-73.8882,40.64714],[-73.88829,40.64672]]],[[[-73.86054,40.65462],[-73.8701,40.6493],[-73.87343,40.64678],[-73.87922,40.65459],[-73.87964,40.6545],[-73.87386,40.64631],[-73.87569,40.64395],[-73.87835,40.63887],[-73.88048,40.64098],[-73.88074,40.64157],[-73.88029,40.6414],[-73.88007,40.642],[-73.88139,40.64235],[-73.88215,40.64374],[-73.88342,40.64452],[-73.88481,40.64395],[-73.88558,40.64404],[-73.88743,40.64594],[-73.88764,40.6478],[-73.88864,40.64802],[-73.89007,40.64932],[-73.89035,40.64903],[-73.89125,40.65003],[-73.88959,40.65134],[-73.86847,40.66029],[-73.86718,40.66045],[-73.86386,40.65606],[-73.86244,40.65529],[-73.86087,40.65508],[-73.86054,40.65462]]]]}},{"type":"Feature","id":16,"properties":{"nta":"BK0505","name":"East New York-City Line","boro":"Brooklyn","area_km2":2.929,"n":43,"gfa_msf":6.77,"energy_gwh":191.5,"elec_gwh":43.95,"gas_gwh":142.59,"steam_gwh":0.0,"oil_gwh":4.86,"ghg_kt":44.35,"density":65.38,"eui_med":62.4,"ghgi_med":4.5,"elec_share":0.23,"mix":{"Multifamily":169.85,"Education":12.58,"Healthcare":4.9,"Office":2.45,"Other":1.73},"top":[{"name":"PINK","addr":"2628 LINDEN BOULEVARD","type":"Multifamily","gwh":85.24,"eui":190.5},{"name":"CYPRESS HILLS","addr":"1260 SUTTER AVENUE","type":"Multifamily","gwh":49.22,"eui":126.8},{"name":"Pink - Bldgs 1, 2, 7, 8, 24","addr":"2628 Linden Blvd","type":"Multifamily","gwh":7.5,"eui":93.4},{"name":"K615 (OECID: 0300350; BBL: 3041550075)","addr":"1 Wells Street","type":"Education","gwh":4.47,"eui":71.9},{"name":"Dumont Green","addr":"783 Eldert Lane","type":"Multifamily","gwh":3.5,"eui":69.4}]},"geometry":{"type":"Polygon","coordinates":[[[-73.8641,40.68237],[-73.86328,40.67908],[-73.86235,40.67916],[-73.86039,40.67125],[-73.85763,40.67166],[-73.85568,40.66387],[-73.85843,40.66345],[-73.85762,40.66012],[-73.8603,40.65963],[-73.86317,40.65828],[-73.8627,40.65762],[-73.86328,40.65694],[-73.86305,40.65611],[-73.86087,40.65508],[-73.86244,40.65529],[-73.86404,40.65624],[-73.87388,40.66945],[-73.87657,40.68017],[-73.87745,40.67993],[-73.87359,40.68109],[-73.87328,40.67992],[-73.8712,40.68022],[-73.87156,40.68168],[-73.8663,40.68319],[-73.86602,40.68192],[-73.8641,40.68237]]]}},{"type":"Feature","id":17,"properties":{"nta":"BK0601","name":"Carroll Gardens-Cobble Hill-Gowanus-Red Hook","boro":"Brooklyn","area_km2":5.65,"n":184,"gfa_msf":26.25,"energy_gwh":521.46,"elec_gwh":142.9,"gas_gwh":368.43,"steam_gwh":0.0,"oil_gwh":5.41,"ghg_kt":125.12,"density":92.3,"eui_med":52.7,"ghgi_med":4.26,"elec_share":0.274,"mix":{"Multifamily":374.74,"Other":73.06,"Education":20.91,"Retail & Hotel":18.93,"Healthcare":17.95,"Office":15.87},"top":[{"name":"RED HOOK EAST/RED HOOK WEST CAMPUS","addr":"604 Clinton St","type":"Multifamily","gwh":140.8,"eui":176.1},{"name":"GOWANUS","addr":"175 HOYT STREET","type":"Multifamily","gwh":43.83,"eui":140.3},{"name":"RED HOOK EAST (SITES 1-14; 26-29)/RED HOOK WEST (SITES 15-18) - 3005380001 - CON","addr":"604 CLINTON STREET","type":"Multifamily","gwh":22.44,"eui":28.1},{"name":"WYCKOFF GARDENS","addr":"130 3RD AVENUE","type":"Multifamily","gwh":18.08,"eui":117.2},{"name":"RED HOOK EAST/RED HOOK WEST","addr":"604 CLINTON STREET","type":"Multifamily","gwh":13.54,"eui":16.9}]},"geometry":{"type":"Polygon","coordinates":[[[-73.99236,40.68969],[-73.99393,40.68645],[-73.98913,40.68459],[-73.98828,40.68587],[-73.97962,40.68249],[-73.9839,40.67615],[-73.99277,40.66551],[-73.9947,40.66667],[-73.99598,40.668],[-73.99855,40.67193],[-74.0003,40.66872],[-74.00106,40.66895],[-74.00142,40.66836],[-74.00222,40.66858],[-74.00289,40.66735],[-74.00586,40.66799],[-74.00684,40.66606],[-74.00696,40.66605],[-74.00475,40.67072],[-74.00544,40.67092],[-74.00755,40.66705],[-74.0078,40.66716],[-74.00709,40.66859],[-74.00985,40.66852],[-74.01154,40.66509],[-74.01575,40.66457],[-74.01744,40.66527],[-74.01789,40.66585],[-74.01876,40.67108],[-74.01934,40.67162],[-74.01751,40.67103],[-74.01649,40.66493],[-74.01603,40.66486],[-74.01594,40.66547],[-74.01228,40.66573],[-74.01034,40.66908],[-74.01091,40.66919],[-74.01087,40.66971],[-74.01154,40.66978],[-74.01163,40.67058],[-74.01425,40.66973],[-74.01175,40.67066],[-74.01427,40.67138],[-74.0152,40.67075],[-74.01387,40.67188],[-74.01423,40.67213],[-74.01569,40.67104],[-74.01298,40.67333],[-74.01336,40.67359],[-74.01512,40.67216],[-74.01632,40.67291],[-74.01458,40.67441],[-74.01496,40.67468],[-74.01817,40.67194],[-74.0188,40.67225],[-74.01727,40.67361],[-74.01801,40.67391],[-74.01783,40.67526],[-74.0183,40.67546],[-74.01839,40.6751],[-74.01889,40.67509],[-74.0185,40.67584],[-74.01802,40.67588],[-74.01792,40.67651],[-74.01977,40.67661],[-74.01995,40.6771],[-74.01908,40.67714],[-74.01918,40.67783],[-74.01843,40.67791],[-74.01841,40.67841],[-74.01966,40.67839],[-74.01827,40.67855],[-74.01858,40.67898],[-74.01954,40.67897],[-74.01928,40.67965],[-74.01282,40.68362],[-74.01213,40.68291],[-74.01411,40.68171],[-74.01361,40.68122],[-74.01387,40.68101],[-74.01302,40.68041],[-74.00967,40.68327],[-74.01077,40.68436],[-74.01193,40.68389],[-74.00798,40.68628],[-74.00702,40.68653],[-74.00588,40.6862],[-74.00298,40.69043],[-74.00096,40.69013],[-74.0007,40.69061],[-74.00197,40.69184],[-74.00162,40.69255],[-73.99236,40.68969]]]}},{"type":"Feature","id":18,"properties":{"nta":"BK0602","name":"Park Slope","boro":"Brooklyn","area_km2":2.4,"n":120,"gfa_msf":11.32,"energy_gwh":271.35,"elec_gwh":109.51,"gas_gwh":150.53,"steam_gwh":0.0,"oil_gwh":10.56,"ghg_kt":73.15,"density":113.07,"eui_med":62.8,"ghgi_med":4.49,"elec_share":0.404,"mix":{"Multifamily":119.06,"Healthcare":86.32,"Other":34.89,"Education":20.51,"Retail & Hotel":9.3,"Office":1.26},"top":[{"name":"New York Presbyterian- Brooklyn Methodist Hospital","addr":"269 7 Avenue","type":"Healthcare","gwh":77.39,"eui":181.9},{"name":"620 Atlantic Avenue","addr":"620 Atlantic Avenue","type":"Other","gwh":28.36,"eui":146.6},{"name":"Brodsky - 18 6th Ae","addr":"18 Sixth Ave","type":"Multifamily","gwh":10.55,"eui":44.6},{"name":"CCH","addr":"515 6 Street","type":"Healthcare","gwh":7.7,"eui":51.8},{"name":"K460 (OECID: 0300369; BBL: 3010820001)","addr":"237 7th Avenue","type":"Education","gwh":7.61,"eui":82.6}]},"geometry":{"type":"Polygon","coordinates":[[[-73.97376,40.68305],[-73.97469,40.68027],[-73.97618,40.67806],[-73.97189,40.67639],[-73.9695,40.67591],[-73.96969,40.67536],[-73.96884,40.67441],[-73.96877,40.67333],[-73.96894,40.67289],[-73.97041,40.67265],[-73.97965,40.66124],[-73.98017,40.66115],[-73.99173,40.66674],[-73.9839,40.67615],[-73.97808,40.68491],[-73.97746,40.68405],[-73.97376,40.68305]]]}},{"type":"Feature","id":19,"properties":{"nta":"BK0701","name":"Windsor Terrace-South Slope","boro":"Brooklyn","area_km2":1.423,"n":69,"gfa_msf":5.26,"energy_gwh":95.49,"elec_gwh":26.0,"gas_gwh":67.92,"steam_gwh":0.0,"oil_gwh":1.55,"ghg_kt":22.91,"density":67.13,"eui_med":60.0,"ghgi_med":4.24,"elec_share":0.272,"mix":{"Multifamily":82.32,"Education":10.32,"Other":2.03,"Office":0.82},"top":[{"name":"BISHOP BOARDMAN APTS","addr":"1601 8 Avenue","type":"Multifamily","gwh":4.43,"eui":102.6},{"name":"Park Vanderbilt Coop Apts","addr":"651 Vanderbilt Street","type":"Multifamily","gwh":3.78,"eui":81.4},{"name":"651 Vanderbilt Street","addr":"651 Vanderbilt Street","type":"Multifamily","gwh":3.78,"eui":79.4},{"name":"Dermot - 33 Caton Place (Kestrel)","addr":"23 Caton Place","type":"Multifamily","gwh":3.47,"eui":98.0},{"name":"Impact: 221-243 McDonald Ave (Parent)","addr":"221-243 McDonald Ave","type":"Multifamily","gwh":3.44,"eui":75.0}]},"geometry":{"type":"Polygon","coordinates":[[[-73.98017,40.66115],[-73.98,40.66076],[-73.97958,40.66085],[-73.97437,40.65819],[-73.97233,40.6514],[-73.97269,40.65097],[-73.97209,40.65066],[-73.9714,40.64826],[-73.97327,40.64758],[-73.97527,40.64783],[-73.98029,40.6473],[-73.9818,40.65525],[-73.98843,40.65925],[-73.98725,40.66038],[-73.98872,40.6624],[-73.98832,40.66279],[-73.99277,40.66551],[-73.99173,40.66674],[-73.98017,40.66115]]]}},{"type":"Feature","id":20,"properties":{"nta":"BK0702","name":"Sunset Park (West)","boro":"Brooklyn","area_km2":4.68,"n":143,"gfa_msf":25.98,"energy_gwh":399.06,"elec_gwh":204.27,"gas_gwh":190.67,"steam_gwh":0.0,"oil_gwh":3.95,"ghg_kt":115.83,"density":85.26,"eui_med":45.4,"ghgi_med":3.69,"elec_share":0.512,"mix":{"Other":240.02,"Healthcare":46.94,"Education":38.18,"Multifamily":30.55,"Office":23.64,"Retail & Hotel":19.73},"top":[{"name":"Brooklyn Army Terminal - Campus","addr":"5800 1st Ave","type":"Other","gwh":78.94,"eui":68.6},{"name":"NYU Langone Hospital - Brooklyn","addr":"150 55th Street","type":"Healthcare","gwh":39.15,"eui":254.0},{"name":"Industry City","addr":"551 2 Ave","type":"Other","gwh":29.84,"eui":29.9},{"name":"Industry City - Bldg - 19-20 - 4002 2 AVENUE","addr":"4002 2 AVENUE","type":"Other","gwh":14.88,"eui":35.9},{"name":"Brooklyn Wholesale Meat Market","addr":"5600 1st Avenue","type":"Other","gwh":14.18,"eui":152.8}]},"geometry":{"type":"Polygon","coordinates":[[[-73.9947,40.66667],[-73.98832,40.66279],[-73.98872,40.6624],[-73.98725,40.66038],[-73.99019,40.6576],[-73.99238,40.6589],[-73.99296,40.65834],[-73.99517,40.65967],[-74.01617,40.63948],[-74.01843,40.64084],[-74.02109,40.63826],[-74.02185,40.63982],[-74.02111,40.64151],[-74.02322,40.6399],[-74.02475,40.63812],[-74.02695,40.63945],[-74.02624,40.64013],[-74.0289,40.64121],[-74.02983,40.64232],[-74.03254,40.64383],[-74.0319,40.64389],[-74.03052,40.64527],[-74.02908,40.6444],[-74.02915,40.64458],[-74.02886,40.64487],[-74.02909,40.64458],[-74.0285,40.64418],[-74.02819,40.64441],[-74.02846,40.64416],[-74.02821,40.64402],[-74.02605,40.64626],[-74.02974,40.64849],[-74.02939,40.6488],[-74.02572,40.64662],[-74.02435,40.6474],[-74.02415,40.64762],[-74.02513,40.64832],[-74.02554,40.64978],[-74.02484,40.6506],[-74.02605,40.65099],[-74.02553,40.65148],[-74.02477,40.65069],[-74.02424,40.65113],[-74.02542,40.65193],[-74.02418,40.65119],[-74.02285,40.65117],[-74.02537,40.65272],[-74.02154,40.65067],[-74.02125,40.65083],[-74.02105,40.6511],[-74.02234,40.65191],[-74.0209,40.65125],[-74.02381,40.65304],[-74.02196,40.65222],[-74.02119,40.65284],[-74.0232,40.6541],[-74.02163,40.65365],[-74.02115,40.65421],[-74.02182,40.65466],[-74.02164,40.65488],[-74.01919,40.65402],[-74.01873,40.65347],[-74.01812,40.65389],[-74.02026,40.65512],[-74.02005,40.65534],[-74.01787,40.65406],[-74.01715,40.65478],[-74.0198,40.65649],[-74.01727,40.65519],[-74.01665,40.65534],[-74.01639,40.65562],[-74.01911,40.65737],[-74.01861,40.65785],[-74.01585,40.65621],[-74.01544,40.65663],[-74.01774,40.6581],[-74.01769,40.65845],[-74.01505,40.65695],[-74.01442,40.65761],[-74.01746,40.65945],[-74.01554,40.66076],[-74.01184,40.65891],[-74.01111,40.65971],[-74.01402,40.66153],[-74.01265,40.66198],[-74.0086,40.65952],[-74.00746,40.66056],[-74.01037,40.6624],[-74.00955,40.66327],[-74.00868,40.66337],[-74.00616,40.66185],[-74.00569,40.66227],[-74.00428,40.66144],[-74.00623,40.66279],[-74.00592,40.66311],[-74.00381,40.66191],[-74.00349,40.66224],[-74.006,40.66326],[-74.00561,40.66346],[-74.00772,40.66472],[-74.00713,40.66492],[-74.00652,40.66455],[-74.00688,40.66434],[-74.00584,40.66414],[-74.00605,40.66384],[-74.00576,40.66392],[-74.00564,40.66453],[-74.00565,40.6639],[-74.00363,40.66273],[-74.0034,40.66299],[-74.00528,40.66466],[-74.00486,40.66506],[-74.00083,40.66301],[-73.99953,40.6644],[-74.00292,40.66646],[-74.00162,40.66677],[-74.00069,40.66755],[-73.99998,40.66745],[-73.99903,40.66844],[-73.99903,40.66901],[-73.99924,40.66831],[-73.99908,40.66904],[-73.99866,40.66951],[-73.99892,40.6698],[-73.99855,40.67193],[-73.99598,40.668],[-73.9947,40.66667]]]}},{"type":"Feature","id":21,"properties":{"nta":"BK0703","name":"Sunset Park (Central)","boro":"Brooklyn","area_km2":1.742,"n":43,"gfa_msf":2.67,"energy_gwh":48.73,"elec_gwh":15.94,"gas_gwh":27.66,"steam_gwh":0.0,"oil_gwh":5.12,"ghg_kt":12.57,"density":27.97,"eui_med":63.6,"ghgi_med":4.63,"elec_share":0.327,"mix":{"Multifamily":27.09,"Other":7.79,"Education":5.99,"Healthcare":4.47,"Office":2.17,"Retail & Hotel":1.23},"top":[{"name":"RAC OLPH Redemptorist Frs 526 59 St","addr":"526 59 Street","type":"Other","gwh":4.01,"eui":38.7},{"name":"K169 (OECID: 0300172; BBL: 3007320001)","addr":"4305 7th Avenue","type":"Education","gwh":2.98,"eui":82.2},{"name":"Maimonides - 6300 8th Ave","addr":"6300 8th Ave","type":"Healthcare","gwh":2.92,"eui":138.9},{"name":"THE 6002 FORT HAMILTON PARKWAY CONDOMINIUM","addr":"6002 Ft. hamilton pkway","type":"Multifamily","gwh":2.2,"eui":54.7},{"name":"K094 (OECID: 0300105; BBL: 3007920026)","addr":"5010 6th Avenue","type":"Education","gwh":1.79,"eui":53.4}]},"geometry":{"type":"Polygon","coordinates":[[[-73.99605,40.64834],[-74.00956,40.63549],[-74.00556,40.63308],[-74.00702,40.63211],[-74.01074,40.63436],[-74.01191,40.63323],[-74.01629,40.63591],[-74.01677,40.63544],[-74.02109,40.63826],[-74.01843,40.64084],[-74.01617,40.63948],[-74.00217,40.65295],[-73.99779,40.65029],[-73.99831,40.64974],[-73.99605,40.64834]]]}},{"type":"Feature","id":22,"properties":{"nta":"BK0801","name":"Prospect Heights","boro":"Brooklyn","area_km2":0.958,"n":97,"gfa_msf":8.12,"energy_gwh":150.72,"elec_gwh":51.69,"gas_gwh":93.34,"steam_gwh":0.0,"oil_gwh":5.61,"ghg_kt":38.67,"density":157.38,"eui_med":62.9,"ghgi_med":4.29,"elec_share":0.343,"mix":{"Multifamily":106.73,"Other":27.16,"Education":15.43,"Office":1.41},"top":[{"name":"CIG > BKM_206_Brooklyn Museum","addr":"200 Eastern Pkwy","type":"Other","gwh":22.06,"eui":136.8},{"name":"550 VANDERBILT AVENUE","addr":"550 VANDERBILT AVENUE","type":"Multifamily","gwh":6.46,"eui":55.4},{"name":"Turner Towers Tenant Corp (135 Eastern Parkway)","addr":"135 Eastern Parkway","type":"Multifamily","gwh":6.19,"eui":56.5},{"name":"Newswalk at Dean Street","addr":"700 PACIFIC STREET","type":"Multifamily","gwh":5.52,"eui":69.7},{"name":"662 Pacific Street","addr":"662 Pacific Street","type":"Multifamily","gwh":5.37,"eui":47.5}]},"geometry":{"type":"Polygon","coordinates":[[[-73.96007,40.67486],[-73.96134,40.67136],[-73.96713,40.6728],[-73.96894,40.67289],[-73.96874,40.67409],[-73.96969,40.67536],[-73.9695,40.67591],[-73.97189,40.67639],[-73.97618,40.67806],[-73.97469,40.68027],[-73.97376,40.68305],[-73.96135,40.68046],[-73.96318,40.67553],[-73.96007,40.67486]]]}},{"type":"Feature","id":23,"properties":{"nta":"BK0802","name":"Crown Heights (North)","boro":"Brooklyn","area_km2":3.29,"n":235,"gfa_msf":19.79,"energy_gwh":437.48,"elec_gwh":112.51,"gas_gwh":307.13,"steam_gwh":0.0,"oil_gwh":17.24,"ghg_kt":104.41,"density":132.96,"eui_med":66.6,"ghgi_med":4.69,"elec_share":0.257,"mix":{"Multifamily":362.15,"Education":32.19,"Healthcare":19.93,"Other":14.81,"Retail & Hotel":4.73,"Office":3.66},"top":[{"name":"KINGSBOROUGH/KINGSBOROUGH EXTENSION CAMPUS","addr":"154 KINGSBOROUGH 1ST WALK","type":"Multifamily","gwh":39.98,"eui":139.9},{"name":"ALBANY/ALBANY II CAMPUS","addr":"180 TROY AVENUE","type":"Multifamily","gwh":35.76,"eui":108.1},{"name":"ALBANY/ALBANY II","addr":"180 TROY AVENUE","type":"Multifamily","gwh":30.33,"eui":91.7},{"name":"PROSPECT ASSOCIATES","addr":"31-10 37th Avenue","type":"Multifamily","gwh":12.39,"eui":96.6},{"name":"545 Prospect Ass.,LLC (555 Prospect Place)","addr":"545 Prospect Place","type":"Multifamily","gwh":10.03,"eui":198.1}]},"geometry":{"type":"Polygon","coordinates":[[[-73.95205,40.67867],[-73.92182,40.67702],[-73.92275,40.6671],[-73.92424,40.66645],[-73.92553,40.6685],[-73.95527,40.67012],[-73.96134,40.67136],[-73.96007,40.67486],[-73.96318,40.67553],[-73.96135,40.68046],[-73.95205,40.67867]]]}},{"type":"Feature","id":24,"properties":{"nta":"BK0901","name":"Crown Heights (South)","boro":"Brooklyn","area_km2":1.863,"n":199,"gfa_msf":14.97,"energy_gwh":350.22,"elec_gwh":71.92,"gas_gwh":264.7,"steam_gwh":0.0,"oil_gwh":13.53,"ghg_kt":79.66,"density":187.98,"eui_med":75.8,"ghgi_med":5.07,"elec_share":0.205,"mix":{"Multifamily":315.1,"Education":30.29,"Other":3.01,"Retail & Hotel":0.95,"Office":0.87},"top":[{"name":"Benjamin Baum: 1720 Bedford Ave","addr":"1720 Bedford Ave","type":"Multifamily","gwh":47.18,"eui":107.8},{"name":"Bedford Union Armory","addr":"1561 Bedford Ave","type":"Multifamily","gwh":18.15,"eui":117.4},{"name":"Stellar - 49-57 Crown Street","addr":"43 Crown Street","type":"Multifamily","gwh":11.24,"eui":119.8},{"name":"1185 Carroll St","addr":"1185 Carroll St","type":"Multifamily","gwh":8.74,"eui":134.9},{"name":"1163 Carroll Street","addr":"1163 Carroll Street","type":"Multifamily","gwh":8.74,"eui":122.7}]},"geometry":{"type":"Polygon","coordinates":[[[-73.96257,40.67162],[-73.95527,40.67012],[-73.92835,40.66865],[-73.92872,40.6645],[-73.93068,40.66362],[-73.94283,40.66285],[-73.9427,40.66406],[-73.94546,40.66423],[-73.95721,40.66352],[-73.95729,40.6643],[-73.95808,40.66426],[-73.96034,40.66411],[-73.96062,40.6633],[-73.96096,40.66329],[-73.96257,40.67162]]]}},{"type":"Feature","id":25,"properties":{"nta":"BK0902","name":"Prospect Lefferts Gardens-Wingate","boro":"Brooklyn","area_km2":2.233,"n":201,"gfa_msf":17.61,"energy_gwh":550.69,"elec_gwh":137.46,"gas_gwh":403.46,"steam_gwh":0.0,"oil_gwh":9.66,"ghg_kt":129.57,"density":246.59,"eui_med":74.3,"ghgi_med":4.88,"elec_share":0.25,"mix":{"Multifamily":255.31,"Healthcare":251.35,"Education":32.35,"Other":5.19,"Office":4.01,"Retail & Hotel":2.49},"top":[{"name":"Benchmarking Group - 38","addr":"451 Clarkson Ave","type":"Healthcare","gwh":208.1,"eui":298.2},{"name":"H+H_4319_Kings County Hospital: Building T","addr":"689 New York Ave","type":"Healthcare","gwh":27.32,"eui":426.3},{"name":"H+H_4311_Dr. Susan Smith McKinney Nursing Center","addr":"594 Albany Ave","type":"Healthcare","gwh":8.32,"eui":162.0},{"name":"Benjamin Baum: 590 Flatbush Ave","addr":"590 Flatbush Ave","type":"Multifamily","gwh":6.31,"eui":62.3},{"name":"Benchmarking Group - 136","addr":"600 Kingston Ave","type":"Education","gwh":5.6,"eui":63.2}]},"geometry":{"type":"Polygon","coordinates":[[[-73.93161,40.66356],[-73.93133,40.66059],[-73.93423,40.66042],[-73.934,40.65812],[-73.93108,40.6583],[-73.9309,40.65661],[-73.95007,40.65542],[-73.95016,40.65626],[-73.95639,40.65587],[-73.9563,40.65505],[-73.9597,40.65484],[-73.95986,40.65563],[-73.96188,40.65488],[-73.96308,40.66213],[-73.96225,40.6632],[-73.96062,40.6633],[-73.96034,40.66411],[-73.95729,40.6643],[-73.95721,40.66352],[-73.94546,40.66423],[-73.9427,40.66406],[-73.94283,40.66285],[-73.93161,40.66356]]]}},{"type":"Feature","id":26,"properties":{"nta":"BK1001","name":"Bay Ridge","boro":"Brooklyn","area_km2":5.726,"n":262,"gfa_msf":18.87,"energy_gwh":411.59,"elec_gwh":86.1,"gas_gwh":304.63,"steam_gwh":0.0,"oil_gwh":20.12,"ghg_kt":94.26,"density":71.88,"eui_med":74.8,"ghgi_med":4.86,"elec_share":0.209,"mix":{"Multifamily":333.25,"Education":43.54,"Healthcare":23.41,"Other":5.0,"Retail & Hotel":4.53,"Office":1.86},"top":[{"name":"Shore Hill Apartments","addr":"9000 Shore Road","type":"Multifamily","gwh":10.41,"eui":85.8},{"name":"Bayridge Air Rights, Inc. (350 65 St)","addr":"350 65 St","type":"Multifamily","gwh":10.3,"eui":97.6},{"name":"Benchmarking Group - 39","addr":"8301 Shore Rd","type":"Education","gwh":9.76,"eui":89.9},{"name":"DOE_6796_K490, K934 Campus: K490","addr":"8301 Shore Rd","type":"Education","gwh":9.74,"eui":96.8},{"name":"NH Victory Memorial Campus","addr":"9036 7th Avenue","type":"Healthcare","gwh":7.72,"eui":81.5}]},"geometry":{"type":"Polygon","coordinates":[[[-74.03407,40.64431],[-74.02983,40.64232],[-74.0289,40.64121],[-74.02624,40.64013],[-74.02695,40.63945],[-74.02475,40.63812],[-74.02322,40.6399],[-74.02111,40.64151],[-74.02185,40.63982],[-74.02128,40.63849],[-74.01677,40.63544],[-74.01615,40.63467],[-74.01586,40.63339],[-74.01515,40.63322],[-74.0197,40.62218],[-74.02042,40.62216],[-74.02288,40.61947],[-74.02122,40.61847],[-74.02478,40.6097],[-74.02711,40.61024],[-74.02638,40.61245],[-74.02754,40.61294],[-74.02575,40.61606],[-74.02629,40.61633],[-74.03145,40.61112],[-74.03604,40.6093],[-74.03696,40.61126],[-74.03903,40.61316],[-74.04013,40.61479],[-74.0416,40.62046],[-74.04189,40.62432],[-74.04106,40.63019],[-74.03681,40.63898],[-74.03876,40.63959],[-74.03672,40.63914],[-74.03571,40.64064],[-74.0367,40.64169],[-74.03407,40.64431]]]}},{"type":"Feature","id":27,"properties":{"nta":"BK1002","name":"Dyker Heights","boro":"Brooklyn","area_km2":2.705,"n":34,"gfa_msf":1.96,"energy_gwh":49.96,"elec_gwh":17.77,"gas_gwh":30.85,"steam_gwh":0.0,"oil_gwh":1.32,"ghg_kt":12.91,"density":18.47,"eui_med":76.2,"ghgi_med":5.5,"elec_share":0.356,"mix":{"Multifamily":16.25,"Education":16.03,"Healthcare":8.55,"Office":4.96,"Retail & Hotel":3.28,"Other":0.89},"top":[{"name":"Norwegian Christian Home - 1250 67th Street and 1270 67th Street","addr":"1270 67TH STREET","type":"Healthcare","gwh":5.95,"eui":157.5},{"name":"K259 (OECID: 0300263; BBL: 3059230001)","addr":"7305 Fort Hamilton Parkway","type":"Education","gwh":3.99,"eui":88.6},{"name":"6409 8 AVENUE","addr":"6409 8 AVENUE","type":"Office","gwh":2.95,"eui":314.3},{"name":"K069 (OECID: 0301725; BBL: 3057350032)","addr":"6302 9th Avenue","type":"Education","gwh":2.62,"eui":80.8},{"name":"1250 - 1270 67th Street","addr":"1250 67th Street","type":"Healthcare","gwh":2.6,"eui":68.8}]},"geometry":{"type":"Polygon","coordinates":[[[-74.01074,40.63436],[-74.00193,40.62903],[-74.00251,40.62847],[-73.99724,40.62529],[-73.99771,40.62368],[-73.99932,40.62466],[-74.01171,40.61274],[-74.02288,40.61947],[-74.02042,40.62216],[-74.0197,40.62218],[-74.01542,40.63251],[-74.01515,40.63322],[-74.01586,40.63339],[-74.01615,40.63467],[-74.01677,40.63544],[-74.01629,40.63591],[-74.01191,40.63323],[-74.01074,40.63436]]]}},{"type":"Feature","id":28,"properties":{"nta":"BK1101","name":"Bensonhurst","boro":"Brooklyn","area_km2":4.518,"n":184,"gfa_msf":10.04,"energy_gwh":208.88,"elec_gwh":40.99,"gas_gwh":163.21,"steam_gwh":0.0,"oil_gwh":4.44,"ghg_kt":46.81,"density":46.23,"eui_med":75.4,"ghgi_med":4.76,"elec_share":0.196,"mix":{"Multifamily":174.03,"Education":27.54,"Retail & Hotel":3.36,"Office":2.01,"Other":1.94},"top":[{"name":"K445, K446 (OECID: 0300371; BBL: 3062710001)","addr":"1601 80th Street","type":"Education","gwh":6.0,"eui":71.3},{"name":"Ace Management - 2000 84th Street","addr":"2000 84th St","type":"Multifamily","gwh":4.11,"eui":155.7},{"name":"K096 (OECID: 0300107; BBL: 3065950033)","addr":"99 Avenue P","type":"Education","gwh":4.09,"eui":94.5},{"name":"SUPERIOR: 8100 Bay Parkway","addr":"8100 Bay Parkway","type":"Multifamily","gwh":2.76,"eui":104.7},{"name":"K227 (OECID: 0300232; BBL: 3055510018)","addr":"6500 16th Avenue","type":"Education","gwh":2.53,"eui":58.9}]},"geometry":{"type":"Polygon","coordinates":[[[-73.99679,40.62683],[-73.98569,40.62013],[-73.98628,40.61957],[-73.97478,40.61264],[-73.97403,40.6087],[-73.98842,40.60712],[-73.98913,40.60646],[-73.98685,40.6051],[-73.98869,40.60343],[-73.99087,40.60477],[-73.99559,40.60023],[-74.00002,40.60291],[-74.00032,40.60262],[-74.00493,40.60507],[-74.00094,40.60864],[-74.0105,40.6139],[-73.99932,40.62466],[-73.99771,40.62368],[-73.99679,40.62683]]]}},{"type":"Feature","id":29,"properties":{"nta":"BK1102","name":"Bath Beach","boro":"Brooklyn","area_km2":1.91,"n":37,"gfa_msf":3.42,"energy_gwh":66.76,"elec_gwh":15.6,"gas_gwh":48.9,"steam_gwh":0.0,"oil_gwh":1.82,"ghg_kt":15.56,"density":34.96,"eui_med":63.0,"ghgi_med":4.53,"elec_share":0.234,"mix":{"Multifamily":53.62,"Education":8.95,"Healthcare":3.23,"Other":0.97},"top":[{"name":"Shore Haven (BBL: 3064890001)","addr":"2072 20 LANE","type":"Multifamily","gwh":7.92,"eui":76.1},{"name":"Shore Haven (BBL: 3064670012)","addr":"2049 20 LANE","type":"Multifamily","gwh":7.72,"eui":72.8},{"name":"Shore Haven (BBL: 3064690001)","addr":"2074 CROPSEY AVENUE","type":"Multifamily","gwh":7.1,"eui":75.2},{"name":"Southampton Apartments","addr":"1429 SHORE PARKWAY","type":"Multifamily","gwh":4.17,"eui":55.3},{"name":"1740 84th Street","addr":"1740 84th Street","type":"Healthcare","gwh":3.23,"eui":105.1}]},"geometry":{"type":"Polygon","coordinates":[[[-73.99559,40.60023],[-74.00204,40.59406],[-74.00512,40.59722],[-74.01041,40.60048],[-74.01473,40.60207],[-74.01832,40.60242],[-74.01943,40.60287],[-74.0155,40.60684],[-74.01702,40.60765],[-74.0105,40.6139],[-74.00094,40.60864],[-74.00493,40.60507],[-74.00032,40.60262],[-74.00002,40.60291],[-73.99559,40.60023]]]}},{"type":"Feature","id":30,"properties":{"nta":"BK1103","name":"Gravesend (West)","boro":"Brooklyn","area_km2":3.143,"n":102,"gfa_msf":6.85,"energy_gwh":140.52,"elec_gwh":36.33,"gas_gwh":96.8,"steam_gwh":0.0,"oil_gwh":7.24,"ghg_kt":33.68,"density":44.7,"eui_med":73.5,"ghgi_med":4.87,"elec_share":0.259,"mix":{"Multifamily":90.62,"Education":27.81,"Other":8.13,"Healthcare":7.53,"Retail & Hotel":4.77,"Office":1.67},"top":[{"name":"2340 CROPSEY AVE.","addr":"2340 Cropsey Avenue","type":"Healthcare","gwh":5.78,"eui":144.0},{"name":"Benchmarking Group - 140","addr":"380 Bay 41st St","type":"Other","gwh":5.76,"eui":65.0},{"name":"Highlawn Terrace","addr":"225 Avenue T","type":"Multifamily","gwh":4.15,"eui":124.9},{"name":"Magen David - 2130 McDonald","addr":"2130 McDonald Avenue","type":"Education","gwh":3.65,"eui":56.2},{"name":"LOST Magen David Yeshivah: 2130 McDonald Ave","addr":"2130 MCDONALD AVENUE,","type":"Education","gwh":3.59,"eui":51.6}]},"geometry":{"type":"Polygon","coordinates":[[[-73.97995,40.59407],[-73.98464,40.59355],[-73.98602,40.59445],[-73.98962,40.59098],[-73.99036,40.59143],[-73.99154,40.59039],[-73.99331,40.58958],[-73.99376,40.59033],[-73.99793,40.5884],[-73.99867,40.5892],[-73.99924,40.58894],[-73.99946,40.58923],[-73.99838,40.58977],[-73.99884,40.58963],[-73.99844,40.58986],[-73.99878,40.59031],[-73.99711,40.59128],[-73.99719,40.59161],[-73.99806,40.59121],[-73.99728,40.59171],[-73.99755,40.59192],[-73.99946,40.5911],[-74.00023,40.59148],[-73.99903,40.59231],[-73.99948,40.59297],[-73.99839,40.59353],[-74.0011,40.59252],[-74.00204,40.59406],[-73.99087,40.60477],[-73.98869,40.60343],[-73.98685,40.6051],[-73.98913,40.60646],[-73.98842,40.60712],[-73.97299,40.60881],[-73.97218,40.60419],[-73.97291,40.59932],[-73.97191,40.59942],[-73.97148,40.59717],[-73.98036,40.59619],[-73.97995,40.59407]]]}},{"type":"Feature","id":31,"properties":{"nta":"BK1201","name":"Sunset Park (East)-Borough Park (West)","boro":"Brooklyn","area_km2":1.092,"n":64,"gfa_msf":4.94,"energy_gwh":180.49,"elec_gwh":75.98,"gas_gwh":100.63,"steam_gwh":0.0,"oil_gwh":3.83,"ghg_kt":49.05,"density":165.36,"eui_med":73.5,"ghgi_med":4.79,"elec_share":0.421,"mix":{"Healthcare":114.58,"Multifamily":43.73,"Office":7.63,"Other":7.34,"Education":5.75,"Retail & Hotel":1.46},"top":[{"name":"Maimonides - Main Campus","addr":"4802 10th Avenue","type":"Healthcare","gwh":87.07,"eui":331.7},{"name":"938-980 48th Street","addr":"980 48th Street","type":"Healthcare","gwh":12.45,"eui":216.5},{"name":"Maimonides - 1024 48th Street","addr":"1024 48th Street","type":"Healthcare","gwh":9.38,"eui":60.3},{"name":"Boro Park Center","addr":"4915 10th Ave","type":"Healthcare","gwh":5.68,"eui":66.4},{"name":"Maimonides - 4723 10th Avenue","addr":"4723 10th Avenue","type":"Other","gwh":4.95,"eui":215.7}]},"geometry":{"type":"Polygon","coordinates":[[[-73.98906,40.64412],[-74.00556,40.63308],[-74.00956,40.63549],[-73.99605,40.64834],[-73.98906,40.64412]]]}},{"type":"Feature","id":32,"properties":{"nta":"BK1202","name":"Borough Park","boro":"Brooklyn","area_km2":3.761,"n":181,"gfa_msf":10.43,"energy_gwh":201.08,"elec_gwh":59.62,"gas_gwh":136.74,"steam_gwh":0.0,"oil_gwh":4.67,"ghg_kt":49.39,"density":53.47,"eui_med":71.7,"ghgi_med":5.02,"elec_share":0.297,"mix":{"Multifamily":131.87,"Education":42.81,"Office":10.54,"Other":7.89,"Retail & Hotel":5.32,"Healthcare":2.65},"top":[{"name":"Landy Michaels Rlty Corp","addr":"3611 14th Ave","type":"Office","gwh":6.67,"eui":51.5},{"name":"K105 (OECID: 0300115; BBL: 3057020001)","addr":"1031 59th Street","type":"Education","gwh":3.38,"eui":88.2},{"name":"K223 (OECID: 0300228; BBL: 3053620021)","addr":"4200 16th Avenue","type":"Education","gwh":3.02,"eui":70.9},{"name":"K160, K521 (OECID: 0300163; BBL: 3056530021; 3056530055)","addr":"5105 Fort Hamilton Parkway","type":"Education","gwh":2.98,"eui":85.6},{"name":"K180 (OECID: 0300183; BBL: 3054920001)","addr":"5601 16th Avenue","type":"Education","gwh":2.67,"eui":62.8}]},"geometry":{"type":"Polygon","coordinates":[[[-73.97605,40.63128],[-73.97717,40.63075],[-73.97658,40.62757],[-73.97752,40.62798],[-73.98214,40.62353],[-73.9844,40.62489],[-73.9861,40.62318],[-73.9883,40.62451],[-73.99009,40.62279],[-73.99679,40.62683],[-73.99724,40.62529],[-74.00251,40.62847],[-74.00193,40.62903],[-74.00702,40.63211],[-73.98835,40.64456],[-73.98299,40.64132],[-73.98042,40.64239],[-73.97911,40.63544],[-73.97689,40.63567],[-73.97605,40.63128]]]}},{"type":"Feature","id":33,"properties":{"nta":"BK1203","name":"Kensington","boro":"Brooklyn","area_km2":1.623,"n":130,"gfa_msf":9.21,"energy_gwh":195.49,"elec_gwh":35.93,"gas_gwh":157.51,"steam_gwh":0.0,"oil_gwh":2.0,"ghg_kt":43.18,"density":120.44,"eui_med":71.2,"ghgi_med":4.58,"elec_share":0.184,"mix":{"Multifamily":161.73,"Education":31.47,"Retail & Hotel":1.44,"Other":0.85},"top":[{"name":"K062 (OECID: 0300082; BBL: 3053910001)","addr":"700 Cortelyou Road","type":"Education","gwh":14.72,"eui":314.8},{"name":"Century - 135 Ocean Parkway","addr":"135 OCEAN PARKWAY","type":"Multifamily","gwh":7.01,"eui":69.0},{"name":"PARK TOWERS OWNERS, INC.","addr":"370 Ocean Parkway","type":"Multifamily","gwh":3.77,"eui":115.1},{"name":"K338 (OECID: 0301995; BBL: 3053420006)","addr":"21 Hinckley Place","type":"Education","gwh":3.54,"eui":105.2},{"name":"JK: 303 Beverly Road","addr":"303 Beverly Road","type":"Multifamily","gwh":3.52,"eui":58.7}]},"geometry":{"type":"Polygon","coordinates":[[[-73.97605,40.63128],[-73.97689,40.63567],[-73.97911,40.63544],[-73.98042,40.64239],[-73.98299,40.64132],[-73.98835,40.64456],[-73.98181,40.64713],[-73.97527,40.64783],[-73.97327,40.64758],[-73.9714,40.64826],[-73.96804,40.63665],[-73.97029,40.63641],[-73.96987,40.63419],[-73.97605,40.63128]]]}},{"type":"Feature","id":34,"properties":{"nta":"BK1204","name":"Mapleton-Midwood (West)","boro":"Brooklyn","area_km2":2.913,"n":91,"gfa_msf":6.46,"energy_gwh":124.41,"elec_gwh":34.25,"gas_gwh":79.49,"steam_gwh":0.0,"oil_gwh":10.45,"ghg_kt":30.5,"density":42.71,"eui_med":69.0,"ghgi_med":4.43,"elec_share":0.275,"mix":{"Multifamily":84.02,"Education":16.24,"Retail & Hotel":10.77,"Office":8.64,"Other":4.01,"Healthcare":0.74},"top":[{"name":"Lesser group  -  1080 McDonald Ave","addr":"1080 MCDONALD AVE.","type":"Retail & Hotel","gwh":6.25,"eui":163.4},{"name":"K505 (OECID: 0300354; BBL: 3055060006)","addr":"5800 20th Avenue","type":"Education","gwh":5.61,"eui":56.4},{"name":"Kings Oaks Terrace Coop - 840 E 8th Street","addr":"903 East 7 Street","type":"Multifamily","gwh":4.35,"eui":67.7},{"name":"996-1000 Ocean Parkway","addr":"996-1000 Ocean Parkway","type":"Multifamily","gwh":4.34,"eui":95.9},{"name":"NY_0014- CALKO MEDICAL CENTER","addr":"6010 Bay Parkway","type":"Office","gwh":4.09,"eui":163.3}]},"geometry":{"type":"Polygon","coordinates":[[[-73.96286,40.61255],[-73.96478,40.61233],[-73.9643,40.60978],[-73.97403,40.6087],[-73.97478,40.61264],[-73.98628,40.61957],[-73.98569,40.62013],[-73.99009,40.62279],[-73.9883,40.62451],[-73.9861,40.62318],[-73.9844,40.62489],[-73.98214,40.62353],[-73.97752,40.62798],[-73.97658,40.62757],[-73.97623,40.62598],[-73.97092,40.62657],[-73.97137,40.62893],[-73.96608,40.62954],[-73.96286,40.61255]]]}},{"type":"Feature","id":35,"properties":{"nta":"BK1301","name":"Gravesend (South)","boro":"Brooklyn","area_km2":2.4,"n":78,"gfa_msf":12.08,"energy_gwh":294.5,"elec_gwh":73.12,"gas_gwh":208.83,"steam_gwh":0.0,"oil_gwh":12.49,"ghg_kt":69.76,"density":122.7,"eui_med":63.6,"ghgi_med":4.45,"elec_share":0.248,"mix":{"Multifamily":197.86,"Healthcare":60.89,"Education":27.25,"Other":6.66,"Retail & Hotel":1.83},"top":[{"name":"MARLBORO","addr":"29 AVENUE W","type":"Multifamily","gwh":67.33,"eui":125.5},{"name":"H+H_4308_Coney Island Hospital","addr":"2601 Ocean Pkwy","type":"Healthcare","gwh":60.49,"eui":192.6},{"name":"2475 West 16 Street","addr":"2475 W. 16TH ST.","type":"Multifamily","gwh":10.54,"eui":85.3},{"name":"MSR Waterview Towers_","addr":"2630 Cropsey Avenue/","type":"Multifamily","gwh":9.49,"eui":82.9},{"name":"Campus K540-0300383 & K722-0301936 (BBL: 3071850020)","addr":"50 Avenue X","type":"Education","gwh":7.5,"eui":55.5}]},"geometry":{"type":"Polygon","coordinates":[[[-73.98071,40.594],[-73.9777,40.59219],[-73.97751,40.59114],[-73.97557,40.58995],[-73.96068,40.5916],[-73.96026,40.58503],[-73.96786,40.58451],[-73.969,40.58406],[-73.97743,40.58291],[-73.98482,40.58417],[-73.98493,40.5846],[-73.9871,40.58464],[-73.98654,40.58366],[-73.9883,40.58347],[-73.98882,40.58437],[-73.99154,40.58647],[-73.99259,40.58811],[-73.99809,40.58536],[-73.99971,40.58569],[-73.99936,40.58638],[-73.99815,40.58653],[-73.99417,40.58838],[-73.99566,40.58794],[-73.99422,40.58887],[-73.99796,40.58727],[-73.99488,40.58877],[-73.99535,40.58933],[-74.00043,40.58654],[-74.00038,40.58713],[-73.99376,40.59033],[-73.99331,40.58958],[-73.99154,40.59039],[-73.99036,40.59143],[-73.98962,40.59098],[-73.98602,40.59445],[-73.98464,40.59355],[-73.98071,40.594]]]}},{"type":"Feature","id":36,"properties":{"nta":"BK1302","name":"Coney Island-Sea Gate","boro":"Brooklyn","area_km2":4.421,"n":101,"gfa_msf":26.82,"energy_gwh":558.99,"elec_gwh":156.82,"gas_gwh":396.05,"steam_gwh":0.0,"oil_gwh":6.02,"ghg_kt":134.9,"density":126.44,"eui_med":68.5,"ghgi_med":4.86,"elec_share":0.281,"mix":{"Multifamily":446.7,"Other":35.66,"Healthcare":26.45,"Education":26.26,"Retail & Hotel":20.43,"Office":3.49},"top":[{"name":"440/458-464 Neptune Avenue & 2915 West 5th Street - Parent Property","addr":"458-464 Neptune Avenue","type":"Multifamily","gwh":37.08,"eui":72.8},{"name":"CAREY GARDENS","addr":"2946 WEST 23RD STREET","type":"Multifamily","gwh":33.94,"eui":157.1},{"name":"458-464 Neptune Avenue","addr":"460 Neptune Avenue","type":"Multifamily","gwh":30.07,"eui":164.5},{"name":"2928-2944 West 5th Street - Parent Property","addr":"2928-2944 West 5th Street","type":"Multifamily","gwh":29.5,"eui":79.0},{"name":"2940-2944 West 5th Street","addr":"2942 West 5th Street","type":"Multifamily","gwh":26.78,"eui":143.0}]},"geometry":{"type":"Polygon","coordinates":[[[-73.96662,40.58457],[-73.96889,40.57526],[-73.96575,40.57479],[-73.95942,40.57518],[-73.95939,40.57391],[-73.96839,40.57315],[-73.96945,40.57286],[-73.96925,40.5723],[-73.96956,40.57281],[-73.97085,40.57277],[-73.97135,40.5726],[-73.97118,40.57194],[-73.97161,40.57263],[-73.9725,40.57258],[-73.97335,40.57232],[-73.97325,40.57163],[-73.97373,40.57229],[-73.97547,40.57197],[-73.97541,40.57142],[-73.97593,40.57202],[-73.97727,40.57186],[-73.97766,40.57173],[-73.97767,40.57117],[-73.97808,40.57123],[-73.97772,40.57125],[-73.97781,40.57176],[-73.97845,40.57189],[-73.97985,40.57154],[-73.97943,40.57122],[-73.98021,40.57173],[-73.98204,40.57148],[-73.98157,40.57125],[-73.98226,40.57157],[-73.98367,40.57141],[-73.9834,40.57017],[-73.98304,40.57015],[-73.98339,40.57009],[-73.98336,40.56953],[-73.98349,40.57009],[-73.98384,40.57011],[-73.98349,40.57016],[-73.98376,40.5714],[-73.99026,40.57071],[-73.99077,40.5706],[-73.99079,40.57025],[-73.99119,40.57061],[-73.99298,40.5702],[-73.99494,40.57035],[-73.99519,40.57002],[-73.99529,40.57032],[-74.00078,40.57049],[-74.00201,40.57021],[-74.00209,40.56959],[-74.00249,40.57174],[-74.0048,40.57288],[-74.01116,40.57417],[-74.01202,40.57489],[-74.01302,40.5778],[-74.01148,40.58008],[-74.00745,40.5818],[-74.00605,40.58198],[-74.00056,40.5813],[-73.99818,40.58173],[-73.99776,40.58145],[-73.99772,40.58071],[-73.99183,40.57925],[-73.99036,40.57942],[-73.98843,40.57882],[-73.98739,40.57909],[-73.9867,40.57981],[-73.98702,40.58002],[-73.98589,40.58114],[-73.98605,40.58172],[-73.98684,40.58123],[-73.98804,40.57963],[-73.98996,40.58066],[-73.9883,40.58347],[-73.98654,40.58366],[-73.9871,40.58464],[-73.98493,40.5846],[-73.98482,40.58417],[-73.97743,40.58291],[-73.96662,40.58457]]]}},{"type":"Feature","id":37,"properties":{"nta":"BK1303","name":"Brighton Beach","boro":"Brooklyn","area_km2":1.26,"n":144,"gfa_msf":11.74,"energy_gwh":240.23,"elec_gwh":47.09,"gas_gwh":192.36,"steam_gwh":0.0,"oil_gwh":0.72,"ghg_kt":53.54,"density":190.63,"eui_med":69.5,"ghgi_med":4.5,"elec_share":0.196,"mix":{"Multifamily":218.31,"Education":9.05,"Healthcare":5.86,"Retail & Hotel":3.65,"Other":2.22,"Office":1.13},"top":[{"name":"Tower Owners Inc - Campus","addr":"35 Seacoast Terrace; 1311 Brightwater Avenue","type":"Multifamily","gwh":16.73,"eui":82.4},{"name":"2865 Brighton 3rd Street","addr":"2865 Brighton 3rd Street","type":"Healthcare","gwh":5.86,"eui":180.3},{"name":"Brighton House","addr":"500 Brightwater Court","type":"Multifamily","gwh":5.05,"eui":87.9},{"name":"Oriental Boulevard Company","addr":"160 West End Avenue","type":"Multifamily","gwh":4.24,"eui":92.7},{"name":"K620 (OECID: 0300380; BBL: 3072610201)","addr":"25 Brighton 4th Road","type":"Education","gwh":4.24,"eui":60.3}]},"geometry":{"type":"Polygon","coordinates":[[[-73.9524,40.57425],[-73.95569,40.57433],[-73.95635,40.57421],[-73.95635,40.5738],[-73.95657,40.57417],[-73.95843,40.57409],[-73.95897,40.57395],[-73.95899,40.57343],[-73.95939,40.57391],[-73.95942,40.57518],[-73.96575,40.57479],[-73.96889,40.57526],[-73.96662,40.58457],[-73.96026,40.58503],[-73.96005,40.58327],[-73.95911,40.58286],[-73.95723,40.58315],[-73.95646,40.58266],[-73.95414,40.58311],[-73.9524,40.57425]]]}},{"type":"Feature","id":38,"properties":{"nta":"BK1401","name":"Flatbush","boro":"Brooklyn","area_km2":2.232,"n":365,"gfa_msf":23.84,"energy_gwh":514.14,"elec_gwh":108.44,"gas_gwh":391.86,"steam_gwh":8.29,"oil_gwh":5.33,"ghg_kt":116.85,"density":230.36,"eui_med":75.5,"ghgi_med":4.82,"elec_share":0.211,"mix":{"Multifamily":465.32,"Education":18.29,"Retail & Hotel":16.92,"Other":6.79,"Healthcare":4.19,"Office":2.63},"top":[{"name":"K405 (OECID: 0300370; BBL: 3075530041)","addr":"2893 Bedford Avenue","type":"Education","gwh":9.59,"eui":141.6},{"name":"3002 AVENUE H - [3002 Avenue H] 2201 Nostrand Ave","addr":"2201 Nostrand Ave","type":"Retail & Hotel","gwh":7.79,"eui":31.6},{"name":"K152 (OECID: 0300154; BBL: 3075510026)","addr":"725 East 23rd Street","type":"Education","gwh":4.72,"eui":87.2},{"name":"800 Flatbush","addr":"800 Flatbush","type":"Multifamily","gwh":4.3,"eui":52.2},{"name":"800 Flatbush Avenue","addr":"2119 CATON AVENUE","type":"Multifamily","gwh":4.3,"eui":52.2}]},"geometry":{"type":"Polygon","coordinates":[[[-73.9563,40.65505],[-73.95583,40.65053],[-73.95871,40.65039],[-73.95811,40.64652],[-73.95565,40.64663],[-73.95473,40.64477],[-73.95413,40.63916],[-73.9536,40.63842],[-73.94826,40.63861],[-73.94777,40.634],[-73.94587,40.63412],[-73.94562,40.63178],[-73.94648,40.63171],[-73.94416,40.62951],[-73.95685,40.62812],[-73.95938,40.64147],[-73.96319,40.63967],[-73.96409,40.64441],[-73.96501,40.6443],[-73.96547,40.64671],[-73.96454,40.6468],[-73.9649,40.64872],[-73.96219,40.64979],[-73.96302,40.65153],[-73.96465,40.65089],[-73.96621,40.65319],[-73.95986,40.65563],[-73.9597,40.65484],[-73.9563,40.65505]]]}},{"type":"Feature","id":39,"properties":{"nta":"BK1402","name":"Flatbush (West)-Ditmas Park-Parkville","boro":"Brooklyn","area_km2":2.128,"n":174,"gfa_msf":11.16,"energy_gwh":230.34,"elec_gwh":46.96,"gas_gwh":174.98,"steam_gwh":0.0,"oil_gwh":8.35,"ghg_kt":52.29,"density":108.25,"eui_med":75.4,"ghgi_med":4.85,"elec_share":0.204,"mix":{"Multifamily":212.08,"Education":16.24,"Office":1.5,"Healthcare":0.52},"top":[{"name":"Narrows Management: 570 Westminster Road","addr":"570 Westminster Road","type":"Multifamily","gwh":4.36,"eui":62.7},{"name":"The Daniel Webster Owners Corp","addr":"345 Webster Avenue","type":"Multifamily","gwh":3.48,"eui":74.9},{"name":"Maxwell: 915 E 17th St.","addr":"915 EAST 17TH STREET","type":"Multifamily","gwh":3.15,"eui":73.4},{"name":"870 Ocean Parkway - 39954","addr":"870 Ocean Parkway","type":"Multifamily","gwh":3.12,"eui":76.1},{"name":"10 Stratford","addr":"10 Stratford Rd","type":"Multifamily","gwh":2.94,"eui":101.8}]},"geometry":{"type":"Polygon","coordinates":[[[-73.95685,40.62812],[-73.95996,40.62778],[-73.96041,40.63016],[-73.96233,40.62997],[-73.97137,40.62893],[-73.97092,40.62657],[-73.97623,40.62598],[-73.97717,40.63075],[-73.96987,40.63419],[-73.97029,40.63641],[-73.96804,40.63665],[-73.9714,40.64826],[-73.96302,40.65153],[-73.96219,40.64979],[-73.9649,40.64872],[-73.96454,40.6468],[-73.96547,40.64671],[-73.96501,40.6443],[-73.96409,40.64441],[-73.96319,40.63967],[-73.95938,40.64147],[-73.95685,40.62812]]]}},{"type":"Feature","id":40,"properties":{"nta":"BK1403","name":"Midwood","boro":"Brooklyn","area_km2":2.993,"n":208,"gfa_msf":13.65,"energy_gwh":276.47,"elec_gwh":53.43,"gas_gwh":210.38,"steam_gwh":0.0,"oil_gwh":10.84,"ghg_kt":59.95,"density":92.37,"eui_med":71.8,"ghgi_med":4.55,"elec_share":0.193,"mix":{"Multifamily":246.44,"Education":19.98,"Office":4.32,"Retail & Hotel":2.98,"Other":1.78,"Healthcare":0.97},"top":[{"name":"K525 (OECID: 0301385; BBL: 3067340109)","addr":"1600 Avenue L","type":"Education","gwh":7.93,"eui":60.1},{"name":"Dermot - The Vitagraph","addr":"1263 East 14 Street","type":"Multifamily","gwh":4.21,"eui":37.1},{"name":"MR: 1255 E 19th St","addr":"1265 EAST 19 ST","type":"Multifamily","gwh":3.77,"eui":75.7},{"name":"Pinnacle - 2400 Nostrand Ave","addr":"2398 Nostrand Avenue","type":"Multifamily","gwh":3.45,"eui":80.2},{"name":"1214 Avenue I LLC - 1214 Avenue I","addr":"1214 Avenue I","type":"Multifamily","gwh":3.35,"eui":317.6}]},"geometry":{"type":"Polygon","coordinates":[[[-73.95996,40.62778],[-73.94733,40.62917],[-73.94642,40.62439],[-73.94542,40.6245],[-73.94452,40.61971],[-73.94651,40.61949],[-73.94574,40.61536],[-73.94743,40.61422],[-73.95027,40.61392],[-73.94978,40.61137],[-73.96239,40.60999],[-73.96608,40.62954],[-73.96041,40.63016],[-73.95996,40.62778]]]}},{"type":"Feature","id":41,"properties":{"nta":"BK1501","name":"Gravesend (East)-Homecrest","boro":"Brooklyn","area_km2":3.24,"n":127,"gfa_msf":9.29,"energy_gwh":198.74,"elec_gwh":45.43,"gas_gwh":147.46,"steam_gwh":0.0,"oil_gwh":5.78,"ghg_kt":46.04,"density":61.33,"eui_med":74.9,"ghgi_med":4.78,"elec_share":0.229,"mix":{"Multifamily":163.82,"Education":13.66,"Other":11.3,"Office":4.49,"Healthcare":3.69,"Retail & Hotel":1.79},"top":[{"name":"Century - 1213 Avenue Z (Parent Prop)","addr":"1213 AVENUE Z","type":"Multifamily","gwh":6.47,"eui":107.5},{"name":"1901 Ocean Parkway (Sephardic Community Center)","addr":"1901 Ocean Parkway","type":"Other","gwh":5.34,"eui":159.4},{"name":"1075 SHEEPSHEAD OWNER CORP","addr":"1075 SHEEPSHEAD BAY RD","type":"Multifamily","gwh":3.4,"eui":129.6},{"name":"BUDDY PROPERTIES LLC / 2355","addr":"2355 East 12th Street","type":"Multifamily","gwh":3.38,"eui":92.4},{"name":"1230 Avenue  Y","addr":"1230 Avenue Y","type":"Multifamily","gwh":3.17,"eui":61.0}]},"geometry":{"type":"Polygon","coordinates":[[[-73.95859,40.6104],[-73.95683,40.60109],[-73.95776,40.60099],[-73.95608,40.5921],[-73.957,40.592],[-73.95619,40.58776],[-73.96035,40.58731],[-73.96068,40.5916],[-73.97557,40.58995],[-73.97751,40.59114],[-73.9777,40.59219],[-73.98071,40.594],[-73.97995,40.59407],[-73.98036,40.59619],[-73.97148,40.59717],[-73.97191,40.59942],[-73.97291,40.59932],[-73.97218,40.60419],[-73.97299,40.60881],[-73.9643,40.60978],[-73.96478,40.61233],[-73.96286,40.61255],[-73.96239,40.60999],[-73.95859,40.6104]]]}},{"type":"Feature","id":42,"properties":{"nta":"BK1502","name":"Madison","boro":"Brooklyn","area_km2":2.544,"n":134,"gfa_msf":8.83,"energy_gwh":180.6,"elec_gwh":37.72,"gas_gwh":130.14,"steam_gwh":0.0,"oil_gwh":12.63,"ghg_kt":41.64,"density":71.0,"eui_med":70.8,"ghgi_med":4.54,"elec_share":0.209,"mix":{"Multifamily":152.29,"Education":20.23,"Healthcare":5.68,"Retail & Hotel":1.57,"Other":0.84},"top":[{"name":"K425, K426 (OECID: 0300367; BBL: 3067880001)","addr":"3787 Bedford Avenue","type":"Education","gwh":9.78,"eui":109.9},{"name":"2525 Kings Highway - 37298","addr":"2525 Kings Highway","type":"Healthcare","gwh":5.68,"eui":155.5},{"name":"3291 Nostrand Avenue","addr":"3291 Nostrand Avenue","type":"Multifamily","gwh":4.31,"eui":70.8},{"name":"3280 NOSTRAND AVENUE","addr":"3280 NOSTRAND AVENUE","type":"Multifamily","gwh":4.23,"eui":66.4},{"name":"2350 Ocean Avenue - 24128","addr":"2350 Ocean Avenue","type":"Multifamily","gwh":3.38,"eui":80.2}]},"geometry":{"type":"Polygon","coordinates":[[[-73.93754,40.60856],[-73.93973,40.60713],[-73.93426,40.60223],[-73.93503,40.60173],[-73.93447,40.60123],[-73.94289,40.60032],[-73.94248,40.5982],[-73.95693,40.59661],[-73.95776,40.60099],[-73.95683,40.60109],[-73.95859,40.6104],[-73.94978,40.61137],[-73.95027,40.61392],[-73.94743,40.61422],[-73.94483,40.61605],[-73.94355,40.60935],[-73.94231,40.60827],[-73.93935,40.61019],[-73.93754,40.60856]]]}},{"type":"Feature","id":43,"properties":{"nta":"BK1503","name":"Sheepshead Bay-Manhattan Beach-Gerritsen Beach","boro":"Brooklyn","area_km2":5.887,"n":164,"gfa_msf":20.22,"energy_gwh":489.26,"elec_gwh":134.74,"gas_gwh":337.79,"steam_gwh":0.0,"oil_gwh":14.35,"ghg_kt":118.44,"density":83.1,"eui_med":72.9,"ghgi_med":4.8,"elec_share":0.275,"mix":{"Multifamily":353.81,"Education":91.68,"Healthcare":20.48,"Retail & Hotel":17.19,"Other":3.45,"Office":2.65},"top":[{"name":"SHEEPSHEAD BAY/NOSTRAND CAMPUS","addr":"2985 AVENUE X","type":"Multifamily","gwh":93.25,"eui":147.4},{"name":"Benchmarking Group - 44","addr":"2001 Oriental Blvd","type":"Education","gwh":54.0,"eui":139.1},{"name":"NOSTRAND (SITES 9-16) - 3074080001","addr":"3040 AVENUE W","type":"Multifamily","gwh":14.95,"eui":91.7},{"name":"Kings Bay Houses Section Two-Full Campus","addr":"3020 Avenue Y","type":"Multifamily","gwh":10.52,"eui":88.0},{"name":"Menorah Center for Rehabilitation and Nursing","addr":"1516 Oriental Blvd","type":"Healthcare","gwh":10.43,"eui":129.3}]},"geometry":{"type":"Polygon","coordinates":[[[-73.92957,40.59682],[-73.91806,40.58644],[-73.91917,40.58596],[-73.92081,40.58598],[-73.92091,40.58559],[-73.92235,40.58602],[-73.9252,40.58581],[-73.92721,40.58772],[-73.92766,40.58747],[-73.92736,40.58802],[-73.92792,40.58755],[-73.92808,40.5877],[-73.9274,40.58821],[-73.9279,40.58795],[-73.92802,40.58807],[-73.92745,40.5883],[-73.92776,40.58866],[-73.92395,40.59114],[-73.9246,40.5912],[-73.92863,40.58857],[-73.92838,40.58898],[-73.92895,40.58891],[-73.92867,40.58914],[-73.92922,40.58881],[-73.92876,40.58915],[-73.93003,40.58943],[-73.93065,40.59029],[-73.93035,40.59255],[-73.92971,40.59312],[-73.93004,40.59306],[-73.92974,40.59314],[-73.92996,40.59401],[-73.93008,40.5936],[-73.93052,40.59388],[-73.93055,40.5942],[-73.93004,40.5941],[-73.93043,40.5944],[-73.93176,40.59428],[-73.93078,40.5945],[-73.9326,40.59493],[-73.93268,40.59424],[-73.93114,40.59201],[-73.9314,40.5918],[-73.93101,40.59193],[-73.93156,40.59129],[-73.93121,40.58953],[-73.93069,40.58882],[-73.93009,40.58899],[-73.93065,40.58867],[-73.9304,40.58847],[-73.92973,40.58861],[-73.93039,40.58844],[-73.92972,40.58756],[-73.93135,40.58733],[-73.93125,40.58685],[-73.92857,40.58706],[-73.92808,40.5867],[-73.92816,40.58586],[-73.92737,40.58601],[-73.92759,40.58625],[-73.92752,40.5864],[-73.9273,40.58587],[-73.92638,40.5853],[-73.92655,40.58558],[-73.92553,40.58498],[-73.92628,40.58535],[-73.92583,40.58495],[-73.92722,40.58478],[-73.9314,40.58608],[-73.93127,40.58544],[-73.93019,40.58509],[-73.9301,40.5845],[-73.93204,40.58423],[-73.93193,40.58287],[-73.93569,40.58328],[-73.93582,40.58302],[-73.93613,40.58331],[-73.9361,40.58295],[-73.93658,40.58324],[-73.93697,40.58323],[-73.93663,40.58297],[-73.93706,40.58298],[-73.93705,40.58308],[-73.93763,40.5831],[-73.93703,40.58313],[-73.93701,40.58302],[-73.93701,40.58323],[-73.93712,40.58335],[-73.94103,40.58307],[-73.94157,40.58361],[-73.94255,40.58351],[-73.94202,40.58311],[-73.9427,40.58351],[-73.94305,40.58349],[-73.94256,40.58313],[-73.9432,40.58349],[-73.94354,40.58347],[-73.94309,40.58313],[-73.94573,40.58354],[-73.94538,40.58318],[-73.94629,40.58357],[-73.9458,40.58319],[-73.94643,40.58356],[-73.94679,40.58355],[-73.94632,40.58321],[-73.94692,40.58355],[-73.94727,40.58353],[-73.94682,40.58319],[-73.94747,40.58353],[-73.95349,40.58299],[-73.9533,40.582],[-73.9497,40.58232],[-73.94274,40.581],[-73.93258,40.58126],[-73.93106,40.57627],[-73.9315,40.57566],[-73.93486,40.57553],[-73.93489,40.57522],[-73.93647,40.57586],[-73.93671,40.57542],[-73.94251,40.57537],[-73.94428,40.5758],[-73.94463,40.57569],[-73.9446,40.57524],[-73.94572,40.57556],[-73.94618,40.5753],[-73.94592,40.57512],[-73.9524,40.57425],[-73.95414,40.58311],[-73.95646,40.58266],[-73.95723,40.58315],[-73.95911,40.58286],[-73.96011,40.58341],[-73.96035,40.58731],[-73.95619,40.58776],[-73.957,40.592],[-73.95608,40.5921],[-73.95693,40.59661],[-73.94248,40.5982],[-73.94289,40.60032],[-73.93447,40.60123],[-73.93503,40.60173],[-73.93355,40.60269],[-73.92813,40.59778],[-73.92957,40.59682]]]}},{"type":"Feature","id":44,"properties":{"nta":"BK1601","name":"Ocean Hill","boro":"Brooklyn","area_km2":1.866,"n":76,"gfa_msf":7.62,"energy_gwh":148.83,"elec_gwh":42.4,"gas_gwh":102.2,"steam_gwh":0.0,"oil_gwh":4.2,"ghg_kt":36.24,"density":79.74,"eui_med":63.3,"ghgi_med":4.69,"elec_share":0.285,"mix":{"Multifamily":113.85,"Education":17.21,"Office":5.63,"Other":5.01,"Retail & Hotel":3.59,"Healthcare":3.55},"top":[{"name":"Atlantic Towers","addr":"214 THOMAS S BOYLAND S","type":"Multifamily","gwh":14.84,"eui":62.5},{"name":"OCEAN HILL APARTMENTS","addr":"24 MOTHER GASTON BOULEVARD","type":"Multifamily","gwh":11.21,"eui":161.7},{"name":"Triborough Pres LLC (2126sara) (2126saraHUD)","addr":"55 Saratoga Avenue","type":"Multifamily","gwh":9.27,"eui":172.9},{"name":"ATA Housing","addr":"249 Thomas S. Boyland Street","type":"Multifamily","gwh":8.24,"eui":37.4},{"name":"SARATOGA VILLAGE","addr":"33 SARATOGA AVENUE","type":"Multifamily","gwh":7.7,"eui":229.5}]},"geometry":{"type":"Polygon","coordinates":[[[-73.91805,40.68721],[-73.90005,40.67689],[-73.92275,40.6671],[-73.92165,40.67887],[-73.9163,40.67858],[-73.91805,40.68721]]]}},{"type":"Feature","id":45,"properties":{"nta":"BK1602","name":"Brownsville","boro":"Brooklyn","area_km2":2.86,"n":119,"gfa_msf":21.49,"energy_gwh":516.34,"elec_gwh":142.92,"gas_gwh":359.31,"steam_gwh":0.0,"oil_gwh":11.91,"ghg_kt":124.9,"density":180.53,"eui_med":65.9,"ghgi_med":4.85,"elec_share":0.277,"mix":{"Multifamily":445.17,"Education":40.31,"Retail & Hotel":18.14,"Other":7.98,"Healthcare":2.83,"Office":1.91},"top":[{"name":"VAN DYKE I/VAN DYKE II","addr":"414 SUTTER AVENUE","type":"Multifamily","gwh":68.38,"eui":135.9},{"name":"GLENMORE PLAZA","addr":"360 MOTHER GASTON BOULEVARD","type":"Multifamily","gwh":37.94,"eui":287.6},{"name":"TILDEN","addr":"300 DUMONT AVENUE","type":"Multifamily","gwh":37.49,"eui":129.7},{"name":"HOWARD","addr":"30 GLENMORE AVENUE","type":"Multifamily","gwh":29.87,"eui":136.2},{"name":"Marcus Garvey Preservation LLC (2127)","addr":"327 Chester Street","type":"Multifamily","gwh":24.15,"eui":141.2}]},"geometry":{"type":"Polygon","coordinates":[[[-73.90347,40.67551],[-73.90043,40.66381],[-73.90145,40.66366],[-73.90066,40.66059],[-73.89965,40.66074],[-73.89879,40.65741],[-73.90049,40.65715],[-73.90318,40.65531],[-73.90784,40.65459],[-73.9074,40.65284],[-73.90856,40.6521],[-73.90933,40.65281],[-73.91012,40.65585],[-73.91236,40.65551],[-73.91818,40.66073],[-73.9191,40.66423],[-73.92166,40.66384],[-73.92439,40.66638],[-73.90347,40.67551]]]}},{"type":"Feature","id":46,"properties":{"nta":"BK1701","name":"East Flatbush-Erasmus","boro":"Brooklyn","area_km2":1.837,"n":185,"gfa_msf":12.33,"energy_gwh":261.01,"elec_gwh":74.08,"gas_gwh":182.47,"steam_gwh":0.0,"oil_gwh":4.35,"ghg_kt":63.1,"density":142.1,"eui_med":74.6,"ghgi_med":4.91,"elec_share":0.284,"mix":{"Multifamily":214.57,"Education":22.8,"Retail & Hotel":7.81,"Healthcare":7.24,"Office":4.49,"Other":4.09},"top":[{"name":"K465 (OECID: 0300352; BBL: 3051030010)","addr":"911 Flatbush Avenue","type":"Education","gwh":10.52,"eui":77.9},{"name":"TMG - 123 Linden - PLG","addr":"123 LINDEN BOULEVARD","type":"Multifamily","gwh":6.0,"eui":50.8},{"name":"Pinnacle - 222 Lenox Rd","addr":"222 Lenox Road","type":"Multifamily","gwh":4.92,"eui":114.6},{"name":"221 Linden Boulevard (Parent Property)","addr":"221 Linden Boulevard","type":"Multifamily","gwh":4.77,"eui":92.3},{"name":"PPSP - 221 Linden Blvd","addr":"221 Linden Blvd","type":"Multifamily","gwh":4.6,"eui":89.0}]},"geometry":{"type":"Polygon","coordinates":[[[-73.9424,40.65588],[-73.94189,40.65117],[-73.94283,40.65111],[-73.94263,40.64934],[-73.94312,40.64931],[-73.943,40.64859],[-73.94353,40.64858],[-73.94337,40.64711],[-73.94434,40.64708],[-73.94417,40.64543],[-73.94607,40.64531],[-73.94587,40.64342],[-73.94779,40.64331],[-73.94744,40.64005],[-73.94841,40.63999],[-73.94826,40.63861],[-73.9536,40.63842],[-73.95413,40.63916],[-73.95473,40.64477],[-73.95565,40.64663],[-73.95811,40.64652],[-73.95871,40.65039],[-73.95583,40.65053],[-73.95639,40.65587],[-73.95016,40.65626],[-73.95007,40.65542],[-73.9424,40.65588]]]}},{"type":"Feature","id":47,"properties":{"nta":"BK1702","name":"East Flatbush-Farragut","boro":"Brooklyn","area_km2":2.241,"n":55,"gfa_msf":4.74,"energy_gwh":126.49,"elec_gwh":30.37,"gas_gwh":92.36,"steam_gwh":0.0,"oil_gwh":3.57,"ghg_kt":29.57,"density":56.44,"eui_med":78.3,"ghgi_med":5.65,"elec_share":0.24,"mix":{"Multifamily":104.57,"Education":12.64,"Retail & Hotel":6.52,"Other":2.77},"top":[{"name":"1401 New York Ave","addr":"1401 New York Avenue","type":"Multifamily","gwh":14.02,"eui":130.7},{"name":"1351 New York","addr":"1351 New York Avenue","type":"Multifamily","gwh":13.96,"eui":115.6},{"name":"1402 Brooklyn Avenue","addr":"1402 Brooklyn Avenue","type":"Multifamily","gwh":12.88,"eui":148.6},{"name":"1350 New York Avenue","addr":"1350 New York Avenue","type":"Multifamily","gwh":11.82,"eui":97.9},{"name":"1402 New York Avenue","addr":"1402 New York Avenue","type":"Multifamily","gwh":9.73,"eui":119.7}]},"geometry":{"type":"Polygon","coordinates":[[[-73.93738,40.6449],[-73.93728,40.64396],[-73.92572,40.64467],[-73.92538,40.64238],[-73.92652,40.63649],[-73.92745,40.63526],[-73.93727,40.63465],[-73.93702,40.63231],[-73.94562,40.63178],[-73.94587,40.63412],[-73.94777,40.634],[-73.94841,40.63999],[-73.94744,40.64005],[-73.94779,40.64331],[-73.94587,40.64342],[-73.94607,40.64531],[-73.94417,40.64543],[-73.94434,40.64708],[-73.94337,40.64711],[-73.94331,40.64653],[-73.9428,40.64654],[-73.94261,40.64466],[-73.93738,40.6449]]]}},{"type":"Feature","id":48,"properties":{"nta":"BK1703","name":"East Flatbush-Rugby","boro":"Brooklyn","area_km2":2.527,"n":63,"gfa_msf":4.53,"energy_gwh":119.02,"elec_gwh":27.93,"gas_gwh":88.14,"steam_gwh":0.0,"oil_gwh":2.87,"ghg_kt":27.68,"density":47.09,"eui_med":84.7,"ghgi_med":5.25,"elec_share":0.235,"mix":{"Multifamily":48.83,"Other":46.41,"Education":23.78},"top":[{"name":"Kingsbrook Jewish Medical Center","addr":"585 Schenectady Ave","type":"Other","gwh":35.97,"eui":163.2},{"name":"595-665 East 56 LLC","addr":"5700 Avenue D","type":"Other","gwh":8.91,"eui":184.1},{"name":"K415, AF K416 (OECID: 0300372, 0301729; BBL: 3047420001)","addr":"5800 Tilden Avenue","type":"Education","gwh":4.85,"eui":55.8},{"name":"654 Clarkson Avenue - 37498","addr":"654 Clarkson Avenue","type":"Multifamily","gwh":4.02,"eui":97.5},{"name":"K232 (OECID: 0300236; BBL: 3046060025)","addr":"905 Winthrop Street","type":"Education","gwh":3.07,"eui":71.5}]},"geometry":{"type":"Polygon","coordinates":[[[-73.9209,40.65363],[-73.91974,40.64278],[-73.9233,40.63992],[-73.92357,40.6425],[-73.9255,40.64238],[-73.92572,40.64467],[-73.93728,40.64396],[-73.93738,40.6449],[-73.93261,40.64525],[-73.933,40.64879],[-73.93871,40.64852],[-73.93886,40.64957],[-73.94263,40.64934],[-73.94283,40.65111],[-73.94189,40.65117],[-73.9424,40.65588],[-73.9309,40.65661],[-73.93108,40.6583],[-73.934,40.65812],[-73.93423,40.66042],[-73.93133,40.66059],[-73.93161,40.66356],[-73.93068,40.66362],[-73.92464,40.65818],[-73.92541,40.65768],[-73.9209,40.65363]]]}},{"type":"Feature","id":49,"properties":{"nta":"BK1704","name":"East Flatbush-Remsen Village","boro":"Brooklyn","area_km2":1.709,"n":101,"gfa_msf":8.04,"energy_gwh":301.1,"elec_gwh":92.95,"gas_gwh":202.6,"steam_gwh":0.0,"oil_gwh":5.21,"ghg_kt":74.62,"density":176.23,"eui_med":84.8,"ghgi_med":5.52,"elec_share":0.309,"mix":{"Healthcare":172.03,"Multifamily":110.33,"Education":18.74},"top":[{"name":"Brookdale Hospital - Parent Property","addr":"One Brookdale Plaza","type":"Healthcare","gwh":75.57,"eui":250.6},{"name":"Brookdale Hospital Medical Center","addr":"1275 Linden Boulevard","type":"Healthcare","gwh":73.55,"eui":326.9},{"name":"One Brooklyn Health - 1 Brookdale Plaza","addr":"1275 LINDEN BOULEVARD","type":"Healthcare","gwh":19.96,"eui":133.0},{"name":"Rutland Road","addr":"1022 East 93 Street","type":"Multifamily","gwh":9.72,"eui":62.8},{"name":"9720 Kings Highway","addr":"9720 Kings Highway","type":"Multifamily","gwh":3.49,"eui":104.9}]},"geometry":{"type":"Polygon","coordinates":[[[-73.90856,40.6521],[-73.91995,40.64471],[-73.9209,40.65363],[-73.92541,40.65768],[-73.92464,40.65818],[-73.93068,40.66362],[-73.92439,40.66638],[-73.92166,40.66384],[-73.9191,40.66423],[-73.91818,40.66073],[-73.91236,40.65551],[-73.91012,40.65585],[-73.90933,40.65281],[-73.90856,40.6521]]]}},{"type":"Feature","id":50,"properties":{"nta":"BK1801","name":"Flatlands","boro":"Brooklyn","area_km2":5.048,"n":71,"gfa_msf":7.07,"energy_gwh":171.41,"elec_gwh":39.25,"gas_gwh":126.02,"steam_gwh":0.0,"oil_gwh":5.65,"ghg_kt":39.86,"density":33.96,"eui_med":65.5,"ghgi_med":4.48,"elec_share":0.229,"mix":{"Multifamily":137.02,"Healthcare":10.33,"Education":9.87,"Other":7.2,"Office":6.25,"Retail & Hotel":0.75},"top":[{"name":"GLENWOOD","addr":"925 EAST 56TH STREET","type":"Multifamily","gwh":42.58,"eui":121.3},{"name":"AKAM - 1655 Flatbush Avenue","addr":"1655 Flatbush Avenue","type":"Multifamily","gwh":21.83,"eui":102.9},{"name":"MSHS. MSBI Brooklyn","addr":"Kings Highway Division","type":"Healthcare","gwh":9.17,"eui":247.1},{"name":"2401-2425 Nostrand Ave","addr":"2401 NOSTRAND AVE","type":"Multifamily","gwh":4.72,"eui":65.5},{"name":"AKAM - 1270 East 51th Street","addr":"1270 East 51th Street","type":"Multifamily","gwh":4.31,"eui":98.3}]},"geometry":{"type":"Polygon","coordinates":[[[-73.91974,40.64278],[-73.9169,40.61627],[-73.92053,40.61394],[-73.92062,40.61484],[-73.9264,40.61448],[-73.9263,40.61319],[-73.93173,40.61793],[-73.9332,40.61697],[-73.93687,40.62025],[-73.94079,40.6177],[-73.94347,40.61739],[-73.94574,40.61536],[-73.94651,40.61949],[-73.94452,40.61971],[-73.94542,40.6245],[-73.94642,40.62439],[-73.94733,40.62917],[-73.94416,40.62951],[-73.94648,40.63171],[-73.93702,40.63231],[-73.93727,40.63465],[-73.92745,40.63526],[-73.92616,40.63757],[-73.92538,40.64238],[-73.92357,40.6425],[-73.9233,40.63992],[-73.91974,40.64278]]]}},{"type":"Feature","id":51,"properties":{"nta":"BK1802","name":"Marine Park-Mill Basin-Bergen Beach","boro":"Brooklyn","area_km2":5.469,"n":41,"gfa_msf":3.14,"energy_gwh":51.78,"elec_gwh":24.34,"gas_gwh":25.79,"steam_gwh":0.0,"oil_gwh":1.42,"ghg_kt":14.65,"density":9.47,"eui_med":53.0,"ghgi_med":4.13,"elec_share":0.47,"mix":{"Multifamily":19.87,"Education":13.73,"Retail & Hotel":9.04,"Other":6.42,"Office":1.39,"Healthcare":1.33},"top":[{"name":"Century - Fillmore Gardens (Parent Property)","addr":"2012 Pearson Street","type":"Multifamily","gwh":6.05,"eui":70.4},{"name":"Plaza Owners Inc.","addr":"6910 Avenue U","type":"Multifamily","gwh":3.38,"eui":86.1},{"name":"Georgetowne Shopping Center- 12501101","addr":"2183 Ralph Ave","type":"Other","gwh":2.92,"eui":63.5},{"name":"K222 (OECID: 0300227; BBL: 3077060001)","addr":"3301 Quentin Road","type":"Education","gwh":2.62,"eui":79.1},{"name":"K078 (OECID: 0300094; BBL: 3083880002)","addr":"1420 East 68th Street","type":"Education","gwh":2.23,"eui":40.7}]},"geometry":{"type":"Polygon","coordinates":[[[-73.9172,40.63174],[-73.91747,40.63119],[-73.91659,40.63045],[-73.90396,40.62483],[-73.90386,40.62494],[-73.90546,40.62577],[-73.90533,40.62586],[-73.90255,40.62444],[-73.90327,40.62448],[-73.90283,40.62405],[-73.90242,40.62446],[-73.90229,40.62441],[-73.90292,40.62395],[-73.90283,40.6236],[-73.90222,40.62358],[-73.90187,40.62296],[-73.90094,40.6226],[-73.90061,40.62174],[-73.90016,40.62168],[-73.90199,40.62056],[-73.8981,40.61704],[-73.89856,40.61515],[-73.90213,40.61278],[-73.90347,40.61399],[-73.90419,40.61356],[-73.90717,40.61601],[-73.90674,40.6163],[-73.90726,40.61609],[-73.90702,40.61653],[-73.90753,40.61634],[-73.90724,40.61655],[-73.90839,40.61739],[-73.90907,40.61716],[-73.90835,40.61653],[-73.90879,40.61687],[-73.90914,40.61653],[-73.90797,40.61574],[-73.90816,40.6156],[-73.90918,40.61652],[-73.90896,40.61699],[-73.90964,40.61658],[-73.90226,40.61042],[-73.90164,40.60576],[-73.90524,40.60491],[-73.90597,40.60638],[-73.9081,40.60628],[-73.90864,40.60666],[-73.90985,40.606],[-73.90833,40.60407],[-73.91092,40.60351],[-73.91365,40.60398],[-73.91674,40.60681],[-73.91632,40.60868],[-73.91678,40.60877],[-73.91657,40.60942],[-73.91684,40.60876],[-73.91651,40.60863],[-73.91709,40.60882],[-73.91616,40.61052],[-73.9145,40.61165],[-73.91493,40.61396],[-73.91386,40.61464],[-73.91428,40.61494],[-73.91642,40.61357],[-73.91591,40.61385],[-73.91573,40.61362],[-73.91577,40.61354],[-73.91625,40.61363],[-73.91575,40.61338],[-73.9164,40.61345],[-73.91587,40.61291],[-73.91663,40.61344],[-73.91573,40.61183],[-73.91811,40.61021],[-73.91773,40.60978],[-73.91787,40.60933],[-73.91768,40.60966],[-73.91796,40.60879],[-73.91782,40.6093],[-73.91856,40.6085],[-73.91801,40.60815],[-73.91857,40.60849],[-73.91901,40.60827],[-73.91814,40.60765],[-73.91902,40.60826],[-73.91935,40.60804],[-73.91825,40.60723],[-73.9185,40.60707],[-73.9195,40.60797],[-73.91795,40.60621],[-73.91853,40.60611],[-73.91971,40.6073],[-73.92066,40.60675],[-73.92158,40.60764],[-73.92444,40.60579],[-73.92625,40.60741],[-73.92987,40.60507],[-73.93351,40.60834],[-73.93423,40.6079],[-73.93605,40.60951],[-73.93754,40.60856],[-73.93935,40.61019],[-73.94231,40.60827],[-73.94355,40.60935],[-73.94483,40.61605],[-73.94347,40.61739],[-73.94079,40.6177],[-73.93687,40.62025],[-73.9332,40.61697],[-73.93173,40.61793],[-73.9263,40.61319],[-73.9264,40.61448],[-73.92062,40.61484],[-73.92053,40.61394],[-73.9169,40.61627],[-73.9186,40.63207],[-73.9172,40.63174]]]}},{"type":"Feature","id":52,"properties":{"nta":"BK1803","name":"Canarsie","boro":"Brooklyn","area_km2":6.553,"n":48,"gfa_msf":8.16,"energy_gwh":253.79,"elec_gwh":58.84,"gas_gwh":159.42,"steam_gwh":0.0,"oil_gwh":29.05,"ghg_kt":56.21,"density":38.73,"eui_med":74.9,"ghgi_med":5.87,"elec_share":0.232,"mix":{"Multifamily":164.39,"Education":49.05,"Other":24.91,"Healthcare":11.83,"Retail & Hotel":3.27,"Office":0.33},"top":[{"name":"BREUKELEN","addr":"757 EAST 103RD STREET","type":"Multifamily","gwh":83.07,"eui":165.9},{"name":"BAY VIEW","addr":"2045 ROCKAWAY PARKWAY","type":"Multifamily","gwh":67.6,"eui":128.5},{"name":"Benchmarking Group - 146","addr":"6565 Flatlands Ave","type":"Education","gwh":8.23,"eui":56.9},{"name":"DOE_6802_K515","addr":"6565 Flatlands Ave","type":"Education","gwh":8.19,"eui":57.2},{"name":"Green Light Energy Conservation:1555 ROCKAWAY PARKWAY","addr":"1555 ROCKAWAY PARKWAY","type":"Healthcare","gwh":7.47,"eui":220.8}]},"geometry":{"type":"MultiPolygon","coordinates":[[[[-73.88847,40.6469],[-73.8885,40.64676],[-73.88853,40.64686],[-73.88847,40.6469]]],[[[-73.89122,40.64999],[-73.89057,40.64921],[-73.89102,40.64934],[-73.8911,40.64881],[-73.8888,40.64605],[-73.88938,40.64697],[-73.88887,40.64722],[-73.8886,40.64671],[-73.88808,40.64662],[-73.88829,40.64604],[-73.88741,40.64533],[-73.88806,40.64512],[-73.8873,40.6452],[-73.88624,40.64382],[-73.88374,40.64245],[-73.88079,40.63976],[-73.88594,40.63623],[-73.88289,40.63344],[-73.88544,40.6314],[-73.88748,40.63012],[-73.8889,40.62992],[-73.89011,40.62898],[-73.89209,40.62866],[-73.89227,40.62911],[-73.89082,40.63085],[-73.89277,40.63181],[-73.89955,40.62747],[-73.90146,40.62523],[-73.91446,40.63099],[-73.91606,40.63203],[-73.9172,40.63174],[-73.9186,40.63207],[-73.91995,40.64471],[-73.9183,40.64581],[-73.90945,40.65152],[-73.90398,40.64663],[-73.89586,40.65188],[-73.89761,40.65345],[-73.89355,40.6552],[-73.89001,40.65115],[-73.89122,40.64999]]]]}},{"type":"Feature","id":53,"properties":{"nta":"BX0101","name":"Mott Haven-Port Morris","boro":"Bronx","area_km2":3.807,"n":238,"gfa_msf":31.48,"energy_gwh":813.81,"elec_gwh":245.0,"gas_gwh":529.07,"steam_gwh":0.0,"oil_gwh":39.22,"ghg_kt":202.1,"density":213.78,"eui_med":64.7,"ghgi_med":5.25,"elec_share":0.301,"mix":{"Multifamily":601.85,"Education":65.44,"Other":64.84,"Retail & Hotel":57.67,"Office":23.92,"Healthcare":0.09},"top":[{"name":"MITCHEL","addr":"303 EAST 135TH STREET","type":"Multifamily","gwh":72.51,"eui":148.3},{"name":"PATTERSON - Bldg 1-5; 12-15","addr":"2595 3RD AVENUE","type":"Multifamily","gwh":61.07,"eui":128.3},{"name":"MILL BROOK/MILL BROOK EXTENSION CAMPUS","addr":"180 BROOK AVENUE","type":"Multifamily","gwh":55.37,"eui":146.6},{"name":"MILL BROOK (SITES 5-9) - 2025480001","addr":"164 SAINT ANNS AVENUE","type":"Multifamily","gwh":54.39,"eui":160.2},{"name":"MOTT HAVEN","addr":"388 EAST 141ST STREET","type":"Multifamily","gwh":46.32,"eui":155.4}]},"geometry":{"type":"Polygon","coordinates":[[[-73.92663,40.81612],[-73.924,40.81544],[-73.92309,40.8167],[-73.92125,40.81622],[-73.92158,40.81555],[-73.92048,40.81456],[-73.91765,40.81607],[-73.91095,40.81362],[-73.90447,40.81228],[-73.90342,40.81151],[-73.90229,40.80456],[-73.90453,40.80317],[-73.90855,40.79931],[-73.9083,40.79896],[-73.91169,40.79662],[-73.91372,40.79679],[-73.91903,40.79898],[-73.92024,40.79961],[-73.92133,40.80128],[-73.92293,40.80237],[-73.92763,40.8027],[-73.92728,40.80351],[-73.92765,40.80399],[-73.92873,40.8041],[-73.93253,40.80882],[-73.93287,40.81041],[-73.93257,40.81089],[-73.93242,40.81415],[-73.93028,40.81325],[-73.92886,40.81488],[-73.92732,40.81856],[-73.92518,40.81801],[-73.92663,40.81612]]]}},{"type":"Feature","id":54,"properties":{"nta":"BX0102","name":"Melrose","boro":"Bronx","area_km2":1.605,"n":132,"gfa_msf":18.01,"energy_gwh":440.34,"elec_gwh":144.71,"gas_gwh":267.06,"steam_gwh":0.0,"oil_gwh":27.57,"ghg_kt":112.46,"density":274.43,"eui_med":67.2,"ghgi_med":5.19,"elec_share":0.329,"mix":{"Multifamily":334.12,"Healthcare":37.28,"Education":33.53,"Office":17.14,"Other":10.04,"Retail & Hotel":8.25},"top":[{"name":"MELROSE","addr":"681 COURTLANDT AVENUE","type":"Multifamily","gwh":46.52,"eui":161.5},{"name":"SAINT MARYS PARK","addr":"550 CAULDWELL AVENUE","type":"Multifamily","gwh":42.43,"eui":150.4},{"name":"ADAMS","addr":"680 Tinton Avenue","type":"Multifamily","gwh":39.69,"eui":149.4},{"name":"JACKSON (SITES 1-8) - 2024160001","addr":"3080 PARK AVENUE","type":"Multifamily","gwh":37.4,"eui":148.4},{"name":"Benchmarking Group - 88","addr":"234 East 149th St","type":"Healthcare","gwh":34.54,"eui":72.2}]},"geometry":{"type":"Polygon","coordinates":[[[-73.90129,40.82048],[-73.90447,40.81228],[-73.91095,40.81362],[-73.91765,40.81607],[-73.92048,40.81456],[-73.92158,40.81555],[-73.92125,40.81622],[-73.92309,40.8167],[-73.924,40.81544],[-73.92663,40.81612],[-73.92265,40.82049],[-73.91677,40.82439],[-73.91588,40.8241],[-73.91622,40.82347],[-73.91182,40.82204],[-73.90991,40.82255],[-73.90129,40.82048]]]}},{"type":"Feature","id":55,"properties":{"nta":"BX0201","name":"Hunts Point","boro":"Bronx","area_km2":4.184,"n":110,"gfa_msf":9.5,"energy_gwh":183.48,"elec_gwh":87.86,"gas_gwh":85.14,"steam_gwh":0.0,"oil_gwh":10.07,"ghg_kt":52.64,"density":43.85,"eui_med":69.1,"ghgi_med":5.24,"elec_share":0.479,"mix":{"Other":83.56,"Multifamily":75.08,"Education":10.43,"Retail & Hotel":8.68,"Office":5.73},"top":[{"name":"Baldor (155 FCD)","addr":"155 Food Center Dr.","type":"Other","gwh":17.89,"eui":167.3},{"name":"New Fulton Fish Market","addr":"800 Food Center Drive","type":"Other","gwh":10.32,"eui":82.6},{"name":"Hunts Point Terminal Produce Market and Dairyland","addr":"100 Food Center Dr.","type":"Other","gwh":7.29,"eui":21.2},{"name":"1201 Lafayette Avenue and 938 Garrison Avenue (Parent Property)","addr":"1201 Lafayette Avenue and 938 Garrison Avenue","type":"Office","gwh":5.73,"eui":52.5},{"name":"1340 Viele Avenue","addr":"1340 Viele Avenue","type":"Other","gwh":5.69,"eui":67.0}]},"geometry":{"type":"Polygon","coordinates":[[[-73.88245,40.81927],[-73.87806,40.81618],[-73.87663,40.81571],[-73.87673,40.81539],[-73.87239,40.81397],[-73.87057,40.81209],[-73.87055,40.81124],[-73.86811,40.80675],[-73.87175,40.80155],[-73.87355,40.80085],[-73.87527,40.8014],[-73.87586,40.80146],[-73.87593,40.80108],[-73.87814,40.80132],[-73.87823,40.80265],[-73.87921,40.8028],[-73.8837,40.80216],[-73.88372,40.80186],[-73.88505,40.80213],[-73.88727,40.80395],[-73.88796,40.805],[-73.88906,40.80502],[-73.88922,40.80585],[-73.89015,40.80496],[-73.88937,40.80593],[-73.8915,40.80593],[-73.89179,40.80562],[-73.89198,40.80638],[-73.89271,40.80634],[-73.89253,40.80566],[-73.89227,40.8057],[-73.89216,40.8053],[-73.89127,40.80501],[-73.89173,40.80505],[-73.8922,40.80528],[-73.8923,40.80566],[-73.89257,40.80562],[-73.89275,40.80634],[-73.89485,40.80621],[-73.89484,40.80572],[-73.8951,40.80686],[-73.89551,40.8066],[-73.89528,40.80577],[-73.89559,40.80658],[-73.89567,40.80629],[-73.89598,40.80652],[-73.89587,40.80581],[-73.89611,40.8065],[-73.89623,40.80621],[-73.8975,40.80621],[-73.89741,40.8058],[-73.89801,40.80617],[-73.89787,40.80553],[-73.89816,40.80614],[-73.89813,40.80565],[-73.89853,40.80543],[-73.90222,40.80495],[-73.90309,40.80986],[-73.89759,40.81378],[-73.89543,40.81584],[-73.89704,40.8168],[-73.89284,40.82097],[-73.89162,40.82101],[-73.89082,40.82031],[-73.88756,40.82251],[-73.88439,40.82295],[-73.88245,40.81927]]]}},{"type":"Feature","id":56,"properties":{"nta":"BX0202","name":"Longwood","boro":"Bronx","area_km2":1.43,"n":176,"gfa_msf":12.14,"energy_gwh":274.59,"elec_gwh":76.97,"gas_gwh":157.05,"steam_gwh":0.0,"oil_gwh":38.9,"ghg_kt":69.0,"density":192.04,"eui_med":82.0,"ghgi_med":5.95,"elec_share":0.28,"mix":{"Multifamily":228.09,"Education":30.62,"Retail & Hotel":5.9,"Office":5.16,"Healthcare":4.0,"Other":0.81},"top":[{"name":"1000 Fox/960 Simpson Campus","addr":"1000 Fox St/960 Simpson St","type":"Multifamily","gwh":8.51,"eui":70.9},{"name":"Wavecrest PARENT - 941 Hoe Avenue / 951 Hoe Avenue","addr":"951 Hoe Avenue","type":"Multifamily","gwh":7.81,"eui":74.7},{"name":"Progressive - NYCHA - 818 Home Street","addr":"818 Home Street","type":"Multifamily","gwh":7.55,"eui":136.1},{"name":"WEST FARMS ROAD REHAB","addr":"1203 WESTCHESTER AVENUE","type":"Multifamily","gwh":5.87,"eui":90.0},{"name":"Total: 853 Macy","addr":"853 Macy Pl","type":"Multifamily","gwh":4.81,"eui":220.1}]},"geometry":{"type":"Polygon","coordinates":[[[-73.88707,40.82319],[-73.89082,40.82031],[-73.89162,40.82101],[-73.89284,40.82097],[-73.89704,40.8168],[-73.89543,40.81584],[-73.89759,40.81378],[-73.90309,40.80986],[-73.90342,40.81151],[-73.90447,40.81228],[-73.90061,40.82211],[-73.90199,40.82244],[-73.90051,40.82601],[-73.90165,40.82626],[-73.90094,40.82793],[-73.8998,40.82768],[-73.89549,40.82825],[-73.89511,40.82804],[-73.89484,40.82625],[-73.89293,40.82679],[-73.8879,40.82674],[-73.8861,40.82766],[-73.88707,40.82319]]]}},{"type":"Feature","id":57,"properties":{"nta":"BX0301","name":"Morrisania","boro":"Bronx","area_km2":1.283,"n":138,"gfa_msf":13.49,"energy_gwh":291.69,"elec_gwh":90.36,"gas_gwh":187.26,"steam_gwh":0.0,"oil_gwh":13.16,"ghg_kt":72.95,"density":227.33,"eui_med":70.2,"ghgi_med":5.23,"elec_share":0.31,"mix":{"Multifamily":236.55,"Education":25.76,"Healthcare":17.99,"Retail & Hotel":9.56,"Other":1.56,"Office":0.28},"top":[{"name":"FOREST","addr":"1000 TRINITY AVENUE","type":"Multifamily","gwh":56.47,"eui":148.8},{"name":"1276 Fulton Franklin Division","addr":"1276 Fulton Avenue","type":"Healthcare","gwh":15.8,"eui":162.6},{"name":"406 E. 161st Street","addr":"406 E. 161st Street","type":"Multifamily","gwh":6.19,"eui":253.4},{"name":"Elton Parkview II Associates LLC (2032)","addr":"406 East 161st Street","type":"Multifamily","gwh":6.19,"eui":253.3},{"name":"Courtlandt Corners II","addr":"890 Courtlandt Ave,875 Melrose Ave,370 E 162 St","type":"Multifamily","gwh":5.42,"eui":57.9}]},"geometry":{"type":"Polygon","coordinates":[[[-73.89697,40.83434],[-73.8963,40.83354],[-73.89717,40.83037],[-73.8967,40.83041],[-73.8964,40.82876],[-73.89549,40.82825],[-73.8998,40.82768],[-73.90094,40.82793],[-73.90165,40.82626],[-73.90051,40.82601],[-73.90199,40.82244],[-73.90061,40.82211],[-73.90129,40.82048],[-73.90991,40.82255],[-73.91182,40.82204],[-73.91622,40.82347],[-73.91588,40.8241],[-73.91677,40.82439],[-73.91609,40.82484],[-73.91661,40.82499],[-73.91541,40.82577],[-73.91351,40.8248],[-73.91317,40.82546],[-73.91131,40.82485],[-73.91179,40.82643],[-73.91169,40.82776],[-73.90896,40.83023],[-73.90553,40.8291],[-73.90123,40.8355],[-73.89697,40.83434]]]}},{"type":"Feature","id":58,"properties":{"nta":"BX0302","name":"Claremont Village-Claremont (East)","boro":"Bronx","area_km2":0.929,"n":80,"gfa_msf":13.8,"energy_gwh":388.56,"elec_gwh":107.67,"gas_gwh":270.76,"steam_gwh":0.0,"oil_gwh":9.2,"ghg_kt":93.88,"density":418.31,"eui_med":69.3,"ghgi_med":5.09,"elec_share":0.277,"mix":{"Multifamily":315.81,"Education":42.74,"Other":16.25,"Office":7.26,"Healthcare":3.28,"Retail & Hotel":3.22},"top":[{"name":"MORRIS I/MORRIS II/MORRISANIA CAMPUS","addr":"1385 WASHINGTON AVENUE","type":"Multifamily","gwh":80.52,"eui":129.9},{"name":"MORRIS I (SITES 6-10) - 2029100001","addr":"1385 WASHINGTON AVENUE","type":"Multifamily","gwh":62.01,"eui":371.8},{"name":"BUTLER","addr":"1330 WEBSTER AVENUE","type":"Multifamily","gwh":57.73,"eui":130.9},{"name":"WEBSTER","addr":"1270 WEBSTER AVENUE","type":"Multifamily","gwh":29.91,"eui":175.0},{"name":"Benchmarking Group - 15","addr":"161 West 180th St","type":"Education","gwh":19.25,"eui":49.4}]},"geometry":{"type":"Polygon","coordinates":[[[-73.90483,40.84484],[-73.89479,40.84372],[-73.89538,40.84294],[-73.89666,40.84352],[-73.90123,40.8355],[-73.90553,40.8291],[-73.91049,40.83074],[-73.90538,40.83977],[-73.90571,40.83972],[-73.90516,40.84101],[-73.90483,40.84484]]]}},{"type":"Feature","id":59,"properties":{"nta":"BX0303","name":"Crotona Park East","boro":"Bronx","area_km2":1.484,"n":153,"gfa_msf":10.11,"energy_gwh":218.4,"elec_gwh":65.75,"gas_gwh":129.92,"steam_gwh":0.0,"oil_gwh":22.5,"ghg_kt":55.08,"density":147.17,"eui_med":75.0,"ghgi_med":5.29,"elec_share":0.301,"mix":{"Multifamily":171.9,"Education":20.62,"Retail & Hotel":12.42,"Other":11.62,"Office":1.84},"top":[{"name":"Ashkenazy: 961 East 174th St","addr":"961 East 174th Street","type":"Retail & Hotel","gwh":6.1,"eui":145.2},{"name":"Mega Group : 1776 HOE AVENUE","addr":"1776 HOE AVENUE","type":"Other","gwh":5.95,"eui":344.2},{"name":"Compass One","addr":"1493 W. Farms Road","type":"Multifamily","gwh":5.06,"eui":68.2},{"name":"West Farms 1025","addr":"1025 Freeman Street","type":"Multifamily","gwh":4.07,"eui":129.2},{"name":"Metropolitan Realty : 1025-1031 Freeman","addr":"1025-1031 Freeman Street","type":"Multifamily","gwh":4.07,"eui":120.8}]},"geometry":{"type":"Polygon","coordinates":[[[-73.88005,40.8347],[-73.8839,40.8298],[-73.88352,40.82926],[-73.88461,40.82528],[-73.88439,40.82295],[-73.88789,40.82236],[-73.88707,40.82319],[-73.8861,40.82766],[-73.8879,40.82674],[-73.89293,40.82679],[-73.89484,40.82625],[-73.89511,40.82804],[-73.8964,40.82876],[-73.8967,40.83041],[-73.89717,40.83037],[-73.8963,40.83354],[-73.89697,40.83434],[-73.89386,40.8364],[-73.89057,40.8369],[-73.88874,40.83797],[-73.88841,40.83855],[-73.8873,40.83814],[-73.88618,40.84011],[-73.88465,40.83917],[-73.88418,40.83934],[-73.88271,40.83863],[-73.88201,40.83744],[-73.88223,40.83545],[-73.88005,40.8347]]]}},{"type":"Feature","id":60,"properties":{"nta":"BX0401","name":"Concourse-Concourse Village","boro":"Bronx","area_km2":2.462,"n":348,"gfa_msf":33.83,"energy_gwh":735.46,"elec_gwh":216.31,"gas_gwh":468.98,"steam_gwh":0.0,"oil_gwh":44.93,"ghg_kt":182.59,"density":298.7,"eui_med":76.5,"ghgi_med":5.2,"elec_share":0.294,"mix":{"Multifamily":559.58,"Other":58.11,"Education":51.02,"Office":32.44,"Healthcare":21.21,"Retail & Hotel":13.09},"top":[{"name":"773-779 Concourse Village","addr":"773 Concourse Village East","type":"Multifamily","gwh":63.97,"eui":249.0},{"name":"Triboro Center (DOJ)","addr":"1160 Teller Avenue","type":"Healthcare","gwh":17.46,"eui":277.8},{"name":"DCAS_1035_Bronx County Hall of Justice","addr":"265 East 161st St","type":"Office","gwh":13.71,"eui":60.3},{"name":"Bronx Terminal Market - 610 Exterior St - Retail B/F","addr":"610 Exterior Street","type":"Other","gwh":13.34,"eui":111.0},{"name":"Lovett - 1020 Grand Concourse","addr":"1020 Grand Concourse","type":"Multifamily","gwh":9.43,"eui":56.6}]},"geometry":{"type":"Polygon","coordinates":[[[-73.90869,40.83394],[-73.91049,40.83074],[-73.90896,40.83023],[-73.91169,40.82776],[-73.91179,40.82643],[-73.91131,40.82485],[-73.91317,40.82546],[-73.91351,40.8248],[-73.91541,40.82577],[-73.91661,40.82499],[-73.91609,40.82484],[-73.92265,40.82049],[-73.92518,40.81801],[-73.92732,40.81856],[-73.92886,40.81488],[-73.93028,40.81325],[-73.93242,40.81415],[-73.9324,40.82115],[-73.93307,40.82816],[-73.93096,40.82834],[-73.93069,40.82706],[-73.92715,40.82572],[-73.92222,40.83416],[-73.92318,40.83454],[-73.92237,40.83611],[-73.92002,40.83766],[-73.92048,40.83714],[-73.91647,40.83578],[-73.91587,40.83639],[-73.90869,40.83394]]]}},{"type":"Feature","id":61,"properties":{"nta":"BX0402","name":"Highbridge","boro":"Bronx","area_km2":1.212,"n":159,"gfa_msf":12.21,"energy_gwh":300.69,"elec_gwh":82.79,"gas_gwh":180.37,"steam_gwh":0.0,"oil_gwh":36.39,"ghg_kt":74.75,"density":248.04,"eui_med":77.9,"ghgi_med":5.35,"elec_share":0.275,"mix":{"Multifamily":235.4,"Other":42.17,"Education":12.83,"Retail & Hotel":7.66,"Healthcare":2.64},"top":[{"name":"Yankee Stadium","addr":"One East 161st Street","type":"Other","gwh":42.17,"eui":110.7},{"name":"HIGHBRIDGE GARDENS","addr":"1065 UNIVERSITY AVENUE","type":"Multifamily","gwh":27.26,"eui":146.3},{"name":"105 - 145 W. 168 Street","addr":"105 - 145 W. 168 Street","type":"Multifamily","gwh":10.38,"eui":97.1},{"name":"Camber - 1133 Ogden Ave. (Highbridge)","addr":"1133 Ogden Ave.","type":"Multifamily","gwh":8.32,"eui":59.7},{"name":"Total: 941 Jerome Ave","addr":"941 Jerome Ave","type":"Multifamily","gwh":7.43,"eui":206.2}]},"geometry":{"type":"Polygon","coordinates":[[[-73.92286,40.84427],[-73.92282,40.84275],[-73.92132,40.8399],[-73.92224,40.83785],[-73.92237,40.83611],[-73.92403,40.83506],[-73.92538,40.83263],[-73.92826,40.82953],[-73.93034,40.8285],[-73.93307,40.82816],[-73.93361,40.83279],[-73.93314,40.83519],[-73.93052,40.83993],[-73.92862,40.84468],[-73.92805,40.84546],[-73.92393,40.84479],[-73.92286,40.84427]]]}},{"type":"Feature","id":62,"properties":{"nta":"BX0403","name":"Mount Eden-Claremont (West)","boro":"Bronx","area_km2":1.264,"n":265,"gfa_msf":16.71,"energy_gwh":444.01,"elec_gwh":111.03,"gas_gwh":296.39,"steam_gwh":0.0,"oil_gwh":36.09,"ghg_kt":106.66,"density":351.23,"eui_med":89.5,"ghgi_med":5.93,"elec_share":0.25,"mix":{"Multifamily":362.14,"Healthcare":30.18,"Education":22.61,"Office":13.36,"Other":10.15,"Retail & Hotel":5.57},"top":[{"name":"1650 Grand Concourse Division","addr":"1650 Grand Concourse","type":"Healthcare","gwh":28.54,"eui":217.8},{"name":"KM - 1455 Grand Concourse","addr":"1455 Grand Concourse","type":"Multifamily","gwh":12.51,"eui":146.3},{"name":"CubeSmart (NYC) - 812","addr":"1376 Cromwell Avenue","type":"Other","gwh":8.05,"eui":214.9},{"name":"X410, X411 (OECID: 0200228; BBL: 2028170002)","addr":"240 East 172nd Street","type":"Education","gwh":6.12,"eui":61.8},{"name":"SHERIDAN 1511 LLC","addr":"1511-21 Sheridan Ave","type":"Multifamily","gwh":6.09,"eui":101.5}]},"geometry":{"type":"Polygon","coordinates":[[[-73.90483,40.84475],[-73.90502,40.8424],[-73.90953,40.84306],[-73.90888,40.8389],[-73.9091,40.83773],[-73.90963,40.83713],[-73.90793,40.83724],[-73.90538,40.83977],[-73.90869,40.83394],[-73.91587,40.83639],[-73.91647,40.83578],[-73.92048,40.83714],[-73.92002,40.83766],[-73.92237,40.83611],[-73.92224,40.83785],[-73.92131,40.83981],[-73.92282,40.84275],[-73.92265,40.84475],[-73.91338,40.84514],[-73.90483,40.84475]]]}},{"type":"Feature","id":63,"properties":{"nta":"BX0501","name":"University Heights (South)-Morris Heights","boro":"Bronx","area_km2":1.824,"n":232,"gfa_msf":17.34,"energy_gwh":429.35,"elec_gwh":99.54,"gas_gwh":309.53,"steam_gwh":0.0,"oil_gwh":20.0,"ghg_kt":100.29,"density":235.34,"eui_med":82.2,"ghgi_med":5.42,"elec_share":0.232,"mix":{"Multifamily":401.08,"Education":25.41,"Retail & Hotel":1.91,"Other":0.5,"Office":0.45},"top":[{"name":"River Park Residences (rv291)","addr":"10,20,30,40 Richman Plaza","type":"Multifamily","gwh":56.5,"eui":119.5},{"name":"SEDGWICK","addr":"140 WEST 174TH STREET","type":"Multifamily","gwh":34.48,"eui":157.4},{"name":"HVPG - Riverview - 1600 Sedgwick Avenue","addr":"1600 Sedgwick Avenue","type":"Multifamily","gwh":11.17,"eui":91.6},{"name":"1950 Andrews Avenue","addr":"1950 Andrews Avenue","type":"Multifamily","gwh":10.11,"eui":126.8},{"name":"1750 Sedgwick Avenue","addr":"1750 Sedgwick Avenue","type":"Multifamily","gwh":7.0,"eui":79.7}]},"geometry":{"type":"Polygon","coordinates":[[[-73.90487,40.85869],[-73.90566,40.8574],[-73.90468,40.85706],[-73.90522,40.8562],[-73.91058,40.85018],[-73.91419,40.84513],[-73.92265,40.84475],[-73.92286,40.84427],[-73.92393,40.84479],[-73.92805,40.84546],[-73.92465,40.84979],[-73.92256,40.85319],[-73.9208,40.85538],[-73.9203,40.85525],[-73.92053,40.85569],[-73.91902,40.8574],[-73.91741,40.85705],[-73.91719,40.85592],[-73.91721,40.85684],[-73.91616,40.85878],[-73.91508,40.85919],[-73.91543,40.85873],[-73.91328,40.85962],[-73.91057,40.85862],[-73.90967,40.85748],[-73.90777,40.85961],[-73.90487,40.85869]]]}},{"type":"Feature","id":64,"properties":{"nta":"BX0502","name":"Mount Hope","boro":"Bronx","area_km2":1.178,"n":244,"gfa_msf":14.92,"energy_gwh":341.79,"elec_gwh":90.35,"gas_gwh":198.22,"steam_gwh":0.0,"oil_gwh":53.02,"ghg_kt":84.92,"density":290.1,"eui_med":83.5,"ghgi_med":5.78,"elec_share":0.264,"mix":{"Multifamily":295.1,"Other":16.69,"Education":13.36,"Office":8.14,"Healthcare":6.69,"Retail & Hotel":1.82},"top":[{"name":"1775 Grand Concourse","addr":"1775 Grand Concourse","type":"Other","gwh":12.47,"eui":143.8},{"name":"1749 Grand Concourse","addr":"1749 Grand Concourse","type":"Multifamily","gwh":10.29,"eui":82.9},{"name":"Camber - 2000 Valentine Ave","addr":"2000 Valentine Ave","type":"Multifamily","gwh":8.91,"eui":81.0},{"name":"Highbridge - 4215 Park Ave","addr":"4215 Park Ave","type":"Multifamily","gwh":5.54,"eui":50.9},{"name":"Park House","addr":"4275 Park Avenue","type":"Multifamily","gwh":4.53,"eui":73.0}]},"geometry":{"type":"Polygon","coordinates":[[[-73.8971,40.85517],[-73.89561,40.85457],[-73.90132,40.84447],[-73.91419,40.84513],[-73.91058,40.85018],[-73.90557,40.85579],[-73.90396,40.85496],[-73.90186,40.85459],[-73.90078,40.85605],[-73.89817,40.85515],[-73.89864,40.85391],[-73.8971,40.85517]]]}},{"type":"Feature","id":65,"properties":{"nta":"BX0503","name":"Fordham Heights","boro":"Bronx","area_km2":0.686,"n":141,"gfa_msf":8.24,"energy_gwh":208.23,"elec_gwh":49.78,"gas_gwh":128.33,"steam_gwh":0.0,"oil_gwh":29.67,"ghg_kt":50.47,"density":303.75,"eui_med":86.7,"ghgi_med":6.08,"elec_share":0.239,"mix":{"Multifamily":176.42,"Education":15.85,"Office":7.38,"Retail & Hotel":3.55,"Healthcare":2.93,"Other":2.1},"top":[{"name":"TWIN PARKS WEST (SITES 1 & 2)","addr":"365 EAST 183RD STREET","type":"Multifamily","gwh":10.87,"eui":102.6},{"name":"Gilbane - 365 Ford St","addr":"365 Ford St","type":"Multifamily","gwh":10.87,"eui":124.0},{"name":"Bronx Park - 355 E. 184/2355 Webster","addr":"355 East 184th Street","type":"Multifamily","gwh":5.25,"eui":68.1},{"name":"Schur Mgmt Co LTD","addr":"2432 Grand Concourse","type":"Office","gwh":4.4,"eui":91.2},{"name":"355 EAST 187TH STREET LLC","addr":"355 EAST 187TH STREET","type":"Multifamily","gwh":4.34,"eui":109.8}]},"geometry":{"type":"Polygon","coordinates":[[[-73.89694,40.86244],[-73.89138,40.8617],[-73.89322,40.85987],[-73.89644,40.85491],[-73.8971,40.85517],[-73.89864,40.85391],[-73.89817,40.85515],[-73.90078,40.85605],[-73.90186,40.85459],[-73.90396,40.85496],[-73.90557,40.85579],[-73.90468,40.85706],[-73.90566,40.8574],[-73.90351,40.86092],[-73.90254,40.86058],[-73.90108,40.86276],[-73.89944,40.86212],[-73.89694,40.86244]]]}},{"type":"Feature","id":66,"properties":{"nta":"BX0601","name":"West Farms","boro":"Bronx","area_km2":1.087,"n":95,"gfa_msf":7.96,"energy_gwh":171.72,"elec_gwh":55.97,"gas_gwh":106.41,"steam_gwh":0.0,"oil_gwh":9.31,"ghg_kt":43.63,"density":157.96,"eui_med":86.7,"ghgi_med":5.86,"elec_share":0.326,"mix":{"Multifamily":145.43,"Education":23.0,"Retail & Hotel":2.22,"Other":0.67,"Office":0.39},"top":[{"name":"Lambert Houses - Boston Tremont - South","addr":"2075 Boston Road","type":"Multifamily","gwh":7.45,"eui":72.2},{"name":"2057 Boston Road & 1010-1028 East 178th Street - Parent Property","addr":"2057 Boston Road","type":"Education","gwh":6.96,"eui":88.3},{"name":"Lambert Houses - Boston Tremont - North","addr":"999 East 180 Street","type":"Multifamily","gwh":6.8,"eui":84.0},{"name":"1010 EAST 178TH STREET","addr":"1010 EAST 178TH STREET","type":"Multifamily","gwh":6.6,"eui":117.0},{"name":"1010 East 178th Street","addr":"1010 East 178th Street","type":"Education","gwh":6.6,"eui":105.0}]},"geometry":{"type":"Polygon","coordinates":[[[-73.87283,40.83975],[-73.87393,40.83599],[-73.87673,40.83621],[-73.87925,40.83442],[-73.88223,40.83545],[-73.88201,40.83744],[-73.88271,40.83863],[-73.88418,40.83934],[-73.88465,40.83917],[-73.88618,40.84011],[-73.8852,40.84498],[-73.88312,40.84822],[-73.87734,40.84399],[-73.87818,40.84262],[-73.87459,40.84152],[-73.87401,40.84254],[-73.87211,40.8437],[-73.87185,40.8445],[-73.87117,40.84478],[-73.87096,40.84598],[-73.87036,40.84662],[-73.86987,40.84662],[-73.86889,40.84811],[-73.86956,40.84802],[-73.86921,40.84924],[-73.86786,40.84886],[-73.86835,40.84708],[-73.86893,40.84688],[-73.86864,40.84531],[-73.86804,40.84481],[-73.871,40.84311],[-73.8736,40.8398],[-73.87283,40.83975]]]}},{"type":"Feature","id":67,"properties":{"nta":"BX0602","name":"Tremont","boro":"Bronx","area_km2":1.471,"n":143,"gfa_msf":10.02,"energy_gwh":282.85,"elec_gwh":75.61,"gas_gwh":174.69,"steam_gwh":0.0,"oil_gwh":32.43,"ghg_kt":69.62,"density":192.34,"eui_med":74.3,"ghgi_med":5.49,"elec_share":0.267,"mix":{"Multifamily":175.98,"Healthcare":53.91,"Education":34.45,"Other":7.86,"Office":5.57,"Retail & Hotel":5.09},"top":[{"name":"Hospital Campus","addr":"4422 3rd Avenue","type":"Healthcare","gwh":52.97,"eui":314.2},{"name":"Dennis Lane Apartments","addr":"661 E. 181St Street","type":"Multifamily","gwh":11.88,"eui":149.0},{"name":"2141 Crotona Ave - 37046","addr":"2141 Crotona Ave","type":"Multifamily","gwh":11.87,"eui":135.3},{"name":"Cross Bronx Pres LLC - Murphy (2166murph)","addr":"1805 Crotona Avenue","type":"Multifamily","gwh":8.64,"eui":101.7},{"name":"855 East 178th Street","addr":"855 East 178th Street","type":"Multifamily","gwh":7.87,"eui":296.2}]},"geometry":{"type":"Polygon","coordinates":[[[-73.88312,40.84822],[-73.8852,40.84498],[-73.8866,40.83928],[-73.88814,40.83986],[-73.88869,40.83916],[-73.88942,40.83942],[-73.89538,40.84294],[-73.89479,40.84372],[-73.90132,40.84447],[-73.89534,40.8547],[-73.894,40.85425],[-73.89421,40.85385],[-73.89217,40.85277],[-73.89039,40.85469],[-73.88961,40.85362],[-73.88997,40.8521],[-73.88312,40.84822]]]}},{"type":"Feature","id":68,"properties":{"nta":"BX0603","name":"Belmont","boro":"Bronx","area_km2":1.523,"n":89,"gfa_msf":9.78,"energy_gwh":232.51,"elec_gwh":82.81,"gas_gwh":133.67,"steam_gwh":0.0,"oil_gwh":15.99,"ghg_kt":60.81,"density":152.66,"eui_med":71.9,"ghgi_med":5.91,"elec_share":0.356,"mix":{"Multifamily":99.52,"Other":85.8,"Education":22.79,"Office":19.89,"Retail & Hotel":2.58,"Healthcare":1.92},"top":[{"name":"Fordham Rose Hill Campus","addr":"437 East Fordham Road","type":"Other","gwh":80.43,"eui":118.9},{"name":"1 Fordham Plaza","addr":"440 East Fordham Road","type":"Office","gwh":10.8,"eui":65.4},{"name":"X435 (OECID: 0200226; BBL: 2030590001)","addr":"500 Fordham Road","type":"Education","gwh":7.51,"eui":66.9},{"name":"HVPG - Keith Plaza - 2475 Southern Boulevard","addr":"2475 Southern Boulevard","type":"Multifamily","gwh":7.18,"eui":66.8},{"name":"Grote Street Apartments, LP","addr":"769 Grote Street","type":"Multifamily","gwh":7.16,"eui":117.6}]},"geometry":{"type":"Polygon","coordinates":[[[-73.88363,40.86726],[-73.88268,40.86609],[-73.88377,40.86531],[-73.88392,40.86442],[-73.88051,40.86048],[-73.88101,40.85827],[-73.88073,40.85668],[-73.88312,40.84822],[-73.88997,40.8521],[-73.88961,40.85362],[-73.89039,40.85469],[-73.89217,40.85277],[-73.89421,40.85385],[-73.894,40.85425],[-73.89644,40.85491],[-73.89322,40.85987],[-73.89138,40.8617],[-73.89177,40.86187],[-73.8889,40.86475],[-73.88812,40.86425],[-73.88363,40.86726]]]}},{"type":"Feature","id":69,"properties":{"nta":"BX0701","name":"University Heights (North)-Fordham","boro":"Bronx","area_km2":1.702,"n":226,"gfa_msf":14.43,"energy_gwh":344.21,"elec_gwh":79.09,"gas_gwh":224.87,"steam_gwh":0.0,"oil_gwh":37.14,"ghg_kt":82.15,"density":202.27,"eui_med":83.5,"ghgi_med":5.55,"elec_share":0.23,"mix":{"Multifamily":273.42,"Healthcare":30.67,"Other":14.99,"Education":14.93,"Retail & Hotel":6.62,"Office":3.58},"top":[{"name":"Fordham Hill Owners (1-9 Fordham Hill Oval) (Campus)","addr":"1-9 Fordham Hill Oval","type":"Multifamily","gwh":24.77,"eui":68.8},{"name":"The Plaza Rehab and Nursing Home - 100 W Kingsbridge Rd.","addr":"100 West Kingsbridge Road","type":"Healthcare","gwh":13.28,"eui":187.0},{"name":"2545 University Ave","addr":"2545 University Avenue","type":"Healthcare","gwh":9.4,"eui":180.0},{"name":"BAILEY AVENUE-WEST 193RD STREET","addr":"2663 HEATH AVENUE","type":"Multifamily","gwh":7.99,"eui":273.8},{"name":"2550 Webb Avenue","addr":"2550 Webb Avenue","type":"Healthcare","gwh":5.92,"eui":85.0}]},"geometry":{"type":"Polygon","coordinates":[[[-73.90746,40.87355],[-73.90452,40.8725],[-73.90442,40.87036],[-73.90319,40.86915],[-73.89942,40.86788],[-73.8996,40.86873],[-73.89892,40.86966],[-73.89656,40.86857],[-73.8974,40.86747],[-73.89016,40.86348],[-73.89177,40.86187],[-73.89694,40.86244],[-73.89944,40.86212],[-73.90108,40.86276],[-73.90254,40.86058],[-73.90351,40.86092],[-73.90487,40.85869],[-73.90777,40.85961],[-73.90967,40.85748],[-73.91057,40.85862],[-73.91328,40.85962],[-73.91543,40.85873],[-73.91508,40.85919],[-73.91616,40.85878],[-73.91721,40.85684],[-73.91719,40.85592],[-73.91741,40.85705],[-73.91902,40.8574],[-73.91721,40.85893],[-73.91341,40.86337],[-73.91276,40.86303],[-73.91227,40.86363],[-73.9128,40.8639],[-73.91253,40.8638],[-73.91268,40.86402],[-73.91044,40.86653],[-73.9095,40.86883],[-73.90865,40.87139],[-73.90893,40.87216],[-73.90774,40.87285],[-73.90746,40.87355]]]}},{"type":"Feature","id":70,"properties":{"nta":"BX0702","name":"Bedford Park","boro":"Bronx","area_km2":2.281,"n":332,"gfa_msf":22.36,"energy_gwh":489.05,"elec_gwh":96.76,"gas_gwh":302.09,"steam_gwh":0.0,"oil_gwh":88.25,"ghg_kt":115.66,"density":214.39,"eui_med":74.3,"ghgi_med":4.92,"elec_share":0.198,"mix":{"Multifamily":416.71,"Education":67.91,"Other":4.44},"top":[{"name":"Tracey Towers","addr":"20 West Mosholu Parkway South","type":"Multifamily","gwh":36.02,"eui":114.4},{"name":"Campus X445-0200227, X440-0200215 &amp; X441-0200216 (BBL: 2032510201)","addr":"75 West 205th Street","type":"Education","gwh":16.2,"eui":69.5},{"name":"3400 Paul Avenue - 25134","addr":"3400 Paul Avenue","type":"Multifamily","gwh":13.18,"eui":107.2},{"name":"X440, X441 (OECID: 0200215; BBL: 2032510201)","addr":"100 West Mosholu Parkway South","type":"Education","gwh":10.61,"eui":82.5},{"name":"Campus X086-0200126 & X430-0200230 (BBL: 2032470070)","addr":"2756 Reservoir Avenue","type":"Education","gwh":9.52,"eui":75.1}]},"geometry":{"type":"Polygon","coordinates":[[[-73.88713,40.88282],[-73.88595,40.88051],[-73.88568,40.87887],[-73.88528,40.87922],[-73.88346,40.87606],[-73.8834,40.87395],[-73.88255,40.87246],[-73.88147,40.86857],[-73.88683,40.86539],[-73.88812,40.86425],[-73.8889,40.86475],[-73.89016,40.86348],[-73.8974,40.86747],[-73.89656,40.86857],[-73.89892,40.86966],[-73.89779,40.87086],[-73.89811,40.87311],[-73.89873,40.87401],[-73.90022,40.87439],[-73.90042,40.87512],[-73.89981,40.8764],[-73.89703,40.87952],[-73.89638,40.88182],[-73.89553,40.88246],[-73.8942,40.88302],[-73.89163,40.88234],[-73.88713,40.88282]]]}},{"type":"Feature","id":71,"properties":{"nta":"BX0703","name":"Norwood","boro":"Bronx","area_km2":1.461,"n":248,"gfa_msf":18.05,"energy_gwh":565.24,"elec_gwh":123.67,"gas_gwh":370.69,"steam_gwh":0.0,"oil_gwh":61.72,"ghg_kt":133.79,"density":387.01,"eui_med":76.5,"ghgi_med":5.21,"elec_share":0.219,"mix":{"Multifamily":305.26,"Healthcare":234.93,"Education":16.48,"Office":4.68,"Other":2.14,"Retail & Hotel":1.75},"top":[{"name":"Moses Campus","addr":"3401 BAINBRIDGE AVENUE","type":"Healthcare","gwh":207.97,"eui":413.7},{"name":"H+H_4305_North Central Bronx Hospital","addr":"3424 Kossuth Ave","type":"Healthcare","gwh":20.38,"eui":95.9},{"name":"3450 Wayne Ave","addr":"3450 Wayne Ave","type":"Multifamily","gwh":12.25,"eui":62.0},{"name":"3514 Rochambeau Ave","addr":"3514 Rochambeau Ave","type":"Multifamily","gwh":4.58,"eui":400.9},{"name":"3535 Kings College Place (Parent Property)","addr":"3535 Kings College Place","type":"Multifamily","gwh":4.42,"eui":94.2}]},"geometry":{"type":"Polygon","coordinates":[[[-73.87495,40.87995],[-73.87015,40.88035],[-73.87161,40.87692],[-73.87519,40.87158],[-73.87694,40.86995],[-73.88309,40.8666],[-73.88363,40.86726],[-73.88147,40.86857],[-73.88255,40.87246],[-73.8834,40.87395],[-73.88346,40.87606],[-73.88528,40.87922],[-73.88568,40.87887],[-73.88595,40.88051],[-73.88717,40.88258],[-73.88705,40.88435],[-73.88422,40.8832],[-73.88275,40.8834],[-73.88124,40.88271],[-73.87804,40.88712],[-73.87761,40.88452],[-73.87813,40.88215],[-73.8747,40.88155],[-73.87495,40.87995]]]}},{"type":"Feature","id":72,"properties":{"nta":"BX0801","name":"Kingsbridge Heights-Van Cortlandt Village","boro":"Bronx","area_km2":1.019,"n":155,"gfa_msf":14.29,"energy_gwh":355.44,"elec_gwh":69.9,"gas_gwh":253.5,"steam_gwh":0.0,"oil_gwh":31.96,"ghg_kt":81.54,"density":348.75,"eui_med":78.5,"ghgi_med":5.27,"elec_share":0.197,"mix":{"Multifamily":332.2,"Healthcare":13.6,"Education":9.65},"top":[{"name":"Building 8","addr":"120-130 Gale Place","type":"Multifamily","gwh":38.17,"eui":370.1},{"name":"Amalgamated Housing Corporation","addr":"Tower I-II, Building 6,7,8,9,10,11,12,13,14","type":"Multifamily","gwh":32.21,"eui":65.5},{"name":"FORT INDEPENDENCE STREET-HEATH AVENUE","addr":"3340 BAILEY AVENUE","type":"Multifamily","gwh":10.73,"eui":94.7},{"name":"Park Reservoir Housing Corporation (Building 2,3,4)","addr":"3835-3845 Sedgwick Avenue; 3915 Orloff Avenue","type":"Multifamily","gwh":8.98,"eui":107.4},{"name":"3400 Ft. Independence St. - 70190","addr":"3400 Ft. Independence St.","type":"Multifamily","gwh":6.51,"eui":93.5}]},"geometry":{"type":"Polygon","coordinates":[[[-73.88705,40.88435],[-73.88713,40.88282],[-73.89163,40.88234],[-73.89433,40.88301],[-73.89638,40.88182],[-73.8969,40.87973],[-73.89981,40.8764],[-73.90042,40.87512],[-73.90011,40.87431],[-73.89844,40.87376],[-73.89782,40.87196],[-73.89779,40.87086],[-73.8996,40.86873],[-73.89942,40.86788],[-73.90236,40.8687],[-73.90442,40.87036],[-73.90447,40.87242],[-73.90615,40.87326],[-73.90453,40.87706],[-73.90339,40.87899],[-73.89782,40.88508],[-73.89668,40.88596],[-73.88705,40.88435]]]}},{"type":"Feature","id":73,"properties":{"nta":"BX0802","name":"Kingsbridge-Marble Hill","boro":"Bronx","area_km2":1.144,"n":100,"gfa_msf":9.62,"energy_gwh":206.21,"elec_gwh":57.52,"gas_gwh":114.82,"steam_gwh":0.0,"oil_gwh":33.82,"ghg_kt":51.98,"density":180.27,"eui_med":70.0,"ghgi_med":5.15,"elec_share":0.279,"mix":{"Multifamily":171.13,"Retail & Hotel":13.82,"Education":10.07,"Other":7.05,"Healthcare":2.3,"Office":1.84},"top":[{"name":"MARBLE HILL","addr":"5210 BROADWAY","type":"Multifamily","gwh":39.51,"eui":88.4},{"name":"3411 Irwin Avenue","addr":"3411 Irwin Avenue","type":"Multifamily","gwh":9.44,"eui":93.3},{"name":"Promenade Nelson Apartments LLC","addr":"150 WEST 225 STREET","type":"Multifamily","gwh":9.08,"eui":67.1},{"name":"New York Teachers Housing Corp.","addr":"3115 Tibbett Avenue","type":"Multifamily","gwh":6.44,"eui":93.9},{"name":"Pinnacle - CAMPUS - 3424 Kingsbridge Avenue / 3425 Kingsbridge Avenue","addr":"3424 Kingsbridge Avenue","type":"Multifamily","gwh":5.97,"eui":102.9}]},"geometry":{"type":"Polygon","coordinates":[[[-73.89791,40.89055],[-73.8999,40.88656],[-73.89668,40.88596],[-73.8986,40.8844],[-73.90377,40.87853],[-73.90615,40.87326],[-73.90746,40.87355],[-73.90774,40.87285],[-73.90893,40.87216],[-73.91092,40.87415],[-73.91579,40.87572],[-73.91485,40.87667],[-73.91206,40.87812],[-73.91149,40.87902],[-73.91033,40.87904],[-73.90968,40.87951],[-73.91049,40.88053],[-73.90938,40.88136],[-73.90759,40.88439],[-73.90414,40.88708],[-73.90286,40.88916],[-73.90081,40.88894],[-73.89845,40.89071],[-73.89791,40.89055]]]}},{"type":"Feature","id":74,"properties":{"nta":"BX0803","name":"Riverdale-Spuyten Duyvil","boro":"Bronx","area_km2":5.851,"n":226,"gfa_msf":28.78,"energy_gwh":625.28,"elec_gwh":144.52,"gas_gwh":403.88,"steam_gwh":0.0,"oil_gwh":76.64,"ghg_kt":149.39,"density":106.86,"eui_med":70.4,"ghgi_med":4.74,"elec_share":0.231,"mix":{"Multifamily":487.99,"Education":75.85,"Healthcare":30.81,"Other":24.62,"Office":3.56,"Retail & Hotel":2.45},"top":[{"name":"Olnick - The Century","addr":"2600 Netherland Avenue","type":"Multifamily","gwh":27.99,"eui":113.1},{"name":"Manhattan College Main Campus","addr":"4531 Manhattan College Parkway","type":"Other","gwh":21.49,"eui":85.0},{"name":"Glenwood - Briar Hill - PARENT","addr":"600 West 246th Street","type":"Multifamily","gwh":11.91,"eui":112.6},{"name":"Orsid - 2500 Johnson Avenue","addr":"2500 JOHNSON AVENUE","type":"Multifamily","gwh":11.81,"eui":83.1},{"name":"AKAM - 5900 Arlington Avenue","addr":"5900 Arlington Avenue","type":"Multifamily","gwh":10.83,"eui":86.3}]},"geometry":{"type":"Polygon","coordinates":[[[-73.89663,40.91142],[-73.89636,40.9032],[-73.89716,40.89937],[-73.89643,40.89366],[-73.89791,40.89055],[-73.89845,40.89071],[-73.90087,40.88892],[-73.90286,40.88916],[-73.90414,40.88708],[-73.90759,40.88439],[-73.90938,40.88136],[-73.91049,40.88053],[-73.90968,40.87951],[-73.91033,40.87904],[-73.91149,40.87902],[-73.91206,40.87812],[-73.91485,40.87667],[-73.91579,40.87572],[-73.91776,40.87566],[-73.91908,40.87606],[-73.92274,40.87891],[-73.9249,40.87889],[-73.92381,40.88032],[-73.92039,40.88765],[-73.91518,40.90158],[-73.91543,40.90181],[-73.91501,40.90308],[-73.91459,40.90412],[-73.91419,40.90414],[-73.91287,40.90754],[-73.91311,40.90785],[-73.91265,40.90807],[-73.91149,40.91223],[-73.91165,40.91342],[-73.91033,40.91553],[-73.89663,40.91142]]]}},{"type":"Feature","id":75,"properties":{"nta":"BX0901","name":"Soundview-Bruckner-Bronx River","boro":"Bronx","area_km2":2.992,"n":176,"gfa_msf":21.09,"energy_gwh":568.55,"elec_gwh":124.37,"gas_gwh":397.03,"steam_gwh":0.0,"oil_gwh":44.16,"ghg_kt":132.6,"density":190.01,"eui_med":77.7,"ghgi_med":5.36,"elec_share":0.219,"mix":{"Multifamily":518.95,"Education":29.93,"Other":8.99,"Retail & Hotel":8.07,"Healthcare":2.6},"top":[{"name":"BRONX RIVER/BRONX RIVER ADDITION CAMPUS","addr":"1455 HARROD AVENUE","type":"Multifamily","gwh":61.15,"eui":152.2},{"name":"BRONX RIVER","addr":"1455 HARROD AVENUE","type":"Multifamily","gwh":60.41,"eui":165.6},{"name":"SOTOMAYOR HOUSES","addr":"1055 ROSEDALE AVENUE","type":"Multifamily","gwh":52.73,"eui":119.6},{"name":"Sotomayor Houses - Bldgs 12-21, 29-31","addr":"1744 Watson AVENUE","type":"Multifamily","gwh":35.83,"eui":218.5},{"name":"Lafayette Nelson Apartment LLC","addr":"820 &amp; 880 Colgate Ave.","type":"Multifamily","gwh":24.17,"eui":77.1}]},"geometry":{"type":"Polygon","coordinates":[[[-73.86272,40.83292],[-73.86367,40.8327],[-73.86264,40.82817],[-73.86067,40.82842],[-73.8597,40.82628],[-73.87357,40.82442],[-73.87247,40.82015],[-73.87981,40.81916],[-73.88098,40.81824],[-73.88245,40.81927],[-73.88464,40.82381],[-73.88439,40.82682],[-73.88352,40.82926],[-73.8839,40.8298],[-73.88005,40.8347],[-73.87925,40.83442],[-73.87673,40.83621],[-73.87393,40.83599],[-73.87283,40.83975],[-73.86921,40.8396],[-73.86448,40.84109],[-73.86394,40.84004],[-73.86272,40.83292]]]}},{"type":"Feature","id":76,"properties":{"nta":"BX0902","name":"Soundview-Clason Point","boro":"Bronx","area_km2":2.817,"n":54,"gfa_msf":11.47,"energy_gwh":360.29,"elec_gwh":88.07,"gas_gwh":240.63,"steam_gwh":0.0,"oil_gwh":30.84,"ghg_kt":86.23,"density":127.89,"eui_med":100.8,"ghgi_med":6.64,"elec_share":0.244,"mix":{"Multifamily":311.12,"Education":25.75,"Retail & Hotel":13.49,"Healthcare":5.43,"Office":3.15,"Other":1.35},"top":[{"name":"MONROE","addr":"1785 STORY AVENUE","type":"Multifamily","gwh":63.48,"eui":185.0},{"name":"SOUNDVIEW","addr":"639 ROSEDALE AVENUE","type":"Multifamily","gwh":45.31,"eui":130.1},{"name":"Camber - Stevenson Commons (Main Account)","addr":"1850 Lafayette Avenue","type":"Multifamily","gwh":30.74,"eui":102.6},{"name":"CLASON POINT GARDENS","addr":"865 NOBLE AVENUE","type":"Multifamily","gwh":20.61,"eui":201.0},{"name":"Soundview - Bldgs 9-13","addr":"541 Rosedale AVENUE","type":"Multifamily","gwh":15.44,"eui":116.3}]},"geometry":{"type":"Polygon","coordinates":[[[-73.84577,40.81158],[-73.84617,40.81068],[-73.8472,40.81058],[-73.84821,40.81246],[-73.8506,40.81393],[-73.85301,40.81458],[-73.85262,40.81406],[-73.85337,40.81359],[-73.85532,40.81441],[-73.85347,40.81348],[-73.8512,40.81355],[-73.84921,40.81238],[-73.84917,40.81092],[-73.85004,40.80922],[-73.84995,40.80871],[-73.84955,40.80872],[-73.84997,40.80858],[-73.84961,40.80812],[-73.84876,40.80834],[-73.84952,40.80806],[-73.84842,40.80737],[-73.84838,40.80636],[-73.84754,40.80593],[-73.84749,40.80545],[-73.84865,40.8047],[-73.84933,40.80505],[-73.84941,40.80467],[-73.84943,40.80506],[-73.84982,40.80509],[-73.8502,40.80451],[-73.85407,40.80446],[-73.85585,40.80451],[-73.85663,40.80483],[-73.85569,40.80468],[-73.85572,40.80512],[-73.85724,40.80531],[-73.85683,40.80491],[-73.85813,40.80547],[-73.85891,40.80591],[-73.85831,40.806],[-73.85852,40.80664],[-73.85905,40.80656],[-73.85897,40.80597],[-73.85937,40.80668],[-73.85938,40.80757],[-73.85916,40.80688],[-73.85867,40.80683],[-73.85839,40.80826],[-73.85895,40.81027],[-73.86013,40.80961],[-73.85933,40.809],[-73.8594,40.80817],[-73.86024,40.80945],[-73.86229,40.80995],[-73.86111,40.81115],[-73.86436,40.81301],[-73.86462,40.81422],[-73.86513,40.81415],[-73.86522,40.81453],[-73.86658,40.81437],[-73.86891,40.81512],[-73.86954,40.81609],[-73.87146,40.82472],[-73.85636,40.82675],[-73.85362,40.81609],[-73.85164,40.81636],[-73.85093,40.81434],[-73.84705,40.81483],[-73.84664,40.81303],[-73.84611,40.8131],[-73.84632,40.81169],[-73.84577,40.81158]]]}},{"type":"Feature","id":77,"properties":{"nta":"BX0903","name":"Castle Hill-Unionport","boro":"Bronx","area_km2":3.056,"n":88,"gfa_msf":11.63,"energy_gwh":277.59,"elec_gwh":81.8,"gas_gwh":172.55,"steam_gwh":0.0,"oil_gwh":22.98,"ghg_kt":69.22,"density":90.82,"eui_med":78.1,"ghgi_med":5.69,"elec_share":0.295,"mix":{"Multifamily":196.13,"Other":43.34,"Retail & Hotel":25.63,"Education":9.64,"Office":2.85},"top":[{"name":"CASTLE HILL","addr":"2140 SEWARD AVENUE","type":"Multifamily","gwh":79.33,"eui":122.3},{"name":"Stellar - CAMPUS - Brucker Boulevard","addr":"2010 Bruckner Boulevard","type":"Multifamily","gwh":11.74,"eui":103.7},{"name":"2001 STORY AVENUE","addr":"2001 - 2045 Story Avenue","type":"Multifamily","gwh":11.31,"eui":91.4},{"name":"815 Hutchinson River Parkway SR","addr":"815 Hutchinson River Parkway SR","type":"Retail & Hotel","gwh":9.14,"eui":97.9},{"name":"650 Brush Ave (650 BRUSH AVENUE)","addr":"650 BRUSH AVENUE","type":"Other","gwh":8.04,"eui":128.2}]},"geometry":{"type":"MultiPolygon","coordinates":[[[[-73.83603,40.82388],[-73.83604,40.81778],[-73.83644,40.81782],[-73.8364,40.81889],[-73.83697,40.81637],[-73.83974,40.81641],[-73.84019,40.81719],[-73.84008,40.81786],[-73.83868,40.81959],[-73.83906,40.8198],[-73.83888,40.82214],[-73.84229,40.8287],[-73.83702,40.82905],[-73.83603,40.82388]]],[[[-73.84849,40.83452],[-73.84728,40.82931],[-73.84505,40.8288],[-73.84532,40.82843],[-73.84292,40.82862],[-73.83983,40.82157],[-73.84,40.81993],[-73.84199,40.81877],[-73.84521,40.81189],[-73.84577,40.81158],[-73.84632,40.81169],[-73.84611,40.8131],[-73.84664,40.81303],[-73.84705,40.81483],[-73.85093,40.81434],[-73.85164,40.81636],[-73.85362,40.81609],[-73.85636,40.82675],[-73.8597,40.82628],[-73.86067,40.82842],[-73.86264,40.82817],[-73.86367,40.8327],[-73.86085,40.83361],[-73.86034,40.83325],[-73.84849,40.83452]]]]}},{"type":"Feature","id":78,"properties":{"nta":"BX0904","name":"Parkchester","boro":"Bronx","area_km2":0.853,"n":31,"gfa_msf":27.82,"energy_gwh":442.08,"elec_gwh":117.11,"gas_gwh":308.0,"steam_gwh":0.0,"oil_gwh":16.88,"ghg_kt":106.1,"density":518.11,"eui_med":64.9,"ghgi_med":4.34,"elec_share":0.265,"mix":{"Multifamily":422.23,"Education":13.99,"Other":4.67,"Retail & Hotel":1.19},"top":[{"name":"Parkchester Full Campus (North + South)","addr":"2000 East Tremont Avenue","type":"Multifamily","gwh":333.51,"eui":88.8},{"name":"Parkchester North- 2039447501","addr":"9 Metropolitan Oval","type":"Multifamily","gwh":19.59,"eui":17.1},{"name":"Parkchester South - 2039437501","addr":"2000 East Tremont Avenue","type":"Multifamily","gwh":17.67,"eui":18.7},{"name":"Parkchester South - 2039387501","addr":"2000 East Tremont Avenue","type":"Multifamily","gwh":17.47,"eui":20.5},{"name":"Parkchester South - 2039377501","addr":"2000 East Tremont Avenue","type":"Multifamily","gwh":13.94,"eui":19.4}]},"geometry":{"type":"Polygon","coordinates":[[[-73.85168,40.8342],[-73.86034,40.83325],[-73.86085,40.83361],[-73.86272,40.83292],[-73.86394,40.84004],[-73.86448,40.84109],[-73.85334,40.84247],[-73.85168,40.8342]]]}},{"type":"Feature","id":79,"properties":{"nta":"BX1001","name":"Westchester Square","boro":"Bronx","area_km2":1.429,"n":62,"gfa_msf":4.7,"energy_gwh":107.89,"elec_gwh":41.79,"gas_gwh":61.27,"steam_gwh":0.0,"oil_gwh":4.81,"ghg_kt":28.73,"density":75.5,"eui_med":80.8,"ghgi_med":6.0,"elec_share":0.387,"mix":{"Multifamily":47.03,"Other":19.02,"Healthcare":18.36,"Office":15.49,"Education":6.01,"Retail & Hotel":1.99},"top":[{"name":"1733 & 1776 Eastchester Road - Parent Property","addr":"1733 & 1776 Eastchester Road","type":"Other","gwh":8.16,"eui":74.6},{"name":"1602 SEDDON STREET","addr":"1602 SEDDON STREET","type":"Healthcare","gwh":5.98,"eui":148.8},{"name":"Rebekah Rehab - 1070 Havemeyer Ave","addr":"1070 Havemeyer Avenue","type":"Healthcare","gwh":4.08,"eui":106.3},{"name":"Sweet Sams - 1261 Seabury Avenue","addr":"1261 Seabury Avenue","type":"Other","gwh":3.95,"eui":185.1},{"name":"X194 (OECID: 0201310; BBL: 2038340070)","addr":"1301 Zerega Avenue","type":"Education","gwh":3.83,"eui":74.0}]},"geometry":{"type":"Polygon","coordinates":[[[-73.84202,40.84066],[-73.83937,40.84088],[-73.83972,40.83957],[-73.8403,40.83952],[-73.83941,40.8346],[-73.83992,40.83332],[-73.84276,40.83082],[-73.8431,40.82996],[-73.84292,40.82862],[-73.84532,40.82843],[-73.84505,40.8288],[-73.84728,40.82931],[-73.84849,40.83452],[-73.85168,40.8342],[-73.85334,40.84247],[-73.84806,40.84307],[-73.84623,40.84449],[-73.84788,40.84599],[-73.84578,40.84797],[-73.84489,40.8502],[-73.84504,40.8487],[-73.84461,40.84625],[-73.84491,40.84543],[-73.84146,40.84096],[-73.84202,40.84066]]]}},{"type":"Feature","id":80,"properties":{"nta":"BX1002","name":"Throgs Neck-Schuylerville","boro":"Bronx","area_km2":6.176,"n":37,"gfa_msf":6.63,"energy_gwh":238.17,"elec_gwh":44.36,"gas_gwh":185.57,"steam_gwh":0.0,"oil_gwh":7.83,"ghg_kt":53.04,"density":38.56,"eui_med":70.7,"ghgi_med":4.98,"elec_share":0.186,"mix":{"Multifamily":193.34,"Education":24.92,"Healthcare":9.22,"Other":8.14,"Retail & Hotel":1.85,"Office":0.7},"top":[{"name":"THROGGS NECK/THROGGS NECK ADDITION CAMPUS","addr":"2731 SAMPSON AVENUE","type":"Multifamily","gwh":81.92,"eui":166.1},{"name":"THROGGS NECK (SITES 1-35) - 2055820001; 2055640001; 2055670001","addr":"2731 SAMPSON AVENUE","type":"Multifamily","gwh":81.26,"eui":215.9},{"name":"RANDALL AVENUE-BALCOM AVENUE","addr":"2700 RANDALL AVENUE","type":"Multifamily","gwh":8.32,"eui":131.3},{"name":"X405, X406 (OECID: 0200250; BBL: 2053680001; 2053680002)","addr":"3000 East Tremont Avenue","type":"Education","gwh":7.83,"eui":63.9},{"name":"2505 Bruckner Blvd","addr":"2505 Bruckner Boulevard","type":"Other","gwh":7.17,"eui":50.1}]},"geometry":{"type":"Polygon","coordinates":[[[-73.82611,40.84534],[-73.82585,40.83706],[-73.8254,40.83566],[-73.82622,40.83435],[-73.82601,40.83402],[-73.82516,40.83461],[-73.82463,40.83386],[-73.81553,40.83598],[-73.81606,40.83577],[-73.81557,40.83553],[-73.81608,40.83536],[-73.81608,40.83459],[-73.81566,40.83449],[-73.81601,40.83398],[-73.81488,40.83103],[-73.81447,40.83114],[-73.81476,40.83082],[-73.8139,40.83091],[-73.81451,40.83061],[-73.81386,40.83056],[-73.8143,40.83035],[-73.81367,40.82989],[-73.81339,40.82902],[-73.8129,40.82895],[-73.81318,40.8288],[-73.81275,40.82825],[-73.80993,40.82818],[-73.8101,40.82782],[-73.81105,40.82798],[-73.81004,40.82778],[-73.81264,40.82784],[-73.81385,40.8268],[-73.81372,40.82627],[-73.81292,40.82635],[-73.81399,40.82607],[-73.81395,40.82573],[-73.81342,40.82593],[-73.81394,40.82572],[-73.8138,40.8253],[-73.81211,40.82555],[-73.81328,40.82516],[-73.81315,40.82487],[-73.81404,40.82448],[-73.81389,40.82409],[-73.81327,40.82397],[-73.81275,40.82478],[-73.81177,40.82434],[-73.80909,40.82587],[-73.80767,40.8259],[-73.80656,40.82461],[-73.80679,40.82399],[-73.80646,40.8238],[-73.8066,40.82334],[-73.80624,40.82331],[-73.80645,40.823],[-73.80595,40.82288],[-73.80622,40.82266],[-73.80573,40.82018],[-73.80452,40.81893],[-73.80337,40.81825],[-73.80205,40.81855],[-73.79759,40.81651],[-73.79738,40.81576],[-73.79903,40.81554],[-73.80011,40.81402],[-73.80092,40.81376],[-73.80175,40.81287],[-73.8014,40.81236],[-73.80176,40.81286],[-73.80361,40.81252],[-73.80352,40.81292],[-73.80378,40.81281],[-73.80361,40.81304],[-73.80436,40.81361],[-73.80415,40.81373],[-73.80351,40.81294],[-73.80322,40.81336],[-73.80346,40.8134],[-73.80453,40.81425],[-73.80322,40.81337],[-73.80352,40.81395],[-73.80515,40.81567],[-73.80658,40.81659],[-73.80508,40.8152],[-73.80455,40.81463],[-73.80466,40.81454],[-73.80633,40.81614],[-73.80672,40.81658],[-73.80661,40.81666],[-73.80693,40.81657],[-73.80654,40.81589],[-73.80705,40.81653],[-73.8064,40.8157],[-73.80663,40.81559],[-73.80546,40.81469],[-73.80496,40.81216],[-73.80391,40.81211],[-73.80235,40.81004],[-73.80101,40.81071],[-73.80147,40.81014],[-73.79854,40.80959],[-73.79229,40.80685],[-73.7914,40.807],[-73.79152,40.80749],[-73.79086,40.80734],[-73.79012,40.80577],[-73.79028,40.80482],[-73.79225,40.804],[-73.79339,40.8042],[-73.79578,40.80616],[-73.79621,40.80597],[-73.79792,40.80671],[-73.80159,40.80899],[-73.80278,40.80912],[-73.80393,40.80853],[-73.80714,40.81066],[-73.80857,40.81216],[-73.81016,40.81299],[-73.81078,40.81277],[-73.814,40.81355],[-73.81443,40.81352],[-73.8145,40.81291],[-73.81448,40.81352],[-73.81648,40.81385],[-73.81736,40.81338],[-73.82056,40.81302],[-73.82024,40.81243],[-73.82107,40.8122],[-73.82032,40.81244],[-73.82113,40.81245],[-73.82044,40.81266],[-73.82059,40.81302],[-73.82228,40.81266],[-73.82217,40.81235],[-73.82231,40.81266],[-73.82426,40.81211],[-73.82506,40.81183],[-73.82481,40.81144],[-73.82524,40.81176],[-73.82488,40.81127],[-73.82527,40.81175],[-73.82523,40.81121],[-73.82565,40.81159],[-73.82536,40.81103],[-73.82567,40.81158],[-73.8255,40.81103],[-73.82581,40.81153],[-73.82577,40.81122],[-73.82631,40.81128],[-73.82841,40.81488],[-73.82317,40.81668],[-73.82672,40.82182],[-73.82833,40.82104],[-73.82946,40.82238],[-73.82464,40.82476],[-73.83683,40.82844],[-73.83702,40.82905],[-73.84229,40.8287],[-73.84233,40.82907],[-73.84189,40.83071],[-73.83888,40.8336],[-73.83957,40.84055],[-73.83937,40.84088],[-73.83762,40.84028],[-73.83767,40.84112],[-73.83683,40.84346],[-73.83043,40.84386],[-73.82611,40.84534]]]}},{"type":"Feature","id":81,"properties":{"nta":"BX1003","name":"Pelham Bay-Country Club-City Island","boro":"Bronx","area_km2":3.28,"n":65,"gfa_msf":4.8,"energy_gwh":108.3,"elec_gwh":31.82,"gas_gwh":63.12,"steam_gwh":0.0,"oil_gwh":13.34,"ghg_kt":27.33,"density":33.01,"eui_med":73.4,"ghgi_med":5.1,"elec_share":0.294,"mix":{"Multifamily":81.16,"Other":10.44,"Education":5.78,"Healthcare":5.53,"Office":5.39},"top":[{"name":"1200 Waters Place","addr":"1200 Waters Place","type":"Other","gwh":10.2,"eui":77.2},{"name":"Nelson Mgmt - Hazel Towers","addr":"1730 Mulford Avenue","type":"Multifamily","gwh":6.57,"eui":64.9},{"name":"Wavecrest - Middletown Plaza - 3033 Middletown Road","addr":"3031 Middletown Road","type":"Multifamily","gwh":6.32,"eui":143.1},{"name":"3304 Waterbury Avenue (Providence Rest)","addr":"3304 Waterbury Avenue","type":"Healthcare","gwh":5.53,"eui":121.6},{"name":"A02760 - Parkway Owners Inc","addr":"1910 Pelham Parkway South","type":"Multifamily","gwh":4.73,"eui":363.9}]},"geometry":{"type":"MultiPolygon","coordinates":[[[[-73.78833,40.83467],[-73.78931,40.83446],[-73.78951,40.83536],[-73.78846,40.83531],[-73.78833,40.83467]]],[[[-73.81514,40.84908],[-73.8159,40.84782],[-73.8156,40.84766],[-73.81613,40.84739],[-73.81603,40.8464],[-73.81465,40.84722],[-73.8157,40.84629],[-73.81369,40.84727],[-73.81356,40.84715],[-73.81491,40.84647],[-73.81442,40.84619],[-73.81503,40.8455],[-73.81319,40.84623],[-73.81403,40.84559],[-73.81369,40.84566],[-73.81394,40.84551],[-73.81363,40.84528],[-73.81336,40.84585],[-73.81329,40.84595],[-73.81321,40.84592],[-73.81362,40.84528],[-73.81326,40.84523],[-73.81285,40.84632],[-73.81324,40.84524],[-73.8131,40.84517],[-73.81288,40.84513],[-73.81316,40.84521],[-73.81286,40.84519],[-73.81241,40.84656],[-73.81228,40.84654],[-73.81286,40.84513],[-73.81254,40.84498],[-73.81188,40.84659],[-73.81244,40.84674],[-73.8117,40.84668],[-73.81266,40.84421],[-73.81299,40.84452],[-73.81265,40.84466],[-73.81312,40.84479],[-73.81255,40.84495],[-73.81368,40.84506],[-73.81417,40.84478],[-73.8137,40.84485],[-73.81418,40.84468],[-73.81347,40.84426],[-73.81348,40.84365],[-73.815,40.8435],[-73.81567,40.84443],[-73.81644,40.84406],[-73.8175,40.84437],[-73.81824,40.84436],[-73.81663,40.84394],[-73.81572,40.84254],[-73.81517,40.84258],[-73.8157,40.84252],[-73.81526,40.84126],[-73.81473,40.84138],[-73.81523,40.84101],[-73.81481,40.8398],[-73.81437,40.83987],[-73.81472,40.83959],[-73.81432,40.83965],[-73.81431,40.83962],[-73.81628,40.83823],[-73.81648,40.83766],[-73.81606,40.83603],[-73.82463,40.83386],[-73.82516,40.83461],[-73.82601,40.83402],[-73.82622,40.83435],[-73.8254,40.83566],[-73.82585,40.83706],[-73.82624,40.84299],[-73.82518,40.8427],[-73.82496,40.84611],[-73.82048,40.8485],[-73.82014,40.84802],[-73.8163,40.84857],[-73.81514,40.84908]]],[[[-73.83043,40.84386],[-73.83683,40.84346],[-73.83615,40.84613],[-73.83556,40.85196],[-73.83464,40.85382],[-73.83228,40.85518],[-73.8286,40.85572],[-73.8272,40.85329],[-73.82713,40.85187],[-73.828,40.84863],[-73.82611,40.84534],[-73.83043,40.84386]]],[[[-73.78922,40.85874],[-73.78877,40.8584],[-73.78878,40.85742],[-73.78804,40.85756],[-73.78803,40.85751],[-73.78878,40.8574],[-73.78848,40.8544],[-73.78735,40.85439],[-73.78835,40.85413],[-73.78691,40.85406],[-73.788,40.85352],[-73.78588,40.85179],[-73.78338,40.85159],[-73.7846,40.8511],[-73.78384,40.85069],[-73.7842,40.85006],[-73.78304,40.84907],[-73.78154,40.8494],[-73.78214,40.8491],[-73.78149,40.84858],[-73.78267,40.84814],[-73.78098,40.84846],[-73.78264,40.84807],[-73.78148,40.84788],[-73.78143,40.84746],[-73.78208,40.84713],[-73.78216,40.84664],[-73.7804,40.84693],[-73.78106,40.8468],[-73.78115,40.84625],[-73.78111,40.84675],[-73.78174,40.84641],[-73.78109,40.8468],[-73.78251,40.84641],[-73.7825,40.84566],[-73.78309,40.84552],[-73.78315,40.84531],[-73.78307,40.84551],[-73.78242,40.84568],[-73.78182,40.84576],[-73.78305,40.8455],[-73.78306,40.84509],[-73.78182,40.84548],[-73.78307,40.84506],[-73.78315,40.8453],[-73.78298,40.84468],[-73.78337,40.84444],[-73.78301,40.84417],[-73.78348,40.84368],[-73.78291,40.84394],[-73.78053,40.84453],[-73.77993,40.84388],[-73.78053,40.84445],[-73.7804,40.84397],[-73.78058,40.84443],[-73.78106,40.84433],[-73.78088,40.84386],[-73.78109,40.84432],[-73.78155,40.84422],[-73.78138,40.8437],[-73.78158,40.84421],[-73.78201,40.84411],[-73.78183,40.84358],[-73.78204,40.8441],[-73.78244,40.84401],[-73.78225,40.84344],[-73.78247,40.844],[-73.78282,40.84392],[-73.78257,40.84329],[-73.78309,40.84369],[-73.78287,40.84312],[-73.78313,40.8437],[-73.78281,40.84378],[-73.78284,40.84389],[-73.78347,40.84365],[-73.78289,40.84249],[-73.78282,40.84276],[-73.7823,40.84261],[-73.78244,40.84304],[-73.78227,40.84261],[-73.7818,40.8427],[-73.78193,40.84323],[-73.78177,40.8427],[-73.78125,40.8428],[-73.78143,40.84337],[-73.78122,40.8428],[-73.78067,40.84291],[-73.78083,40.84351],[-73.78064,40.84291],[-73.7803,40.84297],[-73.78023,40.84378],[-73.78023,40.84288],[-73.78286,40.84248],[-73.7806,40.84279],[-73.78237,40.84243],[-73.78162,40.84233],[-73.78231,40.84221],[-73.78233,40.84192],[-73.78144,40.84214],[-73.78232,40.8419],[-73.78217,40.84169],[-73.78035,40.84211],[-73.78043,40.84249],[-73.7802,40.84205],[-73.78185,40.84165],[-73.78166,40.84112],[-73.78084,40.84128],[-73.78089,40.84155],[-73.7808,40.84126],[-73.78165,40.8411],[-73.78114,40.83949],[-73.78188,40.83765],[-73.78291,40.83732],[-73.78282,40.83634],[-73.78338,40.83691],[-73.78498,40.83675],[-73.7845,40.83706],[-73.78485,40.83747],[-73.78564,40.83706],[-73.78583,40.83721],[-73.78517,40.83747],[-73.78558,40.83793],[-73.78574,40.83923],[-73.78653,40.83972],[-73.78741,40.83968],[-73.78749,40.84084],[-73.78816,40.84049],[-73.78825,40.84075],[-73.78752,40.84088],[-73.78786,40.84108],[-73.78761,40.8412],[-73.78837,40.8415],[-73.78802,40.84178],[-73.78838,40.84238],[-73.78884,40.84235],[-73.78853,40.84243],[-73.78906,40.84324],[-73.78993,40.84304],[-73.7898,40.84359],[-73.78934,40.84368],[-73.78947,40.84429],[-73.79067,40.84574],[-73.79099,40.84565],[-73.7907,40.84579],[-73.79097,40.84636],[-73.79149,40.84625],[-73.79118,40.84656],[-73.79179,40.84673],[-73.79137,40.84689],[-73.79144,40.84731],[-73.79177,40.84723],[-73.79192,40.84726],[-73.79127,40.8476],[-73.79162,40.84805],[-73.79101,40.84899],[-73.78976,40.84953],[-73.78986,40.84997],[-73.79095,40.84974],[-73.79099,40.84983],[-73.78987,40.84999],[-73.79002,40.85032],[-73.79036,40.85014],[-73.78989,40.85046],[-73.79027,40.85096],[-73.78951,40.8513],[-73.78956,40.85149],[-73.79099,40.85126],[-73.78966,40.8515],[-73.79089,40.85155],[-73.7902,40.85175],[-73.79046,40.85177],[-73.79008,40.85203],[-73.79016,40.85225],[-73.79016,40.85204],[-73.79249,40.85155],[-73.79017,40.85228],[-73.79312,40.85158],[-73.79324,40.85193],[-73.79125,40.8523],[-73.79138,40.8526],[-73.79341,40.85202],[-73.79351,40.85226],[-73.79042,40.85302],[-73.79282,40.85249],[-73.79081,40.8532],[-73.79127,40.85371],[-73.79252,40.85341],[-73.79241,40.85305],[-73.79256,40.8534],[-73.79298,40.8533],[-73.79288,40.85294],[-73.79304,40.85337],[-73.79106,40.85392],[-73.79246,40.8536],[-73.79107,40.85394],[-73.79254,40.85385],[-73.79129,40.85458],[-73.7925,40.85579],[-73.79202,40.85618],[-73.79257,40.85626],[-73.79201,40.85623],[-73.7919,40.85655],[-73.79309,40.85669],[-73.79189,40.85657],[-73.79171,40.85685],[-73.79243,40.85693],[-73.79222,40.85715],[-73.79283,40.85744],[-73.79301,40.857],[-73.79288,40.85748],[-73.79186,40.857],[-73.79268,40.85742],[-73.79211,40.85717],[-73.79189,40.85744],[-73.79257,40.85764],[-73.7924,40.85785],[-73.79174,40.85739],[-73.79209,40.85716],[-73.79184,40.85703],[-73.79094,40.85755],[-73.79179,40.85778],[-73.79144,40.85815],[-73.79162,40.8579],[-73.79093,40.85757],[-73.7902,40.8586],[-73.78922,40.85874]]],[[[-73.78457,40.86053],[-73.78437,40.85985],[-73.78514,40.85879],[-73.78608,40.85927],[-73.78669,40.85869],[-73.78773,40.85877],[-73.787,40.86022],[-73.78457,40.86053]]]]}},{"type":"Feature","id":82,"properties":{"nta":"BX1004","name":"Co-op City","boro":"Bronx","area_km2":2.699,"n":22,"gfa_msf":25.38,"energy_gwh":828.88,"elec_gwh":89.06,"gas_gwh":723.96,"steam_gwh":0.0,"oil_gwh":0.0,"ghg_kt":169.97,"density":307.08,"eui_med":68.5,"ghgi_med":5.28,"elec_share":0.107,"mix":{"Multifamily":741.01,"Retail & Hotel":65.07,"Education":22.79},"top":[{"name":"Co-Op City","addr":"Co-Op City Boulevard","type":"Multifamily","gwh":732.25,"eui":118.1},{"name":"2100 Bartow Ave","addr":"2146 BARTOW AVENUE","type":"Retail & Hotel","gwh":19.37,"eui":105.4},{"name":"Mall 1 Bay Plaza (200,260,280)","addr":"200 Baychester Ave","type":"Retail & Hotel","gwh":18.25,"eui":105.4},{"name":"X455, X178, X180, X181, X153, X456 (OECID: 0200252; BBL: 2051410150)","addr":"650-850 Baychester Avenue","type":"Education","gwh":18.22,"eui":51.0},{"name":"Macy's Bay Plaza","addr":"250 Baychester Avenue","type":"Retail & Hotel","gwh":6.35,"eui":135.6}]},"geometry":{"type":"Polygon","coordinates":[[[-73.82024,40.88549],[-73.82005,40.88211],[-73.8233,40.8731],[-73.82127,40.86907],[-73.81579,40.86576],[-73.81684,40.86431],[-73.81992,40.86178],[-73.82722,40.85921],[-73.82802,40.86064],[-73.82956,40.86216],[-73.83369,40.87045],[-73.8348,40.87372],[-73.83469,40.87654],[-73.83377,40.87872],[-73.83246,40.88021],[-73.82986,40.88217],[-73.82606,40.88415],[-73.82661,40.88465],[-73.82206,40.88611],[-73.82119,40.88594],[-73.82082,40.88534],[-73.82024,40.88549]]]}},{"type":"Feature","id":83,"properties":{"nta":"BX1101","name":"Pelham Parkway-Van Nest","boro":"Bronx","area_km2":1.448,"n":98,"gfa_msf":8.61,"energy_gwh":200.1,"elec_gwh":39.75,"gas_gwh":132.03,"steam_gwh":0.0,"oil_gwh":28.28,"ghg_kt":46.74,"density":138.17,"eui_med":81.7,"ghgi_med":5.35,"elec_share":0.199,"mix":{"Multifamily":182.63,"Other":11.22,"Education":5.5,"Retail & Hotel":0.75},"top":[{"name":"CAMPUS - 1601 and 1595 BRONXDALE AVENUE : [1601 Bronxdale Avenue]","addr":"1601 BRONXDALE AVENUE","type":"Other","gwh":8.75,"eui":95.2},{"name":"Stellar - 801-11 Neill Avenue","addr":"801 Neill Avenue","type":"Multifamily","gwh":6.25,"eui":84.5},{"name":"RA COHEN - 2041-47 Holland Ave","addr":"2041 HOLLAND AVENUE","type":"Multifamily","gwh":5.19,"eui":81.7},{"name":"2075 Wallace Ave","addr":"2075 Wallace Ave","type":"Multifamily","gwh":5.14,"eui":100.5},{"name":"2132 Presidential Assets LLC","addr":"2132 Wallace Avenue","type":"Multifamily","gwh":5.06,"eui":98.2}]},"geometry":{"type":"Polygon","coordinates":[[[-73.86179,40.85798],[-73.86212,40.85081],[-73.86304,40.85061],[-73.86251,40.84836],[-73.86119,40.8486],[-73.86039,40.84824],[-73.85738,40.84372],[-73.85334,40.84247],[-73.86347,40.84131],[-73.86921,40.8396],[-73.8736,40.8398],[-73.871,40.84311],[-73.86804,40.84481],[-73.86864,40.84531],[-73.86893,40.84688],[-73.86835,40.84708],[-73.86786,40.84886],[-73.86921,40.84924],[-73.86825,40.85096],[-73.86989,40.85597],[-73.86819,40.85806],[-73.86179,40.85798]]]}},{"type":"Feature","id":84,"properties":{"nta":"BX1102","name":"Morris Park","boro":"Bronx","area_km2":2.586,"n":52,"gfa_msf":10.66,"energy_gwh":627.76,"elec_gwh":223.36,"gas_gwh":374.63,"steam_gwh":0.0,"oil_gwh":29.18,"ghg_kt":163.17,"density":242.77,"eui_med":71.3,"ghgi_med":5.43,"elec_share":0.356,"mix":{"Healthcare":514.37,"Multifamily":52.56,"Education":31.71,"Data Center":23.62,"Other":5.51},"top":[{"name":"AECOM College, Laboratory Spaces and Weiler Campus","addr":"1300 Morris Park Avenue","type":"Healthcare","gwh":248.94,"eui":390.8},{"name":"Benchmarking Group - 23","addr":"1400 Pelham Pkwy South","type":"Healthcare","gwh":101.62,"eui":209.5},{"name":"H+H_4295_Jacobi Medical Center: Jacobi Building","addr":"1400 Pelham Pkwy South","type":"Healthcare","gwh":85.88,"eui":408.9},{"name":"South Campus","addr":"1230 MORRIS PARK AVENUE","type":"Healthcare","gwh":25.76,"eui":434.8},{"name":"DCAS_10224_Public Safety Answering Center II","addr":"350 Marconi St","type":"Data Center","gwh":23.62,"eui":134.3}]},"geometry":{"type":"Polygon","coordinates":[[[-73.83682,40.85728],[-73.83668,40.85665],[-73.83524,40.85649],[-73.83843,40.85547],[-73.8405,40.85419],[-73.84494,40.84822],[-73.84489,40.8502],[-73.84578,40.84797],[-73.84788,40.84599],[-73.84623,40.84449],[-73.84806,40.84307],[-73.85334,40.84247],[-73.85738,40.84372],[-73.86039,40.84824],[-73.86119,40.8486],[-73.86251,40.84836],[-73.86304,40.85061],[-73.86212,40.85081],[-73.86179,40.85798],[-73.8474,40.85868],[-73.83682,40.85728]]]}},{"type":"Feature","id":85,"properties":{"nta":"BX1103","name":"Pelham Gardens","boro":"Bronx","area_km2":2.793,"n":24,"gfa_msf":3.15,"energy_gwh":93.75,"elec_gwh":27.83,"gas_gwh":63.62,"steam_gwh":0.0,"oil_gwh":2.18,"ghg_kt":23.02,"density":33.57,"eui_med":97.3,"ghgi_med":6.79,"elec_share":0.297,"mix":{"Multifamily":50.88,"Healthcare":27.9,"Education":7.77,"Other":3.41,"Retail & Hotel":3.37,"Office":0.42},"top":[{"name":"EASTCHESTER GARDENS","addr":"1134 BURKE AVENUE","type":"Multifamily","gwh":24.8,"eui":101.3},{"name":"Wavecrest - 1130 Burke Avenue","addr":"1130 Burke Avenue","type":"Multifamily","gwh":24.79,"eui":139.2},{"name":"2000 East Gun Hill Road","addr":"2000 East Gun Hill Road","type":"Healthcare","gwh":8.56,"eui":154.7},{"name":"2323 EASTCHESTER LLC","addr":"2323 eastchester Rd","type":"Healthcare","gwh":3.0,"eui":135.0},{"name":"2325 - 2355 Ely Avenue","addr":"2325 Ely Avenue","type":"Healthcare","gwh":2.9,"eui":150.1}]},"geometry":{"type":"Polygon","coordinates":[[[-73.85651,40.87422],[-73.8486,40.87167],[-73.8316,40.86264],[-73.82956,40.86216],[-73.82841,40.86095],[-73.82987,40.85974],[-73.83682,40.85728],[-73.8474,40.85868],[-73.85664,40.85812],[-73.85731,40.85945],[-73.85771,40.86228],[-73.85961,40.86551],[-73.85867,40.86549],[-73.85849,40.87128],[-73.85661,40.87125],[-73.85651,40.87422]]]}},{"type":"Feature","id":86,"properties":{"nta":"BX1104","name":"Allerton","boro":"Bronx","area_km2":1.464,"n":113,"gfa_msf":12.82,"energy_gwh":343.13,"elec_gwh":68.25,"gas_gwh":201.92,"steam_gwh":0.0,"oil_gwh":71.82,"ghg_kt":81.82,"density":234.44,"eui_med":79.2,"ghgi_med":5.44,"elec_share":0.199,"mix":{"Multifamily":292.04,"Education":23.24,"Healthcare":18.87,"Retail & Hotel":6.45,"Other":1.76,"Office":0.77},"top":[{"name":"PELHAM PARKWAY","addr":"910 MACE AVENUE","type":"Multifamily","gwh":56.13,"eui":144.0},{"name":"Pelham Parkway - Bldgs 1-9","addr":"910 MACE AVENUE","type":"Multifamily","gwh":32.93,"eui":188.2},{"name":"PARKSIDE","addr":"2910 BRONX PARK EAST","type":"Multifamily","gwh":31.73,"eui":129.3},{"name":"Beth Abraham Parent","addr":"612 Allerton Avenue,","type":"Healthcare","gwh":11.31,"eui":96.5},{"name":"Pinnacle PARENT - 2280 Olinville Avenue / 2300 Olinville Ave","addr":"2280 Olinville Avenue","type":"Multifamily","gwh":8.16,"eui":109.1}]},"geometry":{"type":"Polygon","coordinates":[[[-73.85849,40.87128],[-73.85867,40.86549],[-73.85961,40.86551],[-73.85771,40.86228],[-73.85731,40.85945],[-73.85664,40.85812],[-73.86819,40.85806],[-73.87105,40.8573],[-73.87041,40.86397],[-73.87054,40.86967],[-73.86433,40.86966],[-73.86427,40.87139],[-73.85849,40.87128]]]}},{"type":"Feature","id":87,"properties":{"nta":"BX1201","name":"Williamsbridge-Olinville","boro":"Bronx","area_km2":3.367,"n":120,"gfa_msf":9.47,"energy_gwh":234.19,"elec_gwh":51.99,"gas_gwh":150.02,"steam_gwh":0.0,"oil_gwh":32.12,"ghg_kt":55.81,"density":69.55,"eui_med":77.2,"ghgi_med":5.34,"elec_share":0.222,"mix":{"Multifamily":197.85,"Education":26.31,"Healthcare":6.24,"Office":2.66,"Retail & Hotel":1.06,"Other":0.07},"top":[{"name":"GUN HILL","addr":"711 MAGENTA STREET","type":"Multifamily","gwh":34.14,"eui":169.7},{"name":"X425 (OECID: 0200217; BBL: 2046330040)","addr":"800 East Gun Hill Road","type":"Education","gwh":12.19,"eui":106.6},{"name":"NB:3000 Bronx Park East","addr":"3000 Bronx Park East","type":"Multifamily","gwh":10.04,"eui":97.3},{"name":"Adee Towers","addr":"3000 Bronx Park East","type":"Multifamily","gwh":10.01,"eui":96.9},{"name":"800 TILDEN STREET","addr":"3531 Bronxwood Avenue","type":"Multifamily","gwh":7.57,"eui":89.3}]},"geometry":{"type":"Polygon","coordinates":[[[-73.84744,40.88698],[-73.85248,40.87946],[-73.85092,40.87789],[-73.85255,40.87709],[-73.85172,40.87684],[-73.85069,40.87549],[-73.85364,40.8733],[-73.85651,40.87422],[-73.85661,40.87125],[-73.86427,40.87139],[-73.86433,40.86966],[-73.87054,40.86967],[-73.87032,40.87562],[-73.86936,40.87811],[-73.87094,40.87851],[-73.87015,40.88035],[-73.87084,40.88045],[-73.86877,40.88422],[-73.867,40.88907],[-73.86369,40.89432],[-73.86356,40.89538],[-73.86136,40.89466],[-73.86274,40.89184],[-73.84744,40.88698]]]}},{"type":"Feature","id":88,"properties":{"nta":"BX1202","name":"Eastchester-Edenwald-Baychester","boro":"Bronx","area_km2":5.239,"n":47,"gfa_msf":7.72,"energy_gwh":167.12,"elec_gwh":54.23,"gas_gwh":101.6,"steam_gwh":0.0,"oil_gwh":9.82,"ghg_kt":42.74,"density":31.9,"eui_med":81.5,"ghgi_med":5.75,"elec_share":0.324,"mix":{"Multifamily":93.65,"Other":23.35,"Healthcare":22.62,"Education":18.5,"Retail & Hotel":9.0},"top":[{"name":"Wavecrest CAMPUS - Boston Secor - 3475 Bivona Street","addr":"3475 Bivona Street","type":"Multifamily","gwh":24.4,"eui":174.1},{"name":"EDENWALD","addr":"1180 GRENADA PLACE","type":"Multifamily","gwh":13.97,"eui":23.8},{"name":"3155 Grace Avenue","addr":"3155 Grace Avenue","type":"Healthcare","gwh":12.94,"eui":268.9},{"name":"3465 Fish Avenue - Section V","addr":"3465 Fish Avenue","type":"Multifamily","gwh":8.52,"eui":89.7},{"name":"3457 Eastchester Road - Section I","addr":"3457 Eastchester Road","type":"Multifamily","gwh":6.79,"eui":87.9}]},"geometry":{"type":"Polygon","coordinates":[[[-73.79323,40.88282],[-73.8052,40.886],[-73.8079,40.88578],[-73.81277,40.88668],[-73.816,40.88656],[-73.82082,40.88534],[-73.82119,40.88594],[-73.82206,40.88611],[-73.82661,40.88465],[-73.82606,40.88415],[-73.82986,40.88217],[-73.83246,40.88021],[-73.83377,40.87872],[-73.83484,40.87579],[-73.83434,40.87203],[-73.82956,40.86216],[-73.8316,40.86264],[-73.8486,40.87167],[-73.85364,40.8733],[-73.85069,40.87549],[-73.85172,40.87684],[-73.85255,40.87709],[-73.85092,40.87789],[-73.85248,40.87946],[-73.84591,40.88974],[-73.85069,40.8913],[-73.83804,40.89414],[-73.82252,40.88943],[-73.82255,40.88981],[-73.82337,40.88992],[-73.82337,40.89097],[-73.82285,40.89121],[-73.79406,40.8837],[-73.79301,40.88336],[-73.79323,40.88282]]]}},{"type":"Feature","id":89,"properties":{"nta":"BX1203","name":"Wakefield-Woodlawn","boro":"Bronx","area_km2":3.683,"n":99,"gfa_msf":6.78,"energy_gwh":167.61,"elec_gwh":46.38,"gas_gwh":96.65,"steam_gwh":0.0,"oil_gwh":23.17,"ghg_kt":41.99,"density":45.5,"eui_med":70.8,"ghgi_med":5.09,"elec_share":0.277,"mix":{"Multifamily":101.1,"Healthcare":45.9,"Education":7.31,"Other":6.75,"Retail & Hotel":3.5,"Office":3.05},"top":[{"name":"The Wakefield Hospital Campus","addr":"600 East 233 Street","type":"Healthcare","gwh":40.45,"eui":261.8},{"name":"Impact Real Estate Management Inc. : 745 EAST 231 STREET","addr":"745 EAST 231 STREET","type":"Multifamily","gwh":10.18,"eui":130.2},{"name":"Bronxwood Tower","addr":"855 E 233Rd Street","type":"Multifamily","gwh":4.96,"eui":140.4},{"name":"NB:855 East 233rd Street","addr":"855 East 233rd Street","type":"Multifamily","gwh":4.96,"eui":133.7},{"name":"Laconia Nursing Home / 1040 East 230th Street","addr":"1040 East 230th Street","type":"Healthcare","gwh":3.92,"eui":179.6}]},"geometry":{"type":"Polygon","coordinates":[[[-73.85107,40.91037],[-73.85348,40.90753],[-73.85092,40.90662],[-73.85017,40.90751],[-73.84482,40.90553],[-73.84489,40.90419],[-73.84139,40.90417],[-73.84078,40.90163],[-73.83918,40.89925],[-73.83965,40.89733],[-73.83839,40.89407],[-73.85069,40.8913],[-73.84591,40.88974],[-73.84744,40.88698],[-73.86274,40.89184],[-73.86136,40.89466],[-73.86402,40.89552],[-73.87049,40.89664],[-73.87712,40.89547],[-73.87644,40.89687],[-73.87522,40.89815],[-73.86996,40.90083],[-73.8679,40.90294],[-73.85947,40.90052],[-73.85908,40.90101],[-73.85938,40.90157],[-73.85886,40.90171],[-73.85946,40.90193],[-73.85958,40.90244],[-73.85926,40.90267],[-73.85816,40.90231],[-73.85711,40.90365],[-73.85699,40.90458],[-73.85743,40.90484],[-73.85718,40.90529],[-73.85601,40.90531],[-73.85681,40.90616],[-73.85424,40.90703],[-73.85374,40.90779],[-73.85471,40.90801],[-73.85459,40.90894],[-73.85296,40.91035],[-73.85227,40.90985],[-73.85107,40.91037]]]}},{"type":"Feature","id":90,"properties":{"nta":"MN0101","name":"Financial District-Battery Park City","boro":"Manhattan","area_km2":1.786,"n":305,"gfa_msf":119.36,"energy_gwh":2483.51,"elec_gwh":1316.94,"gas_gwh":483.81,"steam_gwh":619.04,"oil_gwh":32.05,"ghg_kt":751.77,"density":1390.37,"eui_med":67.2,"ghgi_med":5.84,"elec_share":0.53,"mix":{"Office":1379.72,"Multifamily":800.18,"Retail & Hotel":179.0,"Education":58.63,"Other":38.02,"Healthcare":27.97},"top":[{"name":"One New York Plaza (13 SOUTH STREET)","addr":"13 SOUTH STREET","type":"Office","gwh":68.72,"eui":92.2},{"name":"55 Water","addr":"55 Water St","type":"Office","gwh":65.58,"eui":64.2},{"name":"3 World Financial Center","addr":"200 Vesey Street","type":"Office","gwh":57.48,"eui":85.7},{"name":"28 Liberty","addr":"28 Liberty St","type":"Office","gwh":55.28,"eui":85.7},{"name":"250 Vesey Street","addr":"250 VESEY STREET","type":"Office","gwh":50.96,"eui":85.9}]},"geometry":{"type":"MultiPolygon","coordinates":[[[[-74.00027,40.69497],[-74.00096,40.69407],[-74.00301,40.69478],[-74.0024,40.69571],[-74.00027,40.69497]]],[[[-73.99838,40.69806],[-73.99887,40.69716],[-74.00105,40.69791],[-74.00049,40.69876],[-73.99838,40.69806]]],[[[-73.9975,40.69964],[-73.99802,40.69876],[-74.00002,40.69947],[-73.99947,40.70032],[-73.9975,40.69964]]],[[[-73.99514,40.70297],[-73.9967,40.70088],[-73.99814,40.70152],[-73.99619,40.70338],[-73.99514,40.70297]]],[[[-73.9948,40.70329],[-73.99545,40.70328],[-73.99529,40.70355],[-73.9948,40.70329]]],[[[-73.99488,40.70401],[-73.99488,40.70379],[-73.99503,40.70381],[-73.99488,40.70401]]],[[[-74.01233,40.71887],[-74.01372,40.71368],[-74.00835,40.71136],[-74.00797,40.71145],[-74.00808,40.71172],[-74.00528,40.71225],[-74.00429,40.71291],[-74.00442,40.71219],[-73.99913,40.70798],[-74.00119,40.70686],[-74.00098,40.70642],[-74.00141,40.70618],[-74.00059,40.70541],[-74.00145,40.70487],[-74.00257,40.70552],[-74.00197,40.70474],[-74.00243,40.70468],[-74.00332,40.70563],[-74.00383,40.7053],[-74.00263,40.70422],[-74.00287,40.70408],[-74.00406,40.70515],[-74.0066,40.70369],[-74.0053,40.70256],[-74.00549,40.70243],[-74.00679,40.70357],[-74.00929,40.70193],[-74.0087,40.70114],[-74.00776,40.70155],[-74.00759,40.70133],[-74.00854,40.70092],[-74.00835,40.70067],[-74.00862,40.70055],[-74.00958,40.70184],[-74.01118,40.70145],[-74.0108,40.70021],[-74.01115,40.7009],[-74.01133,40.70057],[-74.01173,40.70077],[-74.01163,40.70046],[-74.01209,40.70068],[-74.01196,40.70004],[-74.01239,40.70062],[-74.01261,40.70011],[-74.01311,40.70051],[-74.01311,40.69977],[-74.01327,40.7005],[-74.01349,40.70048],[-74.01353,40.70011],[-74.01367,40.70013],[-74.01356,40.70094],[-74.01434,40.70113],[-74.01371,40.70107],[-74.01383,40.70241],[-74.01443,40.70315],[-74.01429,40.70455],[-74.01663,40.7048],[-74.01795,40.70398],[-74.01784,40.70424],[-74.01866,40.70443],[-74.01748,40.70467],[-74.01889,40.70473],[-74.01934,40.70609],[-74.01912,40.70698],[-74.01854,40.70692],[-74.01819,40.70782],[-74.01886,40.70805],[-74.01777,40.71283],[-74.0178,40.71235],[-74.01662,40.71216],[-74.01632,40.71341],[-74.01758,40.7136],[-74.01772,40.71307],[-74.01671,40.71862],[-74.01321,40.71832],[-74.01303,40.71913],[-74.01233,40.71887]]]]}},{"type":"Feature","id":91,"properties":{"nta":"MN0102","name":"Tribeca-Civic Center","boro":"Manhattan","area_km2":1.261,"n":324,"gfa_msf":55.62,"energy_gwh":1341.19,"elec_gwh":725.27,"gas_gwh":393.2,"steam_gwh":183.7,"oil_gwh":33.9,"ghg_kt":409.1,"density":1063.21,"eui_med":56.0,"ghgi_med":4.78,"elec_share":0.541,"mix":{"Office":603.38,"Multifamily":435.15,"Other":108.67,"Data Center":89.82,"Education":64.74,"Retail & Hotel":38.17,"Healthcare":1.26},"top":[{"name":"388 Greenwich - HQ","addr":"388 Greenwich","type":"Office","gwh":156.65,"eui":229.4},{"name":"Western Union Building","addr":"56 Hudson Street","type":"Data Center","gwh":88.1,"eui":292.4},{"name":"32 Sixth Avenue","addr":"32 Sixth Avenue","type":"Office","gwh":56.89,"eui":171.9},{"name":"375 Pearl Street Benchmarking","addr":"375 Pearl Street","type":"Office","gwh":45.23,"eui":138.1},{"name":"Stellar - CAMPUS - Independence Plaza","addr":"310 Greenwich Street","type":"Multifamily","gwh":34.53,"eui":67.8}]},"geometry":{"type":"Polygon","coordinates":[[[-73.99931,40.71755],[-74.00079,40.71529],[-74.00045,40.71437],[-74.00075,40.71451],[-74.00097,40.71391],[-74.00157,40.71368],[-74.00093,40.71326],[-74.00051,40.71098],[-74.00142,40.70981],[-74.00442,40.71219],[-74.00429,40.71291],[-74.00528,40.71225],[-74.00808,40.71172],[-74.00797,40.71145],[-74.00835,40.71136],[-74.01372,40.71368],[-74.01229,40.71904],[-74.01303,40.71913],[-74.01291,40.71973],[-74.01341,40.72002],[-74.01638,40.72038],[-74.01631,40.72073],[-74.013,40.72033],[-74.0129,40.72087],[-74.01569,40.72121],[-74.01562,40.72154],[-74.01316,40.72125],[-74.01362,40.72159],[-74.01254,40.7215],[-74.01196,40.72433],[-74.01123,40.72427],[-74.01081,40.72579],[-73.99931,40.71755]]]}},{"type":"Feature","id":92,"properties":{"nta":"MN0201","name":"SoHo-Little Italy-Hudson Square","boro":"Manhattan","area_km2":1.2,"n":375,"gfa_msf":31.8,"energy_gwh":627.66,"elec_gwh":346.09,"gas_gwh":210.43,"steam_gwh":29.25,"oil_gwh":41.37,"ghg_kt":190.53,"density":523.05,"eui_med":61.2,"ghgi_med":5.41,"elec_share":0.551,"mix":{"Office":280.2,"Multifamily":234.39,"Retail & Hotel":74.56,"Other":32.73,"Education":5.78},"top":[{"name":"75 Varick - BM Portal (73 VARICK STREET)","addr":"73 VARICK STREET","type":"Office","gwh":14.73,"eui":50.9},{"name":"Dominick Hotel","addr":"246 Spring Street","type":"Retail & Hotel","gwh":14.55,"eui":127.2},{"name":"101 Avenue of the Americas (95 6 AVENUE)","addr":"95 6 AVENUE","type":"Office","gwh":12.52,"eui":102.4},{"name":"375 Hudson (363 HUDSON STREET)","addr":"363 HUDSON STREET","type":"Office","gwh":11.66,"eui":44.9},{"name":"UPS INC (NY) : 325 WEST HOUSTON STREET","addr":"325 WEST HOUSTON STREET","type":"Other","gwh":10.65,"eui":141.5}]},"geometry":{"type":"Polygon","coordinates":[[[-74.00282,40.72836],[-73.99677,40.72543],[-73.9926,40.72414],[-73.99481,40.71846],[-73.99606,40.71623],[-73.99931,40.71755],[-74.01081,40.72579],[-74.01123,40.72427],[-74.01196,40.72433],[-74.01165,40.72587],[-74.0152,40.72636],[-74.01512,40.72679],[-74.01154,40.72645],[-74.01138,40.72823],[-74.01064,40.72817],[-74.01055,40.7291],[-74.00282,40.72836]]]}},{"type":"Feature","id":93,"properties":{"nta":"MN0202","name":"Greenwich Village","boro":"Manhattan","area_km2":0.985,"n":299,"gfa_msf":37.34,"energy_gwh":1007.42,"elec_gwh":303.14,"gas_gwh":602.31,"steam_gwh":8.43,"oil_gwh":76.27,"ghg_kt":253.13,"density":1022.71,"eui_med":64.4,"ghgi_med":5.1,"elec_share":0.301,"mix":{"Education":513.89,"Multifamily":353.05,"Office":82.05,"Other":35.09,"Retail & Hotel":23.34},"top":[{"name":"NYU: Washington Square CoGen Campus","addr":"70 Washington Square South","type":"Education","gwh":394.97,"eui":178.4},{"name":"1 Washington Square Village","addr":"1 Washington Square Village","type":"Education","gwh":17.16,"eui":190.9},{"name":"Hilary Gardens","addr":"300 Mercer","type":"Multifamily","gwh":15.04,"eui":104.8},{"name":"726 Broadway","addr":"726 Broadway","type":"Education","gwh":14.08,"eui":137.2},{"name":"The 60 East 8th Street Condominium (60 E 8th St)","addr":"60 E 8th St","type":"Multifamily","gwh":12.65,"eui":81.6}]},"geometry":{"type":"Polygon","coordinates":[[[-73.9899,40.73443],[-73.99123,40.72773],[-73.9926,40.72414],[-73.99677,40.72543],[-74.00282,40.72836],[-74.00141,40.73107],[-73.99684,40.73736],[-73.9899,40.73443]]]}},{"type":"Feature","id":94,"properties":{"nta":"MN0203","name":"West Village","boro":"Manhattan","area_km2":1.339,"n":221,"gfa_msf":20.38,"energy_gwh":434.17,"elec_gwh":205.36,"gas_gwh":189.07,"steam_gwh":23.25,"oil_gwh":16.34,"ghg_kt":124.35,"density":324.16,"eui_med":67.3,"ghgi_med":5.25,"elec_share":0.473,"mix":{"Multifamily":274.26,"Office":74.71,"Other":27.96,"Retail & Hotel":27.37,"Education":16.65,"Healthcare":13.22},"top":[{"name":"The Greenwich Lane - Parent","addr":"1 7 Avenue","type":"Multifamily","gwh":19.36,"eui":93.8},{"name":"395 Hudson New York LLC","addr":"395 Hudson Street","type":"Office","gwh":15.51,"eui":72.4},{"name":"Standard Hotel","addr":"848 Washington Street","type":"Retail & Hotel","gwh":12.32,"eui":191.7},{"name":"Whitney Museum of American Art","addr":"93 Gansevoort Street","type":"Other","gwh":11.47,"eui":177.9},{"name":"NH Lenox Health, Greenwich Village 1011094","addr":"20 7 Avenue","type":"Healthcare","gwh":10.67,"eui":240.2}]},"geometry":{"type":"Polygon","coordinates":[[[-74.00915,40.7425],[-73.99684,40.73736],[-74.00141,40.73107],[-74.00282,40.72836],[-74.01055,40.7291],[-74.01064,40.72817],[-74.01439,40.72846],[-74.01409,40.73066],[-74.01116,40.73045],[-74.01099,40.73232],[-74.01094,40.73301],[-74.014,40.73307],[-74.014,40.73333],[-74.01073,40.73346],[-74.01083,40.73401],[-74.01202,40.73406],[-74.012,40.73434],[-74.01081,40.73428],[-74.01048,40.73806],[-74.01114,40.73839],[-74.01045,40.73836],[-74.01039,40.73917],[-74.01158,40.73926],[-74.01146,40.74058],[-74.01216,40.74061],[-74.01266,40.74075],[-74.00963,40.74065],[-74.00962,40.74136],[-74.0114,40.74182],[-74.01084,40.7426],[-74.01013,40.74258],[-74.00932,40.74224],[-74.00915,40.7425]],[[-74.00937,40.74219],[-74.01009,40.74249],[-74.00982,40.74217],[-74.01017,40.74167],[-74.00936,40.74142],[-74.00937,40.74219]]]}},{"type":"Feature","id":95,"properties":{"nta":"MN0301","name":"Chinatown-Two Bridges","boro":"Manhattan","area_km2":1.072,"n":97,"gfa_msf":16.29,"energy_gwh":433.48,"elec_gwh":121.25,"gas_gwh":250.44,"steam_gwh":41.29,"oil_gwh":20.43,"ghg_kt":107.54,"density":404.28,"eui_med":66.7,"ghgi_med":5.21,"elec_share":0.28,"mix":{"Multifamily":336.48,"Healthcare":30.99,"Other":23.3,"Education":17.38,"Retail & Hotel":13.25,"Office":12.09},"top":[{"name":"SMITH","addr":"20 CATHERINE SLIP","type":"Multifamily","gwh":69.91,"eui":111.0},{"name":"LA GUARDIA/LA GUARDIA ADDITION CAMPUS","addr":"45 RUTGERS STREET","type":"Multifamily","gwh":48.94,"eui":143.1},{"name":"LA GUARDIA (SITES 1-5) - 1002560001","addr":"45 RUTGERS STREET","type":"Multifamily","gwh":48.18,"eui":279.5},{"name":"H+H_4278_Gouverneur Health Care Services","addr":"227 Madison St","type":"Healthcare","gwh":30.99,"eui":226.9},{"name":"225 CHERRY STREET","addr":"252 South Street","type":"Multifamily","gwh":26.32,"eui":61.9}]},"geometry":{"type":"Polygon","coordinates":[[[-73.9845,40.70951],[-73.98839,40.70913],[-73.9888,40.70997],[-73.99728,40.70873],[-73.99913,40.70798],[-74.00142,40.70981],[-74.00051,40.71098],[-74.00093,40.71326],[-74.00157,40.71368],[-74.00097,40.71391],[-74.00075,40.71451],[-74.00045,40.71437],[-74.00079,40.71529],[-73.99931,40.71755],[-73.99606,40.71623],[-73.99481,40.71846],[-73.98915,40.71671],[-73.99022,40.7144],[-73.98934,40.71413],[-73.98534,40.71446],[-73.9845,40.70951]]]}},{"type":"Feature","id":96,"properties":{"nta":"MN0302","name":"Lower East Side","boro":"Manhattan","area_km2":1.531,"n":141,"gfa_msf":29.16,"energy_gwh":760.81,"elec_gwh":214.57,"gas_gwh":409.14,"steam_gwh":125.62,"oil_gwh":11.2,"ghg_kt":189.73,"density":497.06,"eui_med":68.0,"ghgi_med":5.35,"elec_share":0.282,"mix":{"Multifamily":658.56,"Retail & Hotel":42.17,"Education":25.52,"Other":18.31,"Healthcare":13.16,"Office":3.11},"top":[{"name":"Campus - ERHC-HHC-AD","addr":"Various","type":"Multifamily","gwh":81.34,"eui":81.2},{"name":"East River Housing - 570 Grand Street - CHILD","addr":"568 Grand Street","type":"Multifamily","gwh":66.02,"eui":385.3},{"name":"BARUCH/BARUCH HOUSES ADDITION","addr":"605 FDR DRIVE","type":"Multifamily","gwh":56.45,"eui":90.2},{"name":"VLADECK/VLADECK II CAMPUS","addr":"70 GOUVERNEUR STREET","type":"Multifamily","gwh":55.16,"eui":135.3},{"name":"75 Columbia Street - 41109","addr":"75 Columbia Street","type":"Multifamily","gwh":38.21,"eui":99.5}]},"geometry":{"type":"MultiPolygon","coordinates":[[[[-73.9823,40.70574],[-73.98242,40.70582],[-73.98102,40.7059],[-73.9823,40.70574]]],[[[-73.9926,40.72414],[-73.97357,40.7186],[-73.97682,40.71142],[-73.97808,40.71053],[-73.9845,40.70951],[-73.98534,40.71446],[-73.98934,40.71413],[-73.99022,40.7144],[-73.98915,40.71671],[-73.99481,40.71846],[-73.9926,40.72414]]]]}},{"type":"Feature","id":97,"properties":{"nta":"MN0303","name":"East Village","boro":"Manhattan","area_km2":1.763,"n":240,"gfa_msf":23.93,"energy_gwh":674.66,"elec_gwh":250.07,"gas_gwh":361.67,"steam_gwh":31.13,"oil_gwh":30.44,"ghg_kt":178.85,"density":382.61,"eui_med":70.7,"ghgi_med":5.48,"elec_share":0.371,"mix":{"Multifamily":529.06,"Education":65.39,"Office":30.87,"Retail & Hotel":21.41,"Healthcare":16.86,"Other":11.07},"top":[{"name":"RIIS - SITES 9-13","addr":"134 AVENUE D","type":"Multifamily","gwh":53.1,"eui":457.7},{"name":"WALD","addr":"10 AVENUE D","type":"Multifamily","gwh":52.55,"eui":105.3},{"name":"Village View","addr":"40 First Avenue","type":"Multifamily","gwh":33.14,"eui":91.6},{"name":"RIIS II - SITES 18 and 15","addr":"90 AVENUE D","type":"Multifamily","gwh":30.36,"eui":216.4},{"name":"60 First Ave - 7144","addr":"60 First Ave","type":"Multifamily","gwh":29.14,"eui":464.1}]},"geometry":{"type":"MultiPolygon","coordinates":[[[[-73.96718,40.71848],[-73.96656,40.71802],[-73.96731,40.71831],[-73.96718,40.71848]]],[[[-73.96664,40.71913],[-73.96636,40.71905],[-73.96574,40.71871],[-73.96664,40.71913]]],[[[-73.9656,40.72074],[-73.96512,40.72032],[-73.96568,40.72068],[-73.9656,40.72074]]],[[[-73.96483,40.7208],[-73.96436,40.72048],[-73.96503,40.72079],[-73.96483,40.7208]]],[[[-73.96431,40.72106],[-73.96407,40.7208],[-73.96438,40.72099],[-73.96431,40.72106]]],[[[-73.96484,40.72146],[-73.96427,40.72058],[-73.96495,40.72142],[-73.96484,40.72146]]],[[[-73.97163,40.72663],[-73.97357,40.7186],[-73.97722,40.71931],[-73.9926,40.72414],[-73.99123,40.72773],[-73.9899,40.73443],[-73.97205,40.72688],[-73.97163,40.72663]]]]}},{"type":"Feature","id":98,"properties":{"nta":"MN0401","name":"Chelsea-Hudson Yards","boro":"Manhattan","area_km2":2.757,"n":531,"gfa_msf":103.28,"energy_gwh":2517.6,"elec_gwh":1034.86,"gas_gwh":1235.6,"steam_gwh":143.52,"oil_gwh":102.24,"ghg_kt":688.88,"density":913.3,"eui_med":63.4,"ghgi_med":5.19,"elec_share":0.411,"mix":{"Multifamily":1060.19,"Office":860.38,"Other":399.95,"Retail & Hotel":147.06,"Education":45.24,"Healthcare":4.79},"top":[{"name":"Hudson Yards Cogen Campus","addr":"500 W 33rd St","type":"Other","gwh":317.3,"eui":139.9},{"name":"20-30 Hudson Yards","addr":"500 West 33rd St.","type":"Office","gwh":161.19,"eui":144.3},{"name":"111 Eighth Avenue","addr":"111 8th Avenue","type":"Office","gwh":141.49,"eui":203.2},{"name":"Penn South","addr":"321 Eighth Ave","type":"Multifamily","gwh":67.86,"eui":68.3},{"name":"10 Hudson Yards","addr":"501 W 30th Street","type":"Office","gwh":60.9,"eui":118.2}]},"geometry":{"type":"Polygon","coordinates":[[[-74.00179,40.76229],[-73.99547,40.75963],[-73.9973,40.75711],[-73.99163,40.75471],[-73.9971,40.74721],[-73.99142,40.7448],[-73.99684,40.73736],[-74.00915,40.7425],[-74.00957,40.74326],[-74.01215,40.74356],[-74.01202,40.74394],[-74.0089,40.74392],[-74.00873,40.74488],[-74.00992,40.74533],[-74.00987,40.74492],[-74.01017,40.74494],[-74.00997,40.74532],[-74.01047,40.74539],[-74.01042,40.74498],[-74.01076,40.74501],[-74.01053,40.74538],[-74.0111,40.74545],[-74.01104,40.74505],[-74.01139,40.74507],[-74.01115,40.74545],[-74.01174,40.74552],[-74.01184,40.74513],[-74.01178,40.7456],[-74.01168,40.74598],[-74.00946,40.74575],[-74.00936,40.74634],[-74.01159,40.7466],[-74.01148,40.74699],[-74.00924,40.74676],[-74.00914,40.74736],[-74.01141,40.74763],[-74.0113,40.74801],[-74.00906,40.74779],[-74.00895,40.74841],[-74.01122,40.74868],[-74.01111,40.74905],[-74.00995,40.74893],[-74.0091,40.75037],[-74.01068,40.75102],[-74.01056,40.75132],[-74.009,40.75065],[-74.00853,40.75188],[-74.00934,40.75236],[-74.00843,40.75216],[-74.00999,40.75282],[-74.00997,40.75293],[-74.00835,40.75235],[-74.00774,40.75434],[-74.0048,40.75781],[-74.00528,40.75803],[-74.00503,40.75836],[-74.007,40.75923],[-74.00651,40.75989],[-74.0045,40.75908],[-74.00381,40.75951],[-74.00432,40.75991],[-74.00367,40.75971],[-74.00393,40.76],[-74.00234,40.76154],[-74.00445,40.76266],[-74.0022,40.76173],[-74.00179,40.76229]]]}},{"type":"Feature","id":99,"properties":{"nta":"MN0402","name":"Hell's Kitchen","boro":"Manhattan","area_km2":1.708,"n":302,"gfa_msf":53.21,"energy_gwh":1220.72,"elec_gwh":572.07,"gas_gwh":500.62,"steam_gwh":105.57,"oil_gwh":39.99,"ghg_kt":350.13,"density":714.8,"eui_med":71.9,"ghgi_med":5.55,"elec_share":0.469,"mix":{"Multifamily":628.93,"Other":200.97,"Office":182.13,"Retail & Hotel":156.87,"Education":31.84,"Data Center":16.15,"Healthcare":3.83},"top":[{"name":"CBS Broadcast Center","addr":"530 W 57th Street","type":"Other","gwh":61.57,"eui":284.8},{"name":"825 8th Ave Worldwide Plaza","addr":"825 8th Avenue","type":"Office","gwh":38.3,"eui":83.7},{"name":"Manhattan Plaza (mn38)","addr":"400 W 43rd St","type":"Multifamily","gwh":38.21,"eui":76.8},{"name":"MiMA","addr":"560 10 Avenue","type":"Multifamily","gwh":34.22,"eui":104.2},{"name":"DSNY_3888_Manhattan 4, 4A, 7 District Garage; Salt","addr":"650 West 57th St","type":"Other","gwh":32.65,"eui":229.3}]},"geometry":{"type":"Polygon","coordinates":[[[-73.99612,40.77328],[-73.99416,40.77249],[-73.99341,40.77288],[-73.99378,40.7722],[-73.98236,40.76739],[-73.99163,40.75471],[-73.9973,40.75711],[-73.99547,40.75963],[-74.00179,40.76229],[-74.00153,40.76264],[-74.00376,40.76358],[-74.00139,40.76285],[-74.00097,40.76342],[-74.00315,40.76433],[-74.0031,40.76475],[-73.99962,40.76356],[-73.99915,40.76421],[-74.00229,40.76556],[-74.00202,40.76589],[-73.99888,40.76457],[-73.99828,40.76557],[-74.00157,40.76698],[-74.00131,40.76725],[-73.99807,40.76587],[-73.99738,40.76682],[-74.00065,40.76825],[-74.00039,40.7685],[-73.99716,40.76713],[-73.99646,40.7681],[-73.99974,40.76951],[-73.99947,40.76976],[-73.99707,40.76873],[-73.99657,40.76942],[-73.99903,40.77046],[-73.99876,40.77083],[-73.99631,40.7698],[-73.99542,40.77103],[-73.9959,40.77145],[-73.99531,40.7712],[-73.99493,40.77152],[-73.99707,40.77254],[-73.99687,40.77282],[-73.99477,40.77193],[-73.99445,40.77238],[-73.99612,40.77328]]]}},{"type":"Feature","id":100,"properties":{"nta":"MN0501","name":"Midtown South-Flatiron-Union Square","boro":"Manhattan","area_km2":1.382,"n":636,"gfa_msf":94.11,"energy_gwh":1799.39,"elec_gwh":932.11,"gas_gwh":537.71,"steam_gwh":138.98,"oil_gwh":187.39,"ghg_kt":543.34,"density":1301.73,"eui_med":60.6,"ghgi_med":5.21,"elec_share":0.518,"mix":{"Office":983.9,"Multifamily":531.08,"Retail & Hotel":172.47,"Education":79.21,"Other":32.74},"top":[{"name":"PENN 1 (LL97)","addr":"242 WEST 34 STREET","type":"Office","gwh":116.49,"eui":159.7},{"name":"ESRT - Empire State Building","addr":"338 5 AVENUE","type":"Office","gwh":51.32,"eui":61.4},{"name":"11 Madison Avenue","addr":"11 Madison Avenue","type":"Office","gwh":34.42,"eui":52.7},{"name":"51 Madison","addr":"51 Madison Avenue","type":"Office","gwh":28.5,"eui":65.5},{"name":"63 Madison Avenue-RDA","addr":"63 Madison Ave","type":"Office","gwh":21.71,"eui":101.7}]},"geometry":{"type":"Polygon","coordinates":[[[-73.98085,40.74775],[-73.98987,40.73541],[-73.9899,40.73443],[-73.99684,40.73736],[-73.99142,40.7448],[-73.9971,40.74721],[-73.99346,40.75219],[-73.98777,40.74979],[-73.98729,40.75045],[-73.98085,40.74775]]]}},{"type":"Feature","id":101,"properties":{"nta":"MN0502","name":"Midtown-Times Square","boro":"Manhattan","area_km2":2.281,"n":842,"gfa_msf":243.87,"energy_gwh":5736.47,"elec_gwh":3138.7,"gas_gwh":998.29,"steam_gwh":1427.31,"oil_gwh":155.91,"ghg_kt":1779.97,"density":2514.89,"eui_med":69.8,"ghgi_med":6.35,"elec_share":0.547,"mix":{"Office":3524.43,"Retail & Hotel":1089.14,"Multifamily":720.2,"Other":363.4,"Education":38.63,"Healthcare":0.68},"top":[{"name":"Rockefeller Center (All Bldgs)","addr":"Rockefeller Center","type":"Office","gwh":207.5,"eui":87.9},{"name":"New York Marriott Marquis Hotel - LL84","addr":"1535 Broadway","type":"Retail & Hotel","gwh":103.31,"eui":181.4},{"name":"30 Rockefeller Plaza (Bld 1 &amp; 9)","addr":"30 Rockefeller Plaza","type":"Office","gwh":89.79,"eui":107.0},{"name":"One Bryant Park","addr":"One Bryant Park","type":"Office","gwh":72.64,"eui":110.8},{"name":"1633 Broadway - Paramount Plaza","addr":"1633 Broadway","type":"Office","gwh":68.69,"eui":82.6}]},"geometry":{"type":"Polygon","coordinates":[[[-73.98149,40.76788],[-73.9698,40.76291],[-73.97581,40.75468],[-73.97652,40.75497],[-73.97697,40.75435],[-73.97835,40.75241],[-73.97768,40.75212],[-73.98085,40.74775],[-73.98729,40.75045],[-73.98777,40.74979],[-73.99346,40.75219],[-73.98211,40.76774],[-73.98149,40.76788]]]}},{"type":"Feature","id":102,"properties":{"nta":"MN0601","name":"Stuyvesant Town-Peter Cooper Village","boro":"Manhattan","area_km2":0.518,"n":2,"gfa_msf":12.07,"energy_gwh":189.44,"elec_gwh":58.12,"gas_gwh":9.66,"steam_gwh":118.27,"oil_gwh":0.0,"ghg_kt":51.37,"density":365.72,"eui_med":52.1,"ghgi_med":4.16,"elec_share":0.307,"mix":{"Multifamily":189.44},"top":[{"name":"Stuyvesant Town","addr":"252 First Ave","type":"Multifamily","gwh":146.0,"eui":55.0},{"name":"Peter Cooper Village","addr":"360 First Avenue","type":"Multifamily","gwh":43.44,"eui":49.2}]},"geometry":{"type":"MultiPolygon","coordinates":[[[[-73.96247,40.72413],[-73.96201,40.72399],[-73.96207,40.72388],[-73.96247,40.72413]]],[[[-73.97854,40.73689],[-73.97444,40.73532],[-73.97341,40.73128],[-73.97152,40.72935],[-73.97163,40.72663],[-73.98256,40.73135],[-73.97854,40.73689]]]]}},{"type":"Feature","id":103,"properties":{"nta":"MN0602","name":"Gramercy","boro":"Manhattan","area_km2":0.699,"n":200,"gfa_msf":25.78,"energy_gwh":554.37,"elec_gwh":224.83,"gas_gwh":182.66,"steam_gwh":81.34,"oil_gwh":65.21,"ghg_kt":156.47,"density":792.88,"eui_med":70.2,"ghgi_med":5.48,"elec_share":0.406,"mix":{"Multifamily":348.14,"Office":99.55,"Education":36.77,"Healthcare":35.0,"Retail & Hotel":19.07,"Other":15.85},"top":[{"name":"Zeckendorf Towers","addr":"10 Union Square E.","type":"Multifamily","gwh":30.83,"eui":106.3},{"name":"East Midtown Plaza (Campus)","addr":"401 1st Ave; 400 2nd Ave; 319 East 24th St; 311 East 23rd St; 333\nEast23rd St; 320 East 25th St","type":"Multifamily","gwh":25.37,"eui":85.8},{"name":"East Midtown Plaza - Building A - 400 2nd Avenue","addr":"400 2nd Avenue","type":"Multifamily","gwh":23.97,"eui":297.5},{"name":"NYU Langone Orthopedic Hospital","addr":"301 E. 17th Street","type":"Healthcare","gwh":22.75,"eui":230.3},{"name":"345 Park Avenue South - PAS Holding","addr":"345 Park Avenue South","type":"Healthcare","gwh":10.55,"eui":143.7}]},"geometry":{"type":"Polygon","coordinates":[[[-73.97805,40.73755],[-73.98256,40.73135],[-73.9899,40.73443],[-73.98987,40.73541],[-73.98407,40.74332],[-73.98086,40.74197],[-73.98267,40.7395],[-73.97805,40.73755]]]}},{"type":"Feature","id":104,"properties":{"nta":"MN0603","name":"Murray Hill-Kips Bay","boro":"Manhattan","area_km2":1.465,"n":302,"gfa_msf":66.09,"energy_gwh":1798.24,"elec_gwh":649.86,"gas_gwh":701.94,"steam_gwh":351.66,"oil_gwh":92.98,"ghg_kt":486.11,"density":1227.31,"eui_med":71.0,"ghgi_med":5.58,"elec_share":0.361,"mix":{"Multifamily":746.77,"Healthcare":561.69,"Office":339.35,"Retail & Hotel":91.66,"Education":27.77,"Other":17.28,"Data Center":13.71},"top":[{"name":"LL84 NYU Langone Health - Main Campus","addr":"550 First Avenue","type":"Healthcare","gwh":354.96,"eui":342.9},{"name":"Alexandria Center for Life Science","addr":"430-450 East 29th ST","type":"Healthcare","gwh":53.76,"eui":257.8},{"name":"NYU Langone Ambulatory Care Center - 38th St","addr":"240 E. 38th St","type":"Healthcare","gwh":39.91,"eui":255.7},{"name":"816111 - Waterside Plaza","addr":"30 Waterside Plaza","type":"Multifamily","gwh":26.03,"eui":49.4},{"name":"DEPM 2492 - 330 East 38th Street","addr":"330 East 38 Street","type":"Multifamily","gwh":25.24,"eui":87.0}]},"geometry":{"type":"MultiPolygon","coordinates":[[[[-73.96225,40.72999],[-73.96128,40.73006],[-73.96255,40.72974],[-73.96225,40.72999]]],[[[-73.9637,40.73144],[-73.96167,40.73148],[-73.96366,40.73125],[-73.9637,40.73144]]],[[[-73.96065,40.74413],[-73.96057,40.74403],[-73.96067,40.74405],[-73.96065,40.74413]]],[[[-73.97768,40.75212],[-73.97444,40.75076],[-73.9735,40.75206],[-73.97126,40.75112],[-73.96891,40.75011],[-73.96999,40.74887],[-73.96791,40.74797],[-73.97094,40.74447],[-73.97111,40.7442],[-73.9707,40.74399],[-73.97118,40.7441],[-73.97189,40.74272],[-73.97266,40.73922],[-73.97249,40.7358],[-73.97447,40.73628],[-73.97414,40.73596],[-73.9745,40.73604],[-73.97447,40.73567],[-73.97306,40.73518],[-73.97276,40.73551],[-73.97295,40.73507],[-73.97354,40.73494],[-73.97834,40.73672],[-73.97805,40.73755],[-73.98267,40.7395],[-73.98086,40.74197],[-73.98407,40.74332],[-73.97768,40.75212]]]]}},{"type":"Feature","id":105,"properties":{"nta":"MN0604","name":"East Midtown-Turtle Bay","boro":"Manhattan","area_km2":1.221,"n":375,"gfa_msf":91.66,"energy_gwh":1901.98,"elec_gwh":898.39,"gas_gwh":415.34,"steam_gwh":497.45,"oil_gwh":89.76,"ghg_kt":563.84,"density":1558.22,"eui_med":66.4,"ghgi_med":5.48,"elec_share":0.472,"mix":{"Multifamily":831.18,"Office":796.71,"Other":132.17,"Retail & Hotel":112.89,"Education":22.98,"Healthcare":6.06},"top":[{"name":"345 Park Ave LP","addr":"345 Park Ave","type":"Office","gwh":64.29,"eui":123.0},{"name":"277 Park Avenue","addr":"277 Park Avenue","type":"Office","gwh":61.89,"eui":121.0},{"name":"731 Lexington Avenue, Manhattan","addr":"723 LEXINGTON AVENUE","type":"Other","gwh":48.44,"eui":117.9},{"name":"245 Park Avenue","addr":"245 Park Avenue","type":"Office","gwh":39.25,"eui":84.9},{"name":"399 Park Avenue","addr":"399 Park Avenue","type":"Office","gwh":37.08,"eui":75.7}]},"geometry":{"type":"Polygon","coordinates":[[[-73.9698,40.76291],[-73.95893,40.75834],[-73.95849,40.75855],[-73.96471,40.75172],[-73.96723,40.75269],[-73.96891,40.75011],[-73.9735,40.75206],[-73.97444,40.75076],[-73.97835,40.75241],[-73.97652,40.75497],[-73.97581,40.75468],[-73.9698,40.76291]]]}},{"type":"Feature","id":106,"properties":{"nta":"MN0701","name":"Upper West Side-Lincoln Square","boro":"Manhattan","area_km2":1.468,"n":294,"gfa_msf":74.64,"energy_gwh":1738.83,"elec_gwh":696.41,"gas_gwh":661.11,"steam_gwh":264.3,"oil_gwh":116.17,"ghg_kt":482.73,"density":1184.79,"eui_med":69.1,"ghgi_med":5.32,"elec_share":0.401,"mix":{"Multifamily":1242.44,"Other":257.7,"Office":108.27,"Education":76.08,"Healthcare":53.02,"Retail & Hotel":1.31},"top":[{"name":"Deutsche Bank Center","addr":"10 Columbus Circle","type":"Other","gwh":94.71,"eui":124.5},{"name":"CIG &gt; LCPA_CAMPUS ON CMP","addr":"1 Lincoln Center","type":"Other","gwh":75.37,"eui":107.3},{"name":"MSHS. Mount Sinai West","addr":"1000 10th AVE","type":"Healthcare","gwh":53.02,"eui":206.3},{"name":"ONE LINCOLN PLAZA","addr":"20 W. 64Th Street","type":"Multifamily","gwh":45.14,"eui":143.3},{"name":"AMSTERDAM","addr":"40 AMSTERDAM AVENUE","type":"Multifamily","gwh":42.3,"eui":160.3}]},"geometry":{"type":"Polygon","coordinates":[[[-73.975,40.77753],[-73.98168,40.76839],[-73.98149,40.76788],[-73.98236,40.76739],[-73.99378,40.7722],[-73.99333,40.77283],[-73.99624,40.77379],[-73.9961,40.77409],[-73.99394,40.77318],[-73.99227,40.77512],[-73.99206,40.7755],[-73.99239,40.77556],[-73.99093,40.77757],[-73.9904,40.77759],[-73.98887,40.77969],[-73.99155,40.77957],[-73.98889,40.77988],[-73.98813,40.7814],[-73.98568,40.78031],[-73.98507,40.78178],[-73.975,40.77753]]]}},{"type":"Feature","id":107,"properties":{"nta":"MN0702","name":"Upper West Side (Central)","boro":"Manhattan","area_km2":2.361,"n":595,"gfa_msf":69.99,"energy_gwh":1375.79,"elec_gwh":397.58,"gas_gwh":686.23,"steam_gwh":104.41,"oil_gwh":184.61,"ghg_kt":351.69,"density":582.78,"eui_med":63.8,"ghgi_med":4.69,"elec_share":0.289,"mix":{"Multifamily":1180.57,"Other":93.54,"Retail & Hotel":45.19,"Education":37.69,"Healthcare":13.81,"Office":4.98},"top":[{"name":"CIG &gt; AMNH_50_American Museum of Natural History","addr":"200 Central Park West","type":"Other","gwh":62.56,"eui":117.3},{"name":"275 West 96th Street and 250 West 97th Street (Parent Property)","addr":"275 West 96th Street and 250 West 97th Street","type":"Multifamily","gwh":16.62,"eui":125.8},{"name":"Copy of DEPM 1816 - 225 West 86th Street","addr":"2376 Broadway","type":"Multifamily","gwh":13.31,"eui":65.8},{"name":"DEPM 2440 - 211 Central Park West","addr":"211 Central Park West","type":"Multifamily","gwh":13.1,"eui":73.5},{"name":"145-146 Central Park West","addr":"145 CENTRAL PARK W.","type":"Multifamily","gwh":12.85,"eui":86.4}]},"geometry":{"type":"Polygon","coordinates":[[[-73.96418,40.79236],[-73.975,40.77753],[-73.98507,40.78178],[-73.98568,40.78031],[-73.98813,40.7814],[-73.98547,40.78536],[-73.98617,40.78607],[-73.98712,40.78521],[-73.98613,40.78624],[-73.98543,40.78541],[-73.98508,40.78592],[-73.98577,40.7862],[-73.98502,40.78601],[-73.98466,40.78653],[-73.98595,40.78649],[-73.98462,40.78659],[-73.9764,40.79827],[-73.96942,40.79536],[-73.96987,40.79474],[-73.96418,40.79236]]]}},{"type":"Feature","id":108,"properties":{"nta":"MN0703","name":"Upper West Side-Manhattan Valley","boro":"Manhattan","area_km2":1.226,"n":260,"gfa_msf":29.32,"energy_gwh":652.85,"elec_gwh":163.22,"gas_gwh":434.55,"steam_gwh":0.0,"oil_gwh":54.3,"ghg_kt":156.82,"density":532.35,"eui_med":65.8,"ghgi_med":4.58,"elec_share":0.25,"mix":{"Multifamily":592.93,"Healthcare":30.34,"Education":18.5,"Retail & Hotel":7.33,"Other":3.1,"Office":0.66},"top":[{"name":"DOUGLASS I/DOUGLASS II CAMPUS","addr":"825 COLUMBUS AVENUE","type":"Multifamily","gwh":77.93,"eui":119.7},{"name":"DOUGLASS I/DOUGLASS II","addr":"825 COLUMBUS AVENUE","type":"Multifamily","gwh":77.92,"eui":119.7},{"name":"808 Columbus Avenue","addr":"808 Columbus Avenue","type":"Multifamily","gwh":16.16,"eui":87.1},{"name":"120 West 106 Street","addr":"120 West 106 Street","type":"Healthcare","gwh":14.14,"eui":202.6},{"name":"Jewish Home and Hospital 120 W 106","addr":"120 West 106th Street","type":"Healthcare","gwh":14.1,"eui":222.1}]},"geometry":{"type":"Polygon","coordinates":[[[-73.97111,40.80579],[-73.95817,40.80058],[-73.96418,40.79236],[-73.96987,40.79474],[-73.96942,40.79536],[-73.9764,40.79827],[-73.97111,40.80579]]]}},{"type":"Feature","id":109,"properties":{"nta":"MN0801","name":"Upper East Side-Lenox Hill-Roosevelt Island","boro":"Manhattan","area_km2":1.998,"n":347,"gfa_msf":68.08,"energy_gwh":2274.7,"elec_gwh":781.5,"gas_gwh":1239.31,"steam_gwh":180.19,"oil_gwh":67.92,"ghg_kt":582.3,"density":1138.77,"eui_med":68.6,"ghgi_med":5.17,"elec_share":0.344,"mix":{"Multifamily":1157.13,"Healthcare":792.39,"Other":253.28,"Education":33.28,"Office":26.52,"Retail & Hotel":12.09},"top":[{"name":"NYP Cornell (East Campus)","addr":"525 East 68th Street","type":"Healthcare","gwh":313.74,"eui":382.1},{"name":"MSKCC - Super Campus -(Main Campus / Schwartz / RRL/ ZRC )","addr":"1275  York Ave","type":"Other","gwh":201.66,"eui":282.3},{"name":"Zuckerman Research Center - (Child of MSKCC Super Campus)","addr":"415 E 68 St","type":"Healthcare","gwh":83.49,"eui":404.8},{"name":"Westview - 595-625 Main Street","addr":"595 Main Street","type":"Multifamily","gwh":64.54,"eui":417.9},{"name":"David H Koch Center","addr":"1283 York Ave","type":"Healthcare","gwh":63.73,"eui":247.6}]},"geometry":{"type":"MultiPolygon","coordinates":[[[[-73.95769,40.74854],[-73.95749,40.74834],[-73.95784,40.74834],[-73.95769,40.74854]]],[[[-73.9357,40.77177],[-73.93557,40.77163],[-73.93585,40.77172],[-73.9357,40.77177]]],[[[-73.94036,40.7705],[-73.94286,40.7683],[-73.95322,40.75643],[-73.95791,40.75211],[-73.96091,40.7498],[-73.96154,40.74972],[-73.95902,40.7536],[-73.95209,40.76086],[-73.94472,40.76979],[-73.94213,40.77203],[-73.94008,40.77293],[-73.94036,40.7705]]],[[[-73.95442,40.76218],[-73.95893,40.75834],[-73.96658,40.76155],[-73.95729,40.77428],[-73.94749,40.77012],[-73.95442,40.76218]]]]}},{"type":"Feature","id":110,"properties":{"nta":"MN0802","name":"Upper East Side-Carnegie Hill","boro":"Manhattan","area_km2":1.864,"n":665,"gfa_msf":81.11,"energy_gwh":1652.18,"elec_gwh":587.15,"gas_gwh":555.77,"steam_gwh":335.94,"oil_gwh":171.55,"ghg_kt":451.4,"density":886.3,"eui_med":65.1,"ghgi_med":5.06,"elec_share":0.355,"mix":{"Multifamily":1303.76,"Retail & Hotel":101.38,"Other":70.08,"Office":66.95,"Healthcare":62.91,"Education":47.11},"top":[{"name":"NH Lenox Hill Hospital Campus","addr":"855 Park Avenue","type":"Healthcare","gwh":62.91,"eui":252.3},{"name":"THE PIERRE HOTEL","addr":"2 EAST 61ST STREET","type":"Retail & Hotel","gwh":23.3,"eui":147.7},{"name":"(720001A)Bloomingdale's - 59th Street","addr":"1000 Third Avenue","type":"Retail & Hotel","gwh":16.54,"eui":67.3},{"name":"45 E 89th St","addr":"45 East 89th Street","type":"Multifamily","gwh":15.92,"eui":93.2},{"name":"The Carlyle Hotel NYC - 35 East 76th","addr":"35 East 76th Street","type":"Retail & Hotel","gwh":14.87,"eui":160.2}]},"geometry":{"type":"Polygon","coordinates":[[[-73.94933,40.78519],[-73.96658,40.76155],[-73.97301,40.76428],[-73.95578,40.78791],[-73.94933,40.78519]]]}},{"type":"Feature","id":111,"properties":{"nta":"MN0803","name":"Upper East Side-Yorkville","boro":"Manhattan","area_km2":1.268,"n":279,"gfa_msf":43.88,"energy_gwh":997.13,"elec_gwh":315.44,"gas_gwh":590.3,"steam_gwh":29.53,"oil_gwh":61.68,"ghg_kt":253.26,"density":786.59,"eui_med":69.4,"ghgi_med":5.22,"elec_share":0.316,"mix":{"Multifamily":924.74,"Other":20.21,"Education":17.72,"Healthcare":17.59,"Retail & Hotel":10.24,"Office":6.64},"top":[{"name":"Normandie Court & Normandie Court Yorkville Plaza Campus","addr":"225 E 95th Street","type":"Multifamily","gwh":36.43,"eui":89.8},{"name":"NORMANDIE COURT","addr":"225 East 95Th Street","type":"Multifamily","gwh":33.42,"eui":117.6},{"name":"ISAACS","addr":"419 EAST 93RD STREET","type":"Multifamily","gwh":32.17,"eui":198.3},{"name":"RY - Yorkville Towers - PARENT","addr":"1601 Third Avenue / 1635 Third Avenue","type":"Multifamily","gwh":24.45,"eui":51.5},{"name":"305 East 86th Street","addr":"305 East 86th Street","type":"Multifamily","gwh":20.39,"eui":107.2}]},"geometry":{"type":"MultiPolygon","coordinates":[[[[-73.93805,40.78083],[-73.93765,40.781],[-73.9376,40.78047],[-73.93861,40.78034],[-73.93958,40.77958],[-73.93873,40.78051],[-73.93874,40.78104],[-73.93808,40.78142],[-73.93805,40.78083]]],[[[-73.94376,40.78283],[-73.94344,40.77976],[-73.9424,40.78003],[-73.94212,40.77946],[-73.943,40.77885],[-73.94212,40.77726],[-73.94243,40.7773],[-73.94207,40.77692],[-73.94208,40.77596],[-73.94366,40.77384],[-73.94749,40.77012],[-73.95729,40.77428],[-73.94933,40.78519],[-73.94376,40.78283]]]]}},{"type":"Feature","id":112,"properties":{"nta":"MN0901","name":"Morningside Heights","boro":"Manhattan","area_km2":1.479,"n":238,"gfa_msf":36.73,"energy_gwh":1141.86,"elec_gwh":388.5,"gas_gwh":675.52,"steam_gwh":0.0,"oil_gwh":74.35,"ghg_kt":294.71,"density":771.91,"eui_med":72.7,"ghgi_med":4.96,"elec_share":0.34,"mix":{"Multifamily":430.68,"Other":350.29,"Education":221.92,"Healthcare":120.2,"Office":16.86,"Retail & Hotel":1.91},"top":[{"name":"Columbia University Main Campus","addr":"116 Street","type":"Other","gwh":336.17,"eui":166.5},{"name":"Morningside Campus Parent","addr":"1101 Amsterdam Avenue","type":"Healthcare","gwh":81.82,"eui":268.6},{"name":"GRANT","addr":"3170 BROADWAY","type":"Multifamily","gwh":71.35,"eui":126.1},{"name":"Barnard Hall- 3009 BROADWAY, 10027","addr":"3009 Broadway","type":"Education","gwh":31.83,"eui":134.8},{"name":"Columbia University Teachers College - Parent Property","addr":"525 West 120th Street","type":"Education","gwh":30.84,"eui":100.9}]},"geometry":{"type":"Polygon","coordinates":[[[-73.9521,40.81144],[-73.95358,40.80948],[-73.95497,40.81006],[-73.95823,40.80554],[-73.95825,40.80311],[-73.95965,40.80116],[-73.97111,40.80579],[-73.96414,40.81577],[-73.96203,40.81809],[-73.95949,40.81701],[-73.95626,40.81339],[-73.95571,40.81414],[-73.95408,40.81228],[-73.9521,40.81144]]]}},{"type":"Feature","id":113,"properties":{"nta":"MN0902","name":"Manhattanville-West Harlem","boro":"Manhattan","area_km2":0.997,"n":81,"gfa_msf":8.42,"energy_gwh":297.54,"elec_gwh":87.53,"gas_gwh":186.53,"steam_gwh":0.0,"oil_gwh":23.41,"ghg_kt":74.15,"density":298.34,"eui_med":77.8,"ghgi_med":5.73,"elec_share":0.294,"mix":{"Multifamily":180.77,"Healthcare":75.42,"Education":34.1,"Other":4.78,"Office":2.1,"Retail & Hotel":0.36},"top":[{"name":"Jerome L Greene Science Center/Lenfest Center for the Arts","addr":"615 W 129 ST","type":"Healthcare","gwh":75.42,"eui":423.4},{"name":"1470 Amsterdam Avenue","addr":"1470 Amsterdam Avenue","type":"Multifamily","gwh":54.51,"eui":144.0},{"name":"MANHATTANVILLE","addr":"545 WEST 126TH STREET","type":"Multifamily","gwh":54.46,"eui":128.7},{"name":"Studebaker","addr":"615 West 131st Street","type":"Education","gwh":6.27,"eui":101.4},{"name":"Nash-3280 Broadway","addr":"3280 Broadway","type":"Education","gwh":4.83,"eui":72.2}]},"geometry":{"type":"Polygon","coordinates":[[[-73.94608,40.82126],[-73.94921,40.8147],[-73.9521,40.81144],[-73.95408,40.81228],[-73.95571,40.81414],[-73.95626,40.81339],[-73.95949,40.81701],[-73.96203,40.81809],[-73.95981,40.8203],[-73.95915,40.82157],[-73.95909,40.82121],[-73.95882,40.82152],[-73.959,40.82241],[-73.95991,40.82257],[-73.9596,40.82299],[-73.95893,40.82271],[-73.95853,40.82184],[-73.95794,40.82277],[-73.95953,40.82362],[-73.95914,40.82432],[-73.95741,40.82327],[-73.95083,40.82083],[-73.94992,40.82207],[-73.94854,40.82149],[-73.94808,40.82211],[-73.94608,40.82126]]]}},{"type":"Feature","id":114,"properties":{"nta":"MN0903","name":"Hamilton Heights-Sugar Hill","boro":"Manhattan","area_km2":1.485,"n":262,"gfa_msf":15.25,"energy_gwh":360.17,"elec_gwh":77.18,"gas_gwh":213.87,"steam_gwh":0.0,"oil_gwh":68.15,"ghg_kt":86.6,"density":242.55,"eui_med":82.7,"ghgi_med":5.73,"elec_share":0.214,"mix":{"Multifamily":336.27,"Education":8.73,"Other":6.02,"Office":4.15,"Retail & Hotel":3.21,"Healthcare":1.78},"top":[{"name":"626 Riverside Dr","addr":"626 Riverside Drive","type":"Multifamily","gwh":10.63,"eui":82.0},{"name":"Audubon - NYCHA RAD","addr":"1901 Amsterdam Avenue","type":"Multifamily","gwh":8.68,"eui":149.8},{"name":"AKAM - 345 West 145th Street","addr":"345 West 145th Street","type":"Multifamily","gwh":5.19,"eui":78.5},{"name":"H+H_4286_Lower Washington Heights NFCC Clinic","addr":"1721 Amsterdam Ave","type":"Office","gwh":4.15,"eui":239.3},{"name":"Hamilton Heights Apartments","addr":"1821-1833 Amsterdam Avenue","type":"Multifamily","gwh":4.08,"eui":95.5}]},"geometry":{"type":"Polygon","coordinates":[[[-73.94828,40.83387],[-73.93864,40.82974],[-73.93925,40.8283],[-73.94292,40.82326],[-73.94516,40.82088],[-73.94808,40.82211],[-73.94854,40.82149],[-73.94992,40.82207],[-73.95083,40.82083],[-73.95741,40.82327],[-73.95914,40.82432],[-73.95632,40.82794],[-73.95504,40.82741],[-73.95454,40.82786],[-73.95021,40.8343],[-73.94828,40.83387]]]}},{"type":"Feature","id":115,"properties":{"nta":"MN1001","name":"Harlem (South)","boro":"Manhattan","area_km2":1.34,"n":270,"gfa_msf":21.6,"energy_gwh":461.4,"elec_gwh":150.75,"gas_gwh":257.38,"steam_gwh":0.0,"oil_gwh":51.46,"ghg_kt":119.33,"density":344.26,"eui_med":69.9,"ghgi_med":5.21,"elec_share":0.327,"mix":{"Multifamily":379.93,"Education":28.03,"Office":25.44,"Retail & Hotel":12.92,"Other":12.36,"Healthcare":2.73},"top":[{"name":"KING TOWERS","addr":"70 WEST 115TH STREET","type":"Multifamily","gwh":49.67,"eui":131.2},{"name":"Towers On The Park Campus","addr":"300 Cathedral Parkway","type":"Multifamily","gwh":13.79,"eui":76.5},{"name":"REHAB PROGRAM (TAFT REHABS)","addr":"218 WEST 112TH STREET","type":"Multifamily","gwh":7.42,"eui":143.2},{"name":"AKAM - 130 Malcolm X Blvd","addr":"130 Malcolm X Blvd","type":"Multifamily","gwh":7.19,"eui":59.8},{"name":"NUL: 125 W 125TH ST RESIDENTIAL OWNER LLC","addr":"125 W 125TH ST","type":"Multifamily","gwh":6.56,"eui":54.1}]},"geometry":{"type":"Polygon","coordinates":[[[-73.94177,40.80709],[-73.94275,40.80574],[-73.94436,40.80641],[-73.9462,40.80391],[-73.9446,40.80323],[-73.94923,40.79687],[-73.95965,40.80116],[-73.95825,40.80311],[-73.95823,40.80554],[-73.95497,40.81006],[-73.95358,40.80948],[-73.9521,40.81144],[-73.94177,40.80709]]]}},{"type":"Feature","id":116,"properties":{"nta":"MN1002","name":"Harlem (North)","boro":"Manhattan","area_km2":2.21,"n":224,"gfa_msf":27.29,"energy_gwh":672.23,"elec_gwh":180.78,"gas_gwh":458.96,"steam_gwh":0.0,"oil_gwh":32.2,"ghg_kt":162.35,"density":304.12,"eui_med":73.3,"ghgi_med":5.25,"elec_share":0.269,"mix":{"Multifamily":602.71,"Education":34.42,"Other":11.33,"Retail & Hotel":9.99,"Healthcare":8.09,"Office":5.69},"top":[{"name":"POLO GROUNDS TOWERS","addr":"2931 F DOUGLASS BOULEVARD","type":"Multifamily","gwh":67.56,"eui":131.4},{"name":"Esplanade Gardens Bldgs 1-4","addr":"129 W 147th St","type":"Multifamily","gwh":60.7,"eui":137.3},{"name":"RANGEL","addr":"159-14 HARLEM RIVER DRIVE","type":"Multifamily","gwh":35.58,"eui":145.5},{"name":"DREW-HAMILTON","addr":"2660 F DOUGLASS BOULEVARD","type":"Multifamily","gwh":32.1,"eui":98.8},{"name":"Savoy Park Apartments","addr":"15 W 139th St, 2300 5th Ave, 22-30 141st St.","type":"Multifamily","gwh":31.62,"eui":83.2}]},"geometry":{"type":"Polygon","coordinates":[[[-73.93516,40.83268],[-73.93383,40.81972],[-73.93448,40.8197],[-73.93407,40.81783],[-73.94177,40.80709],[-73.9521,40.81144],[-73.94921,40.8147],[-73.94608,40.82126],[-73.94516,40.82088],[-73.94292,40.82326],[-73.93925,40.8283],[-73.93864,40.82974],[-73.94014,40.83037],[-73.93895,40.83242],[-73.93467,40.83606],[-73.93516,40.83268]]]}},{"type":"Feature","id":117,"properties":{"nta":"MN1101","name":"East Harlem (South)","boro":"Manhattan","area_km2":1.547,"n":159,"gfa_msf":36.81,"energy_gwh":908.68,"elec_gwh":290.93,"gas_gwh":601.11,"steam_gwh":3.51,"oil_gwh":12.25,"ghg_kt":225.9,"density":587.31,"eui_med":65.2,"ghgi_med":4.79,"elec_share":0.32,"mix":{"Multifamily":754.56,"Healthcare":91.97,"Education":35.0,"Other":20.07,"Retail & Hotel":4.39,"Office":2.7},"top":[{"name":"1199 Housing Corp","addr":"2070 1 AVENUE","type":"Multifamily","gwh":71.06,"eui":106.1},{"name":"1199 Housing Corp.","addr":"2120 1st Avenue","type":"Multifamily","gwh":71.06,"eui":118.5},{"name":"Benchmarking Group - 7","addr":"1901 1st Ave","type":"Healthcare","gwh":45.73,"eui":146.1},{"name":"CARVER Bldgs 1-6","addr":"65 EAST 99TH STREET","type":"Multifamily","gwh":45.56,"eui":133.5},{"name":"WASHINGTON","addr":"1761 3RD AVENUE","type":"Multifamily","gwh":44.55,"eui":108.2}]},"geometry":{"type":"Polygon","coordinates":[[[-73.94327,40.79349],[-73.93865,40.79156],[-73.93774,40.79282],[-73.93505,40.79169],[-73.93708,40.78937],[-73.93622,40.7888],[-73.93715,40.78917],[-73.93812,40.78718],[-73.93983,40.78526],[-73.94247,40.7839],[-73.94365,40.78266],[-73.95578,40.78791],[-73.94831,40.79813],[-73.94188,40.79541],[-73.94327,40.79349]]]}},{"type":"Feature","id":118,"properties":{"nta":"MN1102","name":"East Harlem (North)","boro":"Manhattan","area_km2":2.427,"n":203,"gfa_msf":25.72,"energy_gwh":780.31,"elec_gwh":206.41,"gas_gwh":484.8,"steam_gwh":0.0,"oil_gwh":87.91,"ghg_kt":191.48,"density":321.57,"eui_med":72.0,"ghgi_med":5.5,"elec_share":0.265,"mix":{"Multifamily":643.6,"Education":45.14,"Retail & Hotel":29.02,"Healthcare":28.08,"Other":21.94,"Office":12.53},"top":[{"name":"JOHNSON","addr":"1581 PARK AVENUE","type":"Multifamily","gwh":138.47,"eui":374.6},{"name":"WAGNER","addr":"90 PALADINO AVENUE","type":"Multifamily","gwh":75.07,"eui":129.3},{"name":"TAFT","addr":"1694 MADISON AVENUE","type":"Multifamily","gwh":70.68,"eui":154.1},{"name":"LINCOLN","addr":"60 EAST 135TH STREET","type":"Multifamily","gwh":50.26,"eui":143.3},{"name":"230 East 123rd Street","addr":"230 East 123rd Street","type":"Multifamily","gwh":35.02,"eui":467.3}]},"geometry":{"type":"MultiPolygon","coordinates":[[[[-73.92738,40.79738],[-73.92767,40.79722],[-73.92771,40.7973],[-73.92738,40.79738]]],[[[-73.92672,40.80041],[-73.92654,40.80033],[-73.92674,40.8004],[-73.92672,40.80041]]],[[[-73.92711,40.80056],[-73.9267,40.80015],[-73.92725,40.80039],[-73.92711,40.80056]]],[[[-73.92689,40.80084],[-73.92651,40.80066],[-73.92705,40.80065],[-73.92689,40.80084]]],[[[-73.93383,40.81936],[-73.93434,40.80956],[-73.93356,40.8076],[-73.93031,40.80379],[-73.92903,40.80108],[-73.92904,40.79676],[-73.93007,40.7947],[-73.93505,40.79169],[-73.93774,40.79282],[-73.93865,40.79156],[-73.94327,40.79349],[-73.94188,40.79541],[-73.94831,40.79813],[-73.9446,40.80323],[-73.9462,40.80391],[-73.94436,40.80641],[-73.94275,40.80574],[-73.93413,40.81773],[-73.93448,40.8197],[-73.93383,40.81936]]]]}},{"type":"Feature","id":119,"properties":{"nta":"MN1201","name":"Washington Heights (South)","boro":"Manhattan","area_km2":1.954,"n":403,"gfa_msf":32.23,"energy_gwh":1244.1,"elec_gwh":306.27,"gas_gwh":851.8,"steam_gwh":-1.87,"oil_gwh":84.91,"ghg_kt":296.53,"density":636.85,"eui_med":81.0,"ghgi_med":5.5,"elec_share":0.246,"mix":{"Healthcare":614.63,"Multifamily":547.33,"Education":59.61,"Retail & Hotel":9.63,"Other":8.37,"Office":4.52},"top":[{"name":"NYP Columbia (West Campus)","addr":"622 168th Street","type":"Healthcare","gwh":568.45,"eui":377.0},{"name":"Irving Cancer Research Center","addr":"1130, 1132 St Nicholas Avenue","type":"Healthcare","gwh":30.92,"eui":475.9},{"name":"RACHEL BRIDGE MAIN","addr":"1365 NICHOLAS AVE","type":"Multifamily","gwh":28.07,"eui":93.8},{"name":"RACHEL BRIDGE - 111 WADSWORTH AVE","addr":"111 WADSWORTH AVENUE","type":"Multifamily","gwh":27.11,"eui":183.8},{"name":"Allan Rosenfield Building","addr":"722 W 168 Street, 1050 Riverside Drive, 1072 Riverside Drive","type":"Education","gwh":18.06,"eui":241.4}]},"geometry":{"type":"Polygon","coordinates":[[[-73.93139,40.84743],[-73.93557,40.84171],[-73.93506,40.83933],[-73.93638,40.83785],[-73.93804,40.83429],[-73.94022,40.83188],[-73.94035,40.83046],[-73.94828,40.83387],[-73.95021,40.8343],[-73.94856,40.83956],[-73.94612,40.84389],[-73.94635,40.84624],[-73.94682,40.84713],[-73.94664,40.84891],[-73.94696,40.85047],[-73.94319,40.84975],[-73.94389,40.8482],[-73.94205,40.84832],[-73.93804,40.84756],[-73.93767,40.84839],[-73.9364,40.84954],[-73.93139,40.84743]]]}},{"type":"Feature","id":120,"properties":{"nta":"MN1202","name":"Washington Heights (North)","boro":"Manhattan","area_km2":2.301,"n":427,"gfa_msf":30.72,"energy_gwh":672.22,"elec_gwh":152.12,"gas_gwh":367.26,"steam_gwh":0.0,"oil_gwh":152.51,"ghg_kt":165.17,"density":292.1,"eui_med":80.6,"ghgi_med":5.57,"elec_share":0.226,"mix":{"Multifamily":566.39,"Education":59.99,"Healthcare":24.9,"Other":16.82,"Retail & Hotel":2.79,"Office":1.34},"top":[{"name":"515-535 Audubon Avenue (Parent Property)","addr":"515-535 Audubon Avenue","type":"Healthcare","gwh":22.51,"eui":151.2},{"name":"2495 Amsterdam Ave","addr":"2495 Amsterdam Ave","type":"Education","gwh":9.62,"eui":114.8},{"name":"M465, M965, M466 (OECID: 0100179, 0100180; BBL: 1021600018)","addr":"549 Audubon Avenue","type":"Education","gwh":8.97,"eui":75.0},{"name":"Castle Village Owners Corporation (110-200 Cabrini Blvd.) (Campus)","addr":"110-200 Cabrini Blvd.","type":"Multifamily","gwh":7.87,"eui":32.1},{"name":"Zysman Gottesman","addr":"2540 Amsterdam Ave","type":"Education","gwh":7.87,"eui":81.2}]},"geometry":{"type":"Polygon","coordinates":[[[-73.9315,40.86904],[-73.92727,40.86553],[-73.92474,40.86159],[-73.92529,40.86012],[-73.92698,40.85861],[-73.92691,40.85751],[-73.92627,40.85813],[-73.92548,40.85819],[-73.92463,40.85689],[-73.9277,40.85249],[-73.92703,40.8522],[-73.92748,40.85069],[-73.92977,40.84812],[-73.93062,40.84848],[-73.93139,40.84743],[-73.9364,40.84954],[-73.93767,40.84839],[-73.93804,40.84756],[-73.94205,40.84832],[-73.94389,40.8482],[-73.94319,40.84975],[-73.94696,40.85047],[-73.94348,40.85228],[-73.94187,40.85387],[-73.94029,40.85664],[-73.93402,40.86504],[-73.93284,40.86742],[-73.93252,40.86741],[-73.93235,40.86976],[-73.93213,40.86942],[-73.9322,40.86984],[-73.93157,40.86958],[-73.9315,40.86904]]]}},{"type":"Feature","id":121,"properties":{"nta":"MN1203","name":"Inwood","boro":"Manhattan","area_km2":1.341,"n":214,"gfa_msf":14.22,"energy_gwh":369.18,"elec_gwh":91.27,"gas_gwh":203.74,"steam_gwh":0.0,"oil_gwh":72.39,"ghg_kt":91.41,"density":275.25,"eui_med":79.8,"ghgi_med":5.71,"elec_share":0.247,"mix":{"Multifamily":294.57,"Other":25.03,"Healthcare":22.22,"Education":21.79,"Office":3.78,"Retail & Hotel":1.8},"top":[{"name":"DYCKMAN","addr":"177 NAGLE AVENUE","type":"Multifamily","gwh":43.78,"eui":133.1},{"name":"The Allen Hospital","addr":"5141 Broadway","type":"Healthcare","gwh":22.22,"eui":245.2},{"name":"5030 BROADWAY - [5030 Broadway]","addr":"5020 Broadway","type":"Other","gwh":6.32,"eui":57.1},{"name":"DSNY_3880_BX 7, BX 8, MN 8 District Garage","addr":"423 West 215th St","type":"Other","gwh":6.06,"eui":206.6},{"name":"4861 Bway","addr":"4861 Broadway","type":"Multifamily","gwh":5.51,"eui":118.8}]},"geometry":{"type":"MultiPolygon","coordinates":[[[[-73.9223,40.85566],[-73.9217,40.85667],[-73.92152,40.8566],[-73.9223,40.85566]]],[[[-73.92234,40.85568],[-73.92288,40.85588],[-73.92289,40.85886],[-73.92727,40.86553],[-73.92873,40.86674],[-73.9262,40.86851],[-73.92163,40.86939],[-73.91925,40.87101],[-73.9197,40.87206],[-73.91843,40.87301],[-73.91401,40.87116],[-73.91143,40.87318],[-73.91065,40.8723],[-73.91043,40.87138],[-73.91092,40.86944],[-73.91147,40.86945],[-73.91113,40.86892],[-73.91255,40.86651],[-73.91392,40.86475],[-73.91492,40.86458],[-73.91441,40.86417],[-73.9159,40.86431],[-73.9152,40.86395],[-73.91539,40.86308],[-73.91729,40.86168],[-73.9195,40.85879],[-73.92048,40.8591],[-73.92127,40.86019],[-73.92159,40.86007],[-73.92187,40.85918],[-73.92091,40.85822],[-73.92114,40.85755],[-73.92238,40.85658],[-73.92234,40.85568]]]]}},{"type":"Feature","id":122,"properties":{"nta":"QN0101","name":"Astoria (North)-Ditmars-Steinway","boro":"Queens","area_km2":5.416,"n":101,"gfa_msf":8.48,"energy_gwh":146.31,"elec_gwh":35.78,"gas_gwh":101.88,"steam_gwh":0.0,"oil_gwh":2.84,"ghg_kt":34.7,"density":27.01,"eui_med":64.4,"ghgi_med":4.12,"elec_share":0.245,"mix":{"Multifamily":98.95,"Other":28.92,"Education":13.17,"Retail & Hotel":3.9,"Office":1.37},"top":[{"name":"Garden Bay Manor 4-0946-7501 Campus","addr":"19-90 78th Street","type":"Multifamily","gwh":18.46,"eui":62.9},{"name":"Steinway &amp; Sons","addr":"1 Steinway Place","type":"Other","gwh":14.42,"eui":124.1},{"name":"18-35 Steinway Place","addr":"18-35 Steinway place","type":"Other","gwh":4.55,"eui":293.8},{"name":"18-22 21st Avenue (Parent Property)","addr":"18-22 21st Avenue","type":"Multifamily","gwh":4.3,"eui":117.8},{"name":"Pistilli Management - 19-19 24th Ave","addr":"19-19 24th Ave","type":"Multifamily","gwh":3.95,"eui":33.7}]},"geometry":{"type":"Polygon","coordinates":[[[-73.90986,40.79095],[-73.90033,40.78901],[-73.89593,40.78565],[-73.89583,40.78522],[-73.89876,40.78275],[-73.90115,40.78271],[-73.90218,40.78178],[-73.90258,40.78029],[-73.90218,40.78036],[-73.90204,40.7812],[-73.90129,40.78186],[-73.90035,40.78216],[-73.89865,40.782],[-73.89438,40.78424],[-73.89606,40.78316],[-73.89477,40.78225],[-73.89542,40.78172],[-73.89536,40.78166],[-73.8946,40.78225],[-73.89534,40.78159],[-73.89416,40.78247],[-73.89306,40.78185],[-73.89231,40.78247],[-73.89275,40.78297],[-73.89165,40.78219],[-73.89224,40.78241],[-73.89301,40.7818],[-73.89167,40.78085],[-73.89254,40.77955],[-73.89167,40.77949],[-73.8912,40.77856],[-73.89252,40.7774],[-73.89142,40.77634],[-73.89183,40.77488],[-73.89112,40.77712],[-73.89009,40.77778],[-73.88947,40.77554],[-73.89019,40.77365],[-73.88945,40.77353],[-73.88874,40.76892],[-73.88822,40.76862],[-73.88773,40.76691],[-73.89089,40.76586],[-73.89109,40.76634],[-73.89432,40.76615],[-73.91726,40.76985],[-73.91808,40.77006],[-73.9177,40.77039],[-73.92398,40.77462],[-73.92303,40.77538],[-73.92376,40.77655],[-73.91797,40.78126],[-73.91996,40.78264],[-73.91819,40.78393],[-73.91717,40.78419],[-73.91683,40.78519],[-73.91526,40.78619],[-73.91559,40.78643],[-73.9126,40.78938],[-73.91267,40.789],[-73.91184,40.78968],[-73.91094,40.78976],[-73.90986,40.79095]]]}},{"type":"Feature","id":123,"properties":{"nta":"QN0102","name":"Old Astoria-Hallets Point","boro":"Queens","area_km2":1.03,"n":67,"gfa_msf":6.79,"energy_gwh":146.88,"elec_gwh":48.33,"gas_gwh":81.27,"steam_gwh":0.0,"oil_gwh":17.25,"ghg_kt":38.09,"density":142.55,"eui_med":56.0,"ghgi_med":4.71,"elec_share":0.329,"mix":{"Multifamily":134.94,"Education":6.06,"Retail & Hotel":3.36,"Other":1.81,"Healthcare":0.7},"top":[{"name":"ASTORIA","addr":"4-21 ASTORIA BOULEVARD","type":"Multifamily","gwh":49.51,"eui":139.4},{"name":"10 Halletts Point","addr":"10 Halletts Point","type":"Multifamily","gwh":8.73,"eui":55.2},{"name":"Goodwill Terrace","addr":"4-21 27 Avenue","type":"Multifamily","gwh":5.19,"eui":93.1},{"name":"8-10 27th Avenue","addr":"8-10 27th Avenue","type":"Multifamily","gwh":4.69,"eui":95.6},{"name":"First Service Residential:11-12 30 DRIVE","addr":"11-12 30 DRIVE","type":"Multifamily","gwh":3.69,"eui":68.9}]},"geometry":{"type":"Polygon","coordinates":[[[-73.92828,40.7769],[-73.92398,40.77462],[-73.92781,40.76989],[-73.92647,40.76927],[-73.93037,40.76449],[-73.93618,40.76769],[-73.93577,40.76905],[-73.93425,40.77103],[-73.93481,40.77173],[-73.93747,40.77253],[-73.93786,40.77409],[-73.93765,40.77509],[-73.93638,40.77692],[-73.93474,40.77808],[-73.93179,40.77787],[-73.92988,40.77622],[-73.92828,40.7769]]]}},{"type":"Feature","id":124,"properties":{"nta":"QN0103","name":"Astoria (Central)","boro":"Queens","area_km2":1.959,"n":184,"gfa_msf":10.64,"energy_gwh":231.74,"elec_gwh":71.74,"gas_gwh":130.35,"steam_gwh":0.0,"oil_gwh":29.36,"ghg_kt":59.32,"density":118.3,"eui_med":70.7,"ghgi_med":4.72,"elec_share":0.31,"mix":{"Multifamily":151.12,"Healthcare":31.52,"Other":24.44,"Education":12.03,"Office":10.5,"Retail & Hotel":2.13},"top":[{"name":"Mount Sinai Queens","addr":"2510 30th Ave","type":"Healthcare","gwh":21.86,"eui":334.7},{"name":"Copy of 34-12 36th Street, Queens","addr":"34-12 36Th Street","type":"Other","gwh":9.14,"eui":108.1},{"name":"26-13 21st St","addr":"26-13 21st St","type":"Healthcare","gwh":4.83,"eui":103.3},{"name":"26-13 21st Street","addr":"26-13 21st Street","type":"Healthcare","gwh":4.83,"eui":103.3},{"name":"Q570 (OECID: 0401666; BBL: 4006390016)","addr":"35-12 35th Avenue","type":"Education","gwh":4.62,"eui":122.7}]},"geometry":{"type":"Polygon","coordinates":[[[-73.91194,40.76901],[-73.9145,40.76586],[-73.9137,40.76548],[-73.91499,40.76389],[-73.91579,40.76427],[-73.92416,40.75396],[-73.93215,40.75771],[-73.92965,40.7608],[-73.93055,40.76122],[-73.92943,40.76238],[-73.93134,40.76328],[-73.92647,40.76927],[-73.92781,40.76989],[-73.92398,40.77462],[-73.9177,40.77039],[-73.91808,40.77006],[-73.91194,40.76901]]]}},{"type":"Feature","id":125,"properties":{"nta":"QN0104","name":"Astoria (East)-Woodside (North)","boro":"Queens","area_km2":2.419,"n":93,"gfa_msf":8.45,"energy_gwh":182.31,"elec_gwh":61.36,"gas_gwh":105.01,"steam_gwh":0.0,"oil_gwh":15.34,"ghg_kt":47.18,"density":75.35,"eui_med":61.0,"ghgi_med":4.71,"elec_share":0.337,"mix":{"Multifamily":114.02,"Retail & Hotel":25.6,"Other":14.99,"Office":14.94,"Education":12.76},"top":[{"name":"WOODSIDE","addr":"31-05 49TH STREET","type":"Multifamily","gwh":47.18,"eui":127.0},{"name":"DEPM 1774 - PARENT - 54-17 31st Ave","addr":"54-17 31St Avenue","type":"Multifamily","gwh":15.67,"eui":64.7},{"name":"RIPCO Management:48-18 NORTHERN BOULEVARD","addr":"48-18 NORTHERN BOULEVARD","type":"Retail & Hotel","gwh":7.44,"eui":104.9},{"name":"37-18 Northern Boulevard - Standard Motor Products","addr":"37-18 Northern Boulevard","type":"Office","gwh":6.09,"eui":70.2},{"name":"42-02 Northern Blvd","addr":"42-02 Northern Blvd","type":"Retail & Hotel","gwh":5.81,"eui":241.5}]},"geometry":{"type":"Polygon","coordinates":[[[-73.90203,40.76742],[-73.90351,40.76585],[-73.90207,40.76238],[-73.90153,40.75963],[-73.89855,40.75992],[-73.89974,40.75751],[-73.89854,40.75417],[-73.91023,40.75298],[-73.91763,40.75386],[-73.92563,40.75214],[-73.91579,40.76427],[-73.91499,40.76389],[-73.9137,40.76548],[-73.9145,40.76586],[-73.91194,40.76901],[-73.90203,40.76742]]]}},{"type":"Feature","id":126,"properties":{"nta":"QN0105","name":"Queensbridge-Ravenswood-Dutch Kills","boro":"Queens","area_km2":2.575,"n":179,"gfa_msf":23.79,"energy_gwh":510.96,"elec_gwh":206.62,"gas_gwh":298.61,"steam_gwh":0.0,"oil_gwh":4.83,"ghg_kt":141.0,"density":198.4,"eui_med":53.9,"ghgi_med":4.5,"elec_share":0.404,"mix":{"Multifamily":337.33,"Office":63.52,"Retail & Hotel":43.6,"Other":37.89,"Education":26.76,"Healthcare":1.86},"top":[{"name":"RAVENSWOOD CAMPUS","addr":"34-03 21ST STREET","type":"Multifamily","gwh":78.5,"eui":121.9},{"name":"QUEENSBRIDGE NORTH (SITES 9-13; 27) - 4004700100","addr":"40-01 12TH STREET","type":"Multifamily","gwh":41.86,"eui":341.3},{"name":"QUEENSBRIDGE SOUTH CAMPUS","addr":"41-01 12th St","type":"Multifamily","gwh":33.57,"eui":88.9},{"name":"QUEENSBRIDGE SOUTH (SITES 5-8; 23-26) - 4004650001","addr":"41-01 12TH STREET","type":"Multifamily","gwh":25.48,"eui":98.7},{"name":"Queens Plaza Park","addr":"29-27 Queens Plaza North","type":"Multifamily","gwh":19.55,"eui":67.2}]},"geometry":{"type":"Polygon","coordinates":[[[-73.93501,40.77116],[-73.93425,40.77103],[-73.93447,40.77041],[-73.93577,40.76905],[-73.93618,40.76769],[-73.93037,40.76449],[-73.93134,40.76328],[-73.92943,40.76238],[-73.93055,40.76122],[-73.92965,40.7608],[-73.93215,40.75771],[-73.92416,40.75396],[-73.92563,40.75214],[-73.93383,40.7516],[-73.93609,40.74973],[-73.93539,40.74941],[-73.93686,40.74842],[-73.93812,40.74983],[-73.95084,40.75522],[-73.94131,40.76692],[-73.93984,40.76799],[-73.93896,40.76796],[-73.9382,40.7687],[-73.93524,40.76968],[-73.93469,40.77043],[-73.93515,40.77054],[-73.93501,40.77116]]]}},{"type":"Feature","id":127,"properties":{"nta":"QN0201","name":"Long Island City-Hunters Point","boro":"Queens","area_km2":2.564,"n":229,"gfa_msf":42.63,"energy_gwh":705.39,"elec_gwh":366.61,"gas_gwh":324.09,"steam_gwh":0.0,"oil_gwh":13.64,"ghg_kt":206.17,"density":275.14,"eui_med":52.5,"ghgi_med":4.57,"elec_share":0.52,"mix":{"Multifamily":436.06,"Office":111.03,"Other":84.89,"Education":50.95,"Retail & Hotel":12.97,"Healthcare":9.49},"top":[{"name":"Jackson Park","addr":"28 Jackson Ave","type":"Multifamily","gwh":27.7,"eui":53.1},{"name":"Benchmarking Group - 222","addr":"31-10 Thomson Ave","type":"Education","gwh":24.36,"eui":62.0},{"name":"The JACX (28-07 Jackson Ave)","addr":"28-07 Jackson Avenue","type":"Office","gwh":23.0,"eui":66.1},{"name":"45-45 Center Boulevard","addr":"45-45 Center Blvd","type":"Multifamily","gwh":20.35,"eui":84.5},{"name":"Gotham Point","addr":"1-15 57th Avenue","type":"Multifamily","gwh":17.51,"eui":56.1}]},"geometry":{"type":"Polygon","coordinates":[[[-73.93812,40.74983],[-73.93664,40.7482],[-73.94033,40.74541],[-73.94343,40.74423],[-73.9442,40.74288],[-73.93726,40.74518],[-73.93868,40.73821],[-73.94146,40.73925],[-73.94051,40.74011],[-73.93911,40.74262],[-73.93867,40.74253],[-73.93859,40.74293],[-73.94002,40.74321],[-73.94015,40.74283],[-73.93965,40.74273],[-73.94159,40.73986],[-73.9429,40.739],[-73.94548,40.73821],[-73.94715,40.7379],[-73.95381,40.73982],[-73.95741,40.73956],[-73.96073,40.73808],[-73.96217,40.73827],[-73.96261,40.7388],[-73.96221,40.74001],[-73.96125,40.74042],[-73.96194,40.74079],[-73.96122,40.74111],[-73.96107,40.74169],[-73.96136,40.74184],[-73.96111,40.74183],[-73.96155,40.74199],[-73.96119,40.74264],[-73.96054,40.74347],[-73.95977,40.7435],[-73.95971,40.74386],[-73.96057,40.74403],[-73.95963,40.74393],[-73.95939,40.74428],[-73.95973,40.74427],[-73.96016,40.74437],[-73.96013,40.74444],[-73.95878,40.74456],[-73.95944,40.7446],[-73.95876,40.74495],[-73.95967,40.74517],[-73.95849,40.74499],[-73.95934,40.74551],[-73.9585,40.74576],[-73.95914,40.746],[-73.95704,40.74892],[-73.95318,40.74773],[-73.95305,40.74809],[-73.95632,40.74908],[-73.95622,40.74952],[-73.95576,40.7496],[-73.9562,40.74969],[-73.95546,40.74967],[-73.95535,40.75001],[-73.95507,40.74963],[-73.9545,40.75123],[-73.95084,40.75522],[-73.93812,40.74983]]]}},{"type":"Feature","id":128,"properties":{"nta":"QN0202","name":"Sunnyside","boro":"Queens","area_km2":4.432,"n":290,"gfa_msf":26.77,"energy_gwh":509.57,"elec_gwh":174.55,"gas_gwh":302.96,"steam_gwh":0.0,"oil_gwh":31.53,"ghg_kt":131.59,"density":114.99,"eui_med":62.9,"ghgi_med":4.47,"elec_share":0.343,"mix":{"Multifamily":237.8,"Other":129.65,"Office":81.93,"Education":45.01,"Retail & Hotel":8.21,"Healthcare":6.96},"top":[{"name":"The Factory - 30-30 47th Avenue","addr":"47-44 31 STREET","type":"Office","gwh":19.31,"eui":67.3},{"name":"UPS: 45-06 56 Rd","addr":"46-05 56th Road","type":"Other","gwh":14.78,"eui":123.2},{"name":"Falchi Building (31-00 47th Ave.)","addr":"31-00 47th Avenue","type":"Office","gwh":12.85,"eui":74.7},{"name":"43-10 48th Avenue - 36322","addr":"43-10 48th Avenue","type":"Multifamily","gwh":11.5,"eui":87.1},{"name":"CUNY CC > LGCC_480_LaGuardia CC: M - Joseph Shenker Hall","addr":"31-10 Thomson Ave","type":"Education","gwh":10.65,"eui":128.8}]},"geometry":{"type":"Polygon","coordinates":[[[-73.90971,40.74975],[-73.91015,40.74852],[-73.91164,40.74868],[-73.91191,40.74811],[-73.91245,40.74592],[-73.91125,40.74578],[-73.91199,40.74219],[-73.91383,40.74241],[-73.91443,40.74053],[-73.91574,40.74079],[-73.91718,40.7369],[-73.91652,40.73676],[-73.9169,40.73544],[-73.91749,40.73542],[-73.91835,40.73315],[-73.91881,40.73321],[-73.91902,40.73209],[-73.91731,40.73144],[-73.91836,40.72593],[-73.92217,40.72649],[-73.92645,40.72812],[-73.92791,40.72825],[-73.92849,40.72776],[-73.93044,40.72856],[-73.93648,40.72969],[-73.93911,40.73138],[-73.94007,40.73376],[-73.94162,40.73584],[-73.94594,40.73751],[-73.94146,40.73925],[-73.93868,40.73821],[-73.93726,40.74518],[-73.9377,40.74524],[-73.92677,40.74759],[-73.9208,40.74689],[-73.92034,40.74916],[-73.91541,40.75011],[-73.90971,40.74975]]]}},{"type":"Feature","id":129,"properties":{"nta":"QN0203","name":"Woodside","boro":"Queens","area_km2":3.061,"n":99,"gfa_msf":11.71,"energy_gwh":344.74,"elec_gwh":64.93,"gas_gwh":230.84,"steam_gwh":0.0,"oil_gwh":48.91,"ghg_kt":79.75,"density":112.62,"eui_med":78.7,"ghgi_med":5.42,"elec_share":0.188,"mix":{"Multifamily":243.34,"Other":63.26,"Education":15.24,"Office":8.51,"Healthcare":5.91,"Retail & Hotel":5.1,"Data Center":3.38},"top":[{"name":"Big Six Towers","addr":"59-10 Queens Boulevard","type":"Multifamily","gwh":52.55,"eui":161.1},{"name":"DSNY_3950_Queens West 2,3,4 District Garages; Central Repair Shop","addr":"52-35 58th St","type":"Other","gwh":48.24,"eui":216.9},{"name":"59-50 61 Street","addr":"59-50 61 Street","type":"Multifamily","gwh":33.82,"eui":361.8},{"name":"59-10 Queens Boulevard","addr":"59-10 Queens Boulevard","type":"Multifamily","gwh":18.73,"eui":80.5},{"name":"Lovett - CAMPUS - 52-30 39th Drive/52-40 39th Drive","addr":"52-30 39 Drive","type":"Multifamily","gwh":10.96,"eui":85.7}]},"geometry":{"type":"Polygon","coordinates":[[[-73.89564,40.74847],[-73.89089,40.74069],[-73.89469,40.74023],[-73.88725,40.73884],[-73.88754,40.73676],[-73.89137,40.73606],[-73.88936,40.73584],[-73.88852,40.73453],[-73.89256,40.73448],[-73.89855,40.73519],[-73.90026,40.73474],[-73.90108,40.73391],[-73.90517,40.73586],[-73.90629,40.7324],[-73.91069,40.73347],[-73.90856,40.73793],[-73.90755,40.74166],[-73.91199,40.74219],[-73.91125,40.74578],[-73.91245,40.74592],[-73.91191,40.74811],[-73.91164,40.74868],[-73.91015,40.74852],[-73.90945,40.75066],[-73.91023,40.75298],[-73.89874,40.75415],[-73.89768,40.7524],[-73.89707,40.74994],[-73.89636,40.74877],[-73.89564,40.74847]]]}},{"type":"Feature","id":130,"properties":{"nta":"QN0301","name":"Jackson Heights","boro":"Queens","area_km2":3.653,"n":271,"gfa_msf":24.32,"energy_gwh":533.18,"elec_gwh":122.98,"gas_gwh":394.73,"steam_gwh":0.0,"oil_gwh":15.36,"ghg_kt":123.75,"density":145.97,"eui_med":74.9,"ghgi_med":4.95,"elec_share":0.231,"mix":{"Multifamily":465.5,"Education":29.5,"Office":17.68,"Retail & Hotel":11.78,"Other":4.97,"Healthcare":3.75},"top":[{"name":"Blumenfeld: 75-20 Astoria Blvd","addr":"75-20 Astoria Blvd","type":"Office","gwh":13.06,"eui":90.9},{"name":"Northridge Coop Section II (PARENT)","addr":"90-08 32nd Avenue","type":"Multifamily","gwh":11.17,"eui":75.8},{"name":"Southridge - 33-24 93rd Street","addr":"3325 92 ST","type":"Multifamily","gwh":10.01,"eui":86.2},{"name":"33-05/25/45 90th Street AKA 33-04/24/44 91st Street - Parent Property","addr":"33-05/25/45 90th Street AKA 33-04/24/44 91st Street","type":"Multifamily","gwh":9.93,"eui":91.7},{"name":"ROOSEVELT TERRACE COOP INC (35-11 85th St) (Campus)","addr":"35-11 85th St, 35-50 85th St, Queens, NY 11372","type":"Multifamily","gwh":9.81,"eui":83.5}]},"geometry":{"type":"Polygon","coordinates":[[[-73.87366,40.7568],[-73.86942,40.74916],[-73.89175,40.74681],[-73.89636,40.74877],[-73.89727,40.75034],[-73.89768,40.75239],[-73.89874,40.75415],[-73.89974,40.75751],[-73.89877,40.75992],[-73.89646,40.7632],[-73.8951,40.76436],[-73.89432,40.76615],[-73.89109,40.76634],[-73.89089,40.76586],[-73.88773,40.76691],[-73.8864,40.76122],[-73.87895,40.76198],[-73.87601,40.76144],[-73.87514,40.75663],[-73.87366,40.7568]]]}},{"type":"Feature","id":131,"properties":{"nta":"QN0302","name":"East Elmhurst","boro":"Queens","area_km2":2.672,"n":32,"gfa_msf":3.42,"energy_gwh":63.56,"elec_gwh":27.89,"gas_gwh":31.96,"steam_gwh":0.0,"oil_gwh":3.71,"ghg_kt":17.69,"density":23.79,"eui_med":62.5,"ghgi_med":5.46,"elec_share":0.439,"mix":{"Retail & Hotel":29.74,"Education":14.56,"Healthcare":8.11,"Multifamily":7.07,"Other":4.09},"top":[{"name":"Evolution - 104-04 Ditmars Blvd (LaGuardia Plaza Hotel)","addr":"104-04 Ditmars Blvd.","type":"Retail & Hotel","gwh":7.66,"eui":63.0},{"name":"102-05 Ditmars Boulevard","addr":"102-05 Ditmars Boulevard","type":"Retail & Hotel","gwh":6.2,"eui":80.9},{"name":"10017 23rd Avenue","addr":"10017 23rd Avenue","type":"Healthcare","gwh":4.81,"eui":164.0},{"name":"86-01 23rd Avenue","addr":"86-01 23rd Avenue","type":"Education","gwh":3.04,"eui":86.4},{"name":"Q227 (OECID: 0400204; BBL: 4014230001)","addr":"32-02 Junction Boulevard","type":"Education","gwh":2.91,"eui":46.8}]},"geometry":{"type":"Polygon","coordinates":[[[-73.86094,40.76373],[-73.85912,40.76128],[-73.85604,40.75973],[-73.85464,40.75847],[-73.87514,40.75663],[-73.87601,40.76144],[-73.87895,40.76198],[-73.8864,40.76122],[-73.88773,40.76691],[-73.88432,40.76798],[-73.87699,40.77142],[-73.87441,40.77185],[-73.87185,40.77174],[-73.86883,40.77073],[-73.86598,40.76886],[-73.86094,40.76373]]]}},{"type":"Feature","id":132,"properties":{"nta":"QN0303","name":"North Corona","boro":"Queens","area_km2":1.297,"n":32,"gfa_msf":2.1,"energy_gwh":48.86,"elec_gwh":17.15,"gas_gwh":24.6,"steam_gwh":0.0,"oil_gwh":6.74,"ghg_kt":13.0,"density":37.67,"eui_med":69.2,"ghgi_med":5.16,"elec_share":0.351,"mix":{"Multifamily":28.63,"Education":13.32,"Retail & Hotel":4.08,"Healthcare":1.71,"Other":0.75,"Office":0.38},"top":[{"name":"Dorie Miller","addr":"113-15 34 AVENUE","type":"Multifamily","gwh":6.1,"eui":65.2},{"name":"Tryad: 34-12 113th Street","addr":"34-12 113th Street","type":"Multifamily","gwh":4.45,"eui":106.3},{"name":"37-10 114th Street - Queens","addr":"37-10 114th Street","type":"Retail & Hotel","gwh":3.54,"eui":102.0},{"name":"Benchmarking Group - 46","addr":"34-74 113th St","type":"Education","gwh":3.45,"eui":174.1},{"name":"DOE_7244_Q143, Q937 Campus: Q143","addr":"34-74 113th St","type":"Education","gwh":3.42,"eui":55.0}]},"geometry":{"type":"Polygon","coordinates":[[[-73.8522,40.75266],[-73.86112,40.75002],[-73.86942,40.74916],[-73.87366,40.7568],[-73.85464,40.75847],[-73.85359,40.7567],[-73.8522,40.75266]]]}},{"type":"Feature","id":133,"properties":{"nta":"QN0401","name":"Elmhurst","boro":"Queens","area_km2":3.911,"n":225,"gfa_msf":24.05,"energy_gwh":668.3,"elec_gwh":221.87,"gas_gwh":420.34,"steam_gwh":0.0,"oil_gwh":25.81,"ghg_kt":169.95,"density":170.86,"eui_med":77.3,"ghgi_med":5.22,"elec_share":0.332,"mix":{"Multifamily":357.36,"Healthcare":144.23,"Retail & Hotel":131.2,"Education":27.25,"Other":7.89,"Office":0.37},"top":[{"name":"Benchmarking Group - 45","addr":"79-01 Broadway","type":"Healthcare","gwh":69.88,"eui":205.1},{"name":"H+H_4330_Elmhurst Hospital: Main Building","addr":"79-01 Broadway","type":"Healthcare","gwh":68.44,"eui":242.8},{"name":"Queens Center (Parent)","addr":"90-15 Queens Boulevard","type":"Retail & Hotel","gwh":47.99,"eui":152.3},{"name":"3420 - Queens Center","addr":"90-15 Queens Boulevard","type":"Retail & Hotel","gwh":47.96,"eui":218.4},{"name":"Rego Park Gardens Owners Corp (Campus)","addr":"94-31 60th Avenue, Elmhurt, NY 11373, USA","type":"Multifamily","gwh":17.34,"eui":81.5}]},"geometry":{"type":"Polygon","coordinates":[[[-73.86462,40.73428],[-73.88005,40.72899],[-73.8872,40.72787],[-73.88756,40.7302],[-73.88806,40.73009],[-73.88852,40.73453],[-73.88936,40.73584],[-73.89138,40.73592],[-73.88754,40.73676],[-73.88725,40.73884],[-73.89469,40.74023],[-73.89089,40.74069],[-73.89564,40.74847],[-73.89175,40.74681],[-73.86942,40.74916],[-73.86853,40.74759],[-73.86749,40.7433],[-73.86756,40.74094],[-73.86462,40.73428]]]}},{"type":"Feature","id":134,"properties":{"nta":"QN0402","name":"Corona","boro":"Queens","area_km2":2.232,"n":78,"gfa_msf":14.76,"energy_gwh":295.21,"elec_gwh":94.98,"gas_gwh":191.58,"steam_gwh":0.0,"oil_gwh":8.57,"ghg_kt":74.22,"density":132.26,"eui_med":71.0,"ghgi_med":5.04,"elec_share":0.322,"mix":{"Multifamily":245.01,"Education":26.1,"Office":12.89,"Healthcare":4.54,"Retail & Hotel":4.3,"Other":2.36},"top":[{"name":"Lefrak City Section 4, Part 2 (Brisbane and Sydney)  - Campus","addr":"98-30 57 AVE","type":"Multifamily","gwh":10.75,"eui":77.4},{"name":"Lefrak City Section 2, Part 2 (US and Panama) - Campus","addr":"97-28 57th Avenue","type":"Multifamily","gwh":10.27,"eui":73.7},{"name":"Lefrak City Section 3, Part 2 (Peru and Columbia) - Campus","addr":"97-11 Horace Harding Expressway","type":"Multifamily","gwh":10.2,"eui":72.0},{"name":"Lefrak City Section 2, Part 1 (Canada &amp; Mexico) - Campus","addr":"9720 57 Avenue","type":"Multifamily","gwh":9.57,"eui":68.4},{"name":"Lefrak City Section 3, Part 1 (Argentina and  Brazil) - Campus","addr":"97-05 Horace Harding Expressway","type":"Multifamily","gwh":9.57,"eui":73.5}]},"geometry":{"type":"Polygon","coordinates":[[[-73.84756,40.73906],[-73.85191,40.73742],[-73.86462,40.73428],[-73.86756,40.74094],[-73.86749,40.7433],[-73.86853,40.74759],[-73.86942,40.74916],[-73.86112,40.75002],[-73.8522,40.75266],[-73.85086,40.75],[-73.85443,40.74885],[-73.85012,40.74072],[-73.84779,40.73983],[-73.84756,40.73906]]]}},{"type":"Feature","id":135,"properties":{"nta":"QN0501","name":"Maspeth","boro":"Queens","area_km2":5.418,"n":113,"gfa_msf":12.62,"energy_gwh":164.28,"elec_gwh":73.81,"gas_gwh":84.72,"steam_gwh":0.0,"oil_gwh":4.61,"ghg_kt":45.53,"density":30.32,"eui_med":44.3,"ghgi_med":3.68,"elec_share":0.449,"mix":{"Other":126.64,"Education":14.07,"Multifamily":13.76,"Retail & Hotel":6.64,"Healthcare":1.67,"Office":1.5},"top":[{"name":"UPS INC (NY) : 50-02 55 AVENUE","addr":"50-02 55 AVENUE","type":"Other","gwh":8.94,"eui":66.7},{"name":"DSNY_3960_Queens West 5 and 5A District Garages","addr":"47-01 58th Rd","type":"Other","gwh":7.95,"eui":295.0},{"name":"Ridgewood Assoc. Inc","addr":"52-15 65th Place","type":"Multifamily","gwh":6.18,"eui":41.4},{"name":"QGRPRO - 55-15 Grand Avenue","addr":"55-15 Grand Avenue","type":"Other","gwh":5.79,"eui":17.7},{"name":"48-05 Metropolitan Ave","addr":"48-05 Metropolitan Ave","type":"Other","gwh":4.63,"eui":58.6}]},"geometry":{"type":"Polygon","coordinates":[[[-73.88852,40.73453],[-73.88806,40.73009],[-73.88756,40.7302],[-73.88724,40.72893],[-73.88708,40.72464],[-73.88259,40.72508],[-73.88163,40.72388],[-73.89424,40.71792],[-73.89458,40.71838],[-73.89286,40.71921],[-73.89474,40.72158],[-73.89428,40.72177],[-73.89497,40.72282],[-73.89426,40.72314],[-73.8957,40.72341],[-73.89582,40.7239],[-73.89835,40.72311],[-73.89903,40.72386],[-73.90011,40.72331],[-73.89982,40.72124],[-73.8974,40.72155],[-73.89737,40.72046],[-73.90009,40.72018],[-73.90063,40.71976],[-73.90034,40.71802],[-73.89835,40.7192],[-73.89727,40.71815],[-73.89902,40.71738],[-73.89759,40.71649],[-73.89554,40.7138],[-73.89506,40.71248],[-73.92404,40.71401],[-73.92368,40.71408],[-73.92412,40.71514],[-73.92367,40.71554],[-73.92233,40.71608],[-73.92057,40.716],[-73.92224,40.71638],[-73.92394,40.71904],[-73.92424,40.72143],[-73.9252,40.72245],[-73.92442,40.72359],[-73.92214,40.72371],[-73.92073,40.72331],[-73.92037,40.72368],[-73.92528,40.72472],[-73.92849,40.72776],[-73.92791,40.72825],[-73.92645,40.72812],[-73.92217,40.72649],[-73.91836,40.72593],[-73.91797,40.7285],[-73.91507,40.72797],[-73.91505,40.7286],[-73.91205,40.72854],[-73.91173,40.72996],[-73.90707,40.72747],[-73.90518,40.72896],[-73.90061,40.73448],[-73.89983,40.73493],[-73.89831,40.73519],[-73.89256,40.73448],[-73.88852,40.73453]]]}},{"type":"Feature","id":136,"properties":{"nta":"QN0502","name":"Ridgewood","boro":"Queens","area_km2":3.953,"n":88,"gfa_msf":7.67,"energy_gwh":100.45,"elec_gwh":45.91,"gas_gwh":48.36,"steam_gwh":0.0,"oil_gwh":5.56,"ghg_kt":28.26,"density":25.41,"eui_med":44.8,"ghgi_med":3.71,"elec_share":0.457,"mix":{"Other":47.02,"Education":26.67,"Multifamily":22.83,"Office":2.31,"Retail & Hotel":1.62},"top":[{"name":"Vertical Industrial Park Associates","addr":"66-26 Metropolitan Ave","type":"Other","gwh":22.27,"eui":48.3},{"name":"Q485, Q487 (OECID: 0400213; BBL: 4033630001)","addr":"21-27 Himrod Street","type":"Education","gwh":4.61,"eui":51.2},{"name":"Q849 (OECID: 0400069; BBL: 4035630023; 4035630001)","addr":"976 Seneca Avenue","type":"Education","gwh":2.84,"eui":58.4},{"name":"59-10 Decatur Street","addr":"5910 DECATUR ST","type":"Other","gwh":2.7,"eui":42.6},{"name":"Q093 (OECID: 0400085; BBL: 4034900001)","addr":"66-56 Forest Avenue","type":"Education","gwh":2.55,"eui":58.1}]},"geometry":{"type":"Polygon","coordinates":[[[-73.92404,40.71401],[-73.88842,40.71227],[-73.88731,40.71056],[-73.88813,40.71034],[-73.88785,40.70989],[-73.88862,40.70967],[-73.88822,40.7089],[-73.88938,40.70855],[-73.8893,40.7079],[-73.88553,40.70645],[-73.88555,40.70615],[-73.88912,40.7056],[-73.88984,40.70497],[-73.895,40.69971],[-73.89485,40.69859],[-73.89578,40.69851],[-73.89558,40.69713],[-73.89838,40.69614],[-73.9014,40.69159],[-73.9058,40.69413],[-73.90426,40.6957],[-73.91181,40.69995],[-73.91068,40.70105],[-73.9129,40.70236],[-73.91181,40.70343],[-73.92189,40.7094],[-73.92075,40.71053],[-73.92155,40.71104],[-73.92223,40.71286],[-73.92404,40.71401]]]}},{"type":"Feature","id":137,"properties":{"nta":"QN0503","name":"Glendale","boro":"Queens","area_km2":2.788,"n":27,"gfa_msf":4.24,"energy_gwh":76.22,"elec_gwh":44.27,"gas_gwh":29.91,"steam_gwh":0.0,"oil_gwh":2.02,"ghg_kt":23.32,"density":27.34,"eui_med":57.1,"ghgi_med":4.34,"elec_share":0.581,"mix":{"Retail & Hotel":29.54,"Other":26.0,"Multifamily":11.01,"Education":7.75,"Office":1.92},"top":[{"name":"The Shops at Atlas Park (Campus)","addr":"80-00 Cooper Ave","type":"Retail & Hotel","gwh":21.88,"eui":70.6},{"name":"8000 Cooper Avenue","addr":"70-24 - 70-70 83 St (81-80 Cooper Ave)","type":"Other","gwh":14.85,"eui":50.5},{"name":"Rachlin MGMT:90-60 UNION TURNPIKE","addr":"90-60 UNION TURNPIKE","type":"Multifamily","gwh":8.08,"eui":73.6},{"name":"70-24 - 70-70 83 St (81-80 Cooper Ave)","addr":"70-24 - 70-70 83 St (81-80 Cooper Ave)","type":"Other","gwh":3.61,"eui":44.6},{"name":"1220 - WOODHAVEN BLVD/QUEENS","addr":"75-11 Woodhaven Blvd","type":"Retail & Hotel","gwh":3.05,"eui":86.4}]},"geometry":{"type":"Polygon","coordinates":[[[-73.85729,40.71147],[-73.85668,40.70769],[-73.85594,40.7064],[-73.85472,40.70677],[-73.85471,40.70521],[-73.85252,40.70229],[-73.85529,40.7026],[-73.8553,40.70199],[-73.85723,40.70165],[-73.85728,40.70121],[-73.85827,40.70122],[-73.85893,40.70132],[-73.85808,40.7029],[-73.86281,40.70341],[-73.8764,40.70229],[-73.87622,40.7016],[-73.88174,40.69953],[-73.88281,40.70068],[-73.88771,40.69968],[-73.88818,40.69886],[-73.88783,40.69766],[-73.88649,40.69644],[-73.88865,40.69583],[-73.88818,40.69506],[-73.8919,40.69432],[-73.89245,40.69523],[-73.89508,40.69459],[-73.89559,40.69398],[-73.89358,40.69309],[-73.89326,40.6922],[-73.89474,40.69264],[-73.89696,40.69195],[-73.89769,40.69337],[-73.89691,40.69384],[-73.89736,40.69411],[-73.90003,40.69344],[-73.89838,40.69614],[-73.89558,40.69713],[-73.89578,40.69851],[-73.89485,40.69859],[-73.895,40.69971],[-73.88912,40.7056],[-73.88555,40.70615],[-73.88553,40.70645],[-73.86911,40.70709],[-73.87018,40.70923],[-73.86501,40.71078],[-73.85965,40.71338],[-73.85976,40.71185],[-73.85729,40.71147]]]}},{"type":"Feature","id":138,"properties":{"nta":"QN0504","name":"Middle Village","boro":"Queens","area_km2":3.246,"n":22,"gfa_msf":1.96,"energy_gwh":35.34,"elec_gwh":12.04,"gas_gwh":21.19,"steam_gwh":0.0,"oil_gwh":2.11,"ghg_kt":9.1,"density":10.89,"eui_med":52.6,"ghgi_med":3.62,"elec_share":0.341,"mix":{"Multifamily":18.47,"Education":9.92,"Healthcare":6.25,"Other":0.7},"top":[{"name":"Central Queens - 62-42 Woodhaven Blvd","addr":"62-42 Woodhaven Blvd.","type":"Multifamily","gwh":5.98,"eui":64.0},{"name":"Central Queens - 62-49 84th ST","addr":"62-29 84th Street","type":"Multifamily","gwh":5.92,"eui":69.0},{"name":"Dry harbor: 61-35 DRY HARBOR ROAD","addr":"61-35DRY HARBOR ROAD","type":"Healthcare","gwh":4.49,"eui":124.9},{"name":"Q247 (OECID: 0400114; BBL: 4030270037)","addr":"69-10 65th Drive","type":"Education","gwh":2.47,"eui":78.1},{"name":"Q049 (OECID: 0400044; BBL: 4029900045)","addr":"79-15 Penelope Avenue","type":"Education","gwh":2.33,"eui":68.5}]},"geometry":{"type":"Polygon","coordinates":[[[-73.86548,40.72028],[-73.87053,40.71816],[-73.87239,40.71783],[-73.87155,40.7126],[-73.86911,40.70709],[-73.88088,40.70645],[-73.87761,40.70717],[-73.87873,40.71003],[-73.87926,40.70991],[-73.87943,40.71028],[-73.87908,40.71036],[-73.88006,40.71265],[-73.88688,40.71222],[-73.88774,40.71364],[-73.88712,40.71376],[-73.88726,40.71497],[-73.89064,40.71881],[-73.89301,40.71615],[-73.89424,40.71792],[-73.88163,40.72388],[-73.88259,40.72508],[-73.88708,40.72464],[-73.8872,40.72787],[-73.88039,40.72891],[-73.87524,40.73072],[-73.87146,40.72933],[-73.86929,40.72444],[-73.86548,40.72028]]]}},{"type":"Feature","id":139,"properties":{"nta":"QN0601","name":"Rego Park","boro":"Queens","area_km2":1.876,"n":112,"gfa_msf":15.39,"energy_gwh":343.08,"elec_gwh":106.59,"gas_gwh":229.82,"steam_gwh":0.0,"oil_gwh":6.45,"ghg_kt":85.16,"density":182.88,"eui_med":70.8,"ghgi_med":4.79,"elec_share":0.311,"mix":{"Multifamily":260.11,"Other":60.22,"Office":15.02,"Education":6.34,"Retail & Hotel":1.41},"top":[{"name":"Rego II  + The Alexander","addr":"61-01 JUNCTION BOULEVARD","type":"Other","gwh":29.76,"eui":95.7},{"name":"AKAM - Park City 3 and 4 Apartments, Inc - PARENT","addr":"97-02 62nd Drive / 98-40 62nd Drive / 98-20 62nd Drive / 97-01 63rd Road","type":"Multifamily","gwh":26.93,"eui":92.4},{"name":"AKAM - Campus - Park City Estates","addr":"61-15 - 61-55 98th Street","type":"Multifamily","gwh":24.73,"eui":87.0},{"name":"Rego 2  (LL97)","addr":"61-01 JUNCTION BOULEVARD","type":"Other","gwh":23.47,"eui":109.3},{"name":"AKAM - 61-15 - 61-35 98th Street","addr":"61-15 - 61-35 98th Street","type":"Multifamily","gwh":13.78,"eui":80.9}]},"geometry":{"type":"Polygon","coordinates":[[[-73.85877,40.73579],[-73.85626,40.73096],[-73.85851,40.73029],[-73.85763,40.72861],[-73.85798,40.72874],[-73.85942,40.72646],[-73.85727,40.72568],[-73.85805,40.72445],[-73.86204,40.72596],[-73.85991,40.72435],[-73.85868,40.72261],[-73.85729,40.71147],[-73.85976,40.71185],[-73.85964,40.71398],[-73.86004,40.71493],[-73.86929,40.72444],[-73.87146,40.72933],[-73.87524,40.73072],[-73.86462,40.73428],[-73.85877,40.73579]]]}},{"type":"Feature","id":140,"properties":{"nta":"QN0602","name":"Forest Hills","boro":"Queens","area_km2":5.384,"n":366,"gfa_msf":45.22,"energy_gwh":927.16,"elec_gwh":201.49,"gas_gwh":680.14,"steam_gwh":0.0,"oil_gwh":44.4,"ghg_kt":213.77,"density":172.2,"eui_med":72.7,"ghgi_med":4.63,"elec_share":0.217,"mix":{"Multifamily":789.91,"Healthcare":52.56,"Education":40.01,"Office":22.21,"Other":18.94,"Retail & Hotel":3.53},"top":[{"name":"Parker Towers","addr":"10420 Queens Blvd.","type":"Multifamily","gwh":30.6,"eui":58.8},{"name":"NH Forest Hills Hospital Campus","addr":"102-01 66th Road","type":"Healthcare","gwh":21.62,"eui":395.7},{"name":"70-25 Yellowstone Boulevard (Parent Property)","addr":"70-25 Yellowstone Boulevard","type":"Multifamily","gwh":18.23,"eui":108.1},{"name":"Kennedy House Owners Inc (110-11 Queens Blvd)","addr":"110-11 Queens Boulevard","type":"Multifamily","gwh":17.99,"eui":119.4},{"name":"Forest Hills MHA","addr":"108-53 62nd Drive","type":"Multifamily","gwh":17.38,"eui":147.0}]},"geometry":{"type":"Polygon","coordinates":[[[-73.83098,40.71431],[-73.83598,40.71171],[-73.84454,40.70866],[-73.84933,40.70839],[-73.85594,40.7064],[-73.85668,40.70769],[-73.85868,40.72261],[-73.85991,40.72435],[-73.86204,40.72596],[-73.85805,40.72445],[-73.85727,40.72568],[-73.85942,40.72646],[-73.85798,40.72874],[-73.85763,40.72861],[-73.85851,40.73029],[-73.85626,40.73096],[-73.85877,40.73579],[-73.85135,40.73759],[-73.84756,40.73906],[-73.84689,40.73867],[-73.84419,40.73264],[-73.83985,40.72818],[-73.83538,40.72072],[-73.83488,40.7193],[-73.82983,40.71557],[-73.83146,40.71455],[-73.83098,40.71431]]]}},{"type":"Feature","id":141,"properties":{"nta":"QN0701","name":"College Point","boro":"Queens","area_km2":6.197,"n":75,"gfa_msf":7.86,"energy_gwh":220.26,"elec_gwh":121.92,"gas_gwh":93.84,"steam_gwh":0.0,"oil_gwh":2.21,"ghg_kt":65.8,"density":35.54,"eui_med":58.9,"ghgi_med":5.58,"elec_share":0.554,"mix":{"Other":145.41,"Retail & Hotel":31.35,"Office":20.95,"Healthcare":12.1,"Education":9.13,"Multifamily":1.33},"top":[{"name":"NYPD_9632_Police Academy","addr":"130-30 28th Ave","type":"Other","gwh":38.74,"eui":176.2},{"name":"New York Times","addr":"2570 Whitestone Expressway","type":"Other","gwh":29.78,"eui":184.9},{"name":"112-02 15th Ave (112-02 15 AVENUE)","addr":"112-02 15 AVENUE","type":"Other","gwh":20.6,"eui":416.9},{"name":"Benchmarking Group - 163","addr":"120-15 31st Ave","type":"Other","gwh":8.09,"eui":111.8},{"name":"119-15 27th Avenue (Parent Property)","addr":"119-15 27th Avenue","type":"Healthcare","gwh":7.03,"eui":428.3}]},"geometry":{"type":"MultiPolygon","coordinates":[[[[-73.83924,40.76563],[-73.83946,40.76545],[-73.83905,40.76596],[-73.83924,40.76563]]],[[[-73.8681,40.78746],[-73.86813,40.78723],[-73.86923,40.78597],[-73.8681,40.78746]]],[[[-73.83787,40.79844],[-73.83919,40.79778],[-73.84026,40.79759],[-73.83997,40.79691],[-73.8384,40.79676],[-73.83706,40.79385],[-73.83659,40.79208],[-73.83752,40.79101],[-73.8375,40.79046],[-73.83682,40.79047],[-73.83748,40.79043],[-73.83728,40.78901],[-73.83713,40.78956],[-73.83566,40.78957],[-73.83347,40.78846],[-73.83144,40.78917],[-73.83215,40.79003],[-73.83169,40.79107],[-73.83099,40.79157],[-73.82911,40.7919],[-73.82852,40.79249],[-73.82923,40.793],[-73.8284,40.79255],[-73.82779,40.7933],[-73.82801,40.79491],[-73.82881,40.79618],[-73.82945,40.79666],[-73.82994,40.79608],[-73.83003,40.79614],[-73.82947,40.79667],[-73.82977,40.79683],[-73.83029,40.79624],[-73.83052,40.79639],[-73.82996,40.79691],[-73.82978,40.79687],[-73.82906,40.79646],[-73.82742,40.79675],[-73.82699,40.79708],[-73.82703,40.79772],[-73.82287,40.79148],[-73.82249,40.78949],[-73.82383,40.78676],[-73.82499,40.7817],[-73.83016,40.77382],[-73.83627,40.76961],[-73.83926,40.76603],[-73.8397,40.76639],[-73.83975,40.76712],[-73.84031,40.76629],[-73.84491,40.76553],[-73.84781,40.76677],[-73.84862,40.76811],[-73.84819,40.76848],[-73.849,40.76915],[-73.84847,40.76973],[-73.84867,40.77076],[-73.84994,40.77193],[-73.85034,40.77174],[-73.8513,40.77181],[-73.84995,40.77196],[-73.84898,40.77356],[-73.84896,40.77796],[-73.84993,40.77877],[-73.84964,40.77948],[-73.85095,40.77907],[-73.85149,40.77899],[-73.84982,40.77963],[-73.85235,40.77948],[-73.85232,40.77917],[-73.85239,40.77953],[-73.84982,40.77965],[-73.84955,40.77996],[-73.85169,40.77987],[-73.85167,40.78004],[-73.84949,40.78007],[-73.84989,40.78109],[-73.85094,40.78112],[-73.84989,40.78112],[-73.84984,40.7816],[-73.84919,40.78164],[-73.84955,40.78184],[-73.84925,40.78226],[-73.85528,40.78198],[-73.85545,40.78314],[-73.85645,40.78335],[-73.85665,40.78289],[-73.85684,40.78337],[-73.85808,40.78372],[-73.85798,40.78467],[-73.85911,40.78546],[-73.85946,40.78549],[-73.85935,40.78503],[-73.85951,40.78553],[-73.85899,40.78549],[-73.85912,40.78585],[-73.85813,40.78705],[-73.85681,40.78667],[-73.85594,40.78769],[-73.85345,40.78783],[-73.85284,40.78821],[-73.8548,40.78862],[-73.85447,40.79026],[-73.85266,40.79111],[-73.85378,40.79242],[-73.85373,40.79394],[-73.85277,40.79439],[-73.85263,40.79494],[-73.85159,40.79409],[-73.84906,40.79336],[-73.84871,40.79542],[-73.84624,40.79616],[-73.84558,40.79602],[-73.8446,40.79491],[-73.84355,40.79491],[-73.84331,40.7955],[-73.84285,40.79521],[-73.84328,40.79617],[-73.84281,40.79542],[-73.84226,40.79558],[-73.84287,40.79692],[-73.84217,40.79561],[-73.84142,40.79515],[-73.8413,40.79622],[-73.84014,40.79688],[-73.84042,40.79768],[-73.83921,40.79784],[-73.83843,40.79838],[-73.83787,40.79844]]]]}},{"type":"Feature","id":142,"properties":{"nta":"QN0702","name":"Whitestone-Beechhurst","boro":"Queens","area_km2":4.89,"n":87,"gfa_msf":6.04,"energy_gwh":130.32,"elec_gwh":27.91,"gas_gwh":99.83,"steam_gwh":0.0,"oil_gwh":2.56,"ghg_kt":29.7,"density":26.65,"eui_med":72.9,"ghgi_med":4.65,"elec_share":0.214,"mix":{"Multifamily":109.02,"Education":7.96,"Other":4.83,"Retail & Hotel":4.68,"Healthcare":3.83},"top":[{"name":"Lovett - 166-25 Powells Cove Boulevard","addr":"166-25 Powells Cove Boulevard","type":"Multifamily","gwh":12.95,"eui":107.7},{"name":"CVG - 6th Corporation","addr":"158-06 Cross Island Pkwy","type":"Multifamily","gwh":12.14,"eui":70.2},{"name":"CVG - 5th Corporation","addr":"157-52 17 Avenue","type":"Multifamily","gwh":5.78,"eui":67.1},{"name":"Redmont Realty Company","addr":"153-15 Cross Island Parkway","type":"Retail & Hotel","gwh":4.68,"eui":77.8},{"name":"Feil PARENT - 153-01 Tenth Avenue / 7-10 154 Street","addr":"153-01 10Th Avenue","type":"Other","gwh":4.37,"eui":218.2}]},"geometry":{"type":"Polygon","coordinates":[[[-73.79186,40.7893],[-73.79058,40.78813],[-73.79494,40.78628],[-73.79783,40.78585],[-73.80242,40.78602],[-73.80379,40.77561],[-73.81486,40.77649],[-73.81453,40.77889],[-73.82331,40.77958],[-73.82224,40.78169],[-73.82499,40.7817],[-73.82383,40.78676],[-73.82259,40.78911],[-73.82247,40.79017],[-73.82287,40.79148],[-73.82703,40.79772],[-73.82612,40.79727],[-73.82505,40.79738],[-73.82399,40.79801],[-73.82423,40.7987],[-73.82386,40.79815],[-73.82343,40.79841],[-73.82372,40.7989],[-73.82325,40.79847],[-73.82331,40.79896],[-73.823,40.79864],[-73.82261,40.79889],[-73.82268,40.79949],[-73.82239,40.79911],[-73.82043,40.80063],[-73.8205,40.80101],[-73.8204,40.80064],[-73.81922,40.80059],[-73.81721,40.79921],[-73.81657,40.79941],[-73.81682,40.7991],[-73.81646,40.79935],[-73.81668,40.79906],[-73.81611,40.79861],[-73.81577,40.79902],[-73.81608,40.79857],[-73.81368,40.79755],[-73.8137,40.79708],[-73.81335,40.79767],[-73.8135,40.79694],[-73.81287,40.79718],[-73.81225,40.79813],[-73.81179,40.79803],[-73.81161,40.79737],[-73.80636,40.79639],[-73.80623,40.79682],[-73.80633,40.79639],[-73.8054,40.79617],[-73.80532,40.79651],[-73.80534,40.79616],[-73.80435,40.79621],[-73.80427,40.79664],[-73.80417,40.79623],[-73.80411,40.79668],[-73.80414,40.79623],[-73.80395,40.79665],[-73.80387,40.79631],[-73.8034,40.79691],[-73.80346,40.79647],[-73.80324,40.79708],[-73.80326,40.79671],[-73.80258,40.7963],[-73.80013,40.79645],[-73.7979,40.79556],[-73.79767,40.79599],[-73.79787,40.79555],[-73.79674,40.79521],[-73.79651,40.79565],[-73.79656,40.79514],[-73.79439,40.79481],[-73.79432,40.79357],[-73.79496,40.79187],[-73.79403,40.78962],[-73.79373,40.78904],[-73.79338,40.78958],[-73.79324,40.78953],[-73.79362,40.789],[-73.79286,40.78879],[-73.79186,40.7893]]]}},{"type":"Feature","id":143,"properties":{"nta":"QN0703","name":"Bay Terrace-Clearview","boro":"Queens","area_km2":3.653,"n":48,"gfa_msf":10.56,"energy_gwh":211.46,"elec_gwh":46.15,"gas_gwh":161.25,"steam_gwh":0.0,"oil_gwh":4.02,"ghg_kt":48.28,"density":57.89,"eui_med":68.0,"ghgi_med":4.53,"elec_share":0.218,"mix":{"Multifamily":195.15,"Retail & Hotel":10.9,"Education":5.41},"top":[{"name":"DEPM 1782 PARENT - 209-90 23rd Avenue","addr":"209-90 23 Avenue","type":"Multifamily","gwh":21.97,"eui":57.8},{"name":"17-85 215th Street - 25166","addr":"17-85 215th Street","type":"Multifamily","gwh":10.05,"eui":96.1},{"name":"CVG - 1st Corporation","addr":"19-40 202 Street","type":"Multifamily","gwh":9.58,"eui":64.2},{"name":"CVG -  4th Corporation","addr":"163-24 17 Avenue","type":"Multifamily","gwh":9.29,"eui":73.2},{"name":"18-15 215th Street - 25154","addr":"18-15 215th Street","type":"Multifamily","gwh":8.46,"eui":80.9}]},"geometry":{"type":"Polygon","coordinates":[[[-73.78175,40.79113],[-73.78121,40.78959],[-73.77796,40.78836],[-73.7741,40.7863],[-73.77161,40.783],[-73.7682,40.77944],[-73.76702,40.78009],[-73.76678,40.77981],[-73.76816,40.7794],[-73.7676,40.7783],[-73.76816,40.77813],[-73.76861,40.7791],[-73.77554,40.77703],[-73.77584,40.77861],[-73.79566,40.77304],[-73.79742,40.77401],[-73.79853,40.77519],[-73.80379,40.77561],[-73.80242,40.78602],[-73.79783,40.78585],[-73.79494,40.78628],[-73.79058,40.78813],[-73.79186,40.7893],[-73.79028,40.79032],[-73.78568,40.79034],[-73.78253,40.79128],[-73.78434,40.79175],[-73.78175,40.79113]]]}},{"type":"Feature","id":144,"properties":{"nta":"QN0704","name":"Murray Hill-Broadway Flushing","boro":"Queens","area_km2":5.245,"n":142,"gfa_msf":11.79,"energy_gwh":259.01,"elec_gwh":56.87,"gas_gwh":140.53,"steam_gwh":0.0,"oil_gwh":61.34,"ghg_kt":63.48,"density":49.39,"eui_med":69.1,"ghgi_med":4.72,"elec_share":0.22,"mix":{"Multifamily":219.1,"Education":14.2,"Retail & Hotel":9.58,"Other":7.34,"Healthcare":6.93,"Office":1.87},"top":[{"name":"Mitchell Gardens 3 (141-16 25th Road) (Campus)","addr":"141-16 25th Road","type":"Multifamily","gwh":20.13,"eui":139.1},{"name":"Linden Hill Section 2 Cooperative Corp (Campus)","addr":"142-20 26th Ave","type":"Multifamily","gwh":10.18,"eui":82.4},{"name":"139-10 28th Road, 140-08 28th Road, and 141-10 28 Avenue (Parent Property)","addr":"139-10 28th Road, 140-08 28th Road, and 141-10 28 Avenue","type":"Multifamily","gwh":6.65,"eui":86.7},{"name":"38-25 Parsons Blvd Owners Corp","addr":"38-25 Parsons Blvd","type":"Multifamily","gwh":5.87,"eui":193.1},{"name":"36-17 Parsons Blvd","addr":"36-17 Parsons Blvd","type":"Healthcare","gwh":5.58,"eui":121.2}]},"geometry":{"type":"Polygon","coordinates":[[[-73.81486,40.77649],[-73.79853,40.77519],[-73.79742,40.77401],[-73.79522,40.77267],[-73.79318,40.7704],[-73.79396,40.7647],[-73.79303,40.76462],[-73.79344,40.76076],[-73.79076,40.76099],[-73.79032,40.75782],[-73.79493,40.7578],[-73.8003,40.7597],[-73.81105,40.76142],[-73.82064,40.75887],[-73.82348,40.76465],[-73.82467,40.77041],[-73.82656,40.77014],[-73.82657,40.77064],[-73.82957,40.77071],[-73.83055,40.77022],[-73.83058,40.77164],[-73.83152,40.77166],[-73.83159,40.77256],[-73.82888,40.77543],[-73.82528,40.7817],[-73.82224,40.78169],[-73.82331,40.77958],[-73.81453,40.77889],[-73.81486,40.77649]]]}},{"type":"Feature","id":145,"properties":{"nta":"QN0705","name":"East Flushing","boro":"Queens","area_km2":2.941,"n":33,"gfa_msf":3.37,"energy_gwh":65.36,"elec_gwh":15.79,"gas_gwh":40.1,"steam_gwh":0.0,"oil_gwh":9.45,"ghg_kt":15.88,"density":22.22,"eui_med":69.3,"ghgi_med":4.63,"elec_share":0.242,"mix":{"Multifamily":55.63,"Education":8.86,"Other":0.88},"top":[{"name":"Central Queens - 137-60 45th Ave.","addr":"137-60 45th Ave.","type":"Multifamily","gwh":5.25,"eui":71.5},{"name":"137-47 45th Ave","addr":"137-47 45Th Avenue","type":"Multifamily","gwh":4.95,"eui":76.1},{"name":"Notre Dame_44-15 Colden Street","addr":"44-15 Colden Street","type":"Multifamily","gwh":3.33,"eui":85.8},{"name":"144-54 Sanford Avenue (Parent Property)","addr":"144-54 Sanford Avenue","type":"Multifamily","gwh":3.31,"eui":65.2},{"name":"Q024 (OECID: 0400024; BBL: 4052010021)","addr":"141-11 Holly Avenue","type":"Education","gwh":3.2,"eui":67.1}]},"geometry":{"type":"Polygon","coordinates":[[[-73.79493,40.7578],[-73.79472,40.75062],[-73.7973,40.74944],[-73.79472,40.7476],[-73.79458,40.7464],[-73.79736,40.74647],[-73.79826,40.74697],[-73.80335,40.74643],[-73.80277,40.74812],[-73.80288,40.74977],[-73.80751,40.75014],[-73.81416,40.74614],[-73.81537,40.74722],[-73.81575,40.74698],[-73.81782,40.74739],[-73.82108,40.74856],[-73.82426,40.75183],[-73.82192,40.75317],[-73.82085,40.75224],[-73.81841,40.75383],[-73.8203,40.75551],[-73.81789,40.75709],[-73.82064,40.75887],[-73.81105,40.76142],[-73.8003,40.7597],[-73.79493,40.7578]]]}},{"type":"Feature","id":146,"properties":{"nta":"QN0706","name":"Queensboro Hill","boro":"Queens","area_km2":2.455,"n":5,"gfa_msf":1.4,"energy_gwh":54.18,"elec_gwh":31.94,"gas_gwh":22.03,"steam_gwh":0.0,"oil_gwh":0.2,"ghg_kt":16.59,"density":22.07,"eui_med":64.0,"ghgi_med":4.99,"elec_share":0.59,"mix":{"Healthcare":47.51,"Education":4.2,"Multifamily":1.42,"Office":1.04},"top":[{"name":"NYPQ Campus","addr":"56-45 Main Street","type":"Healthcare","gwh":47.51,"eui":155.6},{"name":"Q163 (OECID: 0400148; BBL: 4067260070)","addr":"159-01 59th Avenue","type":"Education","gwh":2.2,"eui":57.9},{"name":"Q120 (OECID: 0400106; BBL: 4063730001)","addr":"58-01 136th Street","type":"Education","gwh":2.0,"eui":61.2},{"name":"136-20 Booth: 136-20 Booth Memorial Ave.","addr":"136-20 Booth Memorial Avenue","type":"Multifamily","gwh":1.42,"eui":64.0},{"name":"163-03 Horace Harding Expressway","addr":"163-03 Horace Harding Expressway","type":"Office","gwh":1.04,"eui":86.9}]},"geometry":{"type":"Polygon","coordinates":[[[-73.81537,40.74722],[-73.81368,40.7453],[-73.81431,40.74297],[-73.80824,40.74201],[-73.79947,40.74222],[-73.79695,40.74193],[-73.79726,40.74021],[-73.79629,40.73855],[-73.79822,40.73822],[-73.81506,40.73899],[-73.81497,40.73856],[-73.81608,40.73886],[-73.81678,40.73838],[-73.82485,40.73983],[-73.82497,40.73944],[-73.82556,40.73945],[-73.82634,40.73883],[-73.82796,40.7385],[-73.82809,40.73708],[-73.82947,40.73702],[-73.83054,40.73752],[-73.83113,40.73856],[-73.83091,40.73913],[-73.83134,40.73917],[-73.83116,40.74234],[-73.83593,40.7435],[-73.83544,40.74552],[-73.83411,40.74736],[-73.83309,40.74799],[-73.83125,40.74811],[-73.83096,40.74894],[-73.82787,40.74981],[-73.82584,40.74935],[-73.82577,40.75097],[-73.82426,40.75183],[-73.82108,40.74856],[-73.81782,40.74739],[-73.81575,40.74698],[-73.81537,40.74722]]]}},{"type":"Feature","id":147,"properties":{"nta":"QN0707","name":"Flushing-Willets Point","boro":"Queens","area_km2":3.58,"n":353,"gfa_msf":36.51,"energy_gwh":814.92,"elec_gwh":266.59,"gas_gwh":497.9,"steam_gwh":0.0,"oil_gwh":50.14,"ghg_kt":207.62,"density":227.63,"eui_med":71.5,"ghgi_med":5.0,"elec_share":0.327,"mix":{"Multifamily":594.76,"Other":100.91,"Retail & Hotel":41.68,"Office":35.15,"Healthcare":23.53,"Education":18.87},"top":[{"name":"Tangram House (Campus)","addr":"133-27 39th Ave, 37-12 Prince St","type":"Other","gwh":23.89,"eui":67.5},{"name":"Tangram House South Condominium (133-27 39th Ave)","addr":"133-27 39th Ave","type":"Multifamily","gwh":17.92,"eui":141.7},{"name":"BLAND","addr":"40-25 COLLEGE POINT BOULEVARD","type":"Multifamily","gwh":17.58,"eui":138.7},{"name":"Grand at Sky View Parc","addr":"131-01, 03, 05 40 Road","type":"Multifamily","gwh":15.96,"eui":69.8},{"name":"William Shao - 136-20 Roosevelt Ave","addr":"136-20 Roosevelt Ave","type":"Other","gwh":15.45,"eui":257.1}]},"geometry":{"type":"Polygon","coordinates":[[[-73.82064,40.75887],[-73.81789,40.75709],[-73.8203,40.75551],[-73.81841,40.75383],[-73.82085,40.75224],[-73.82192,40.75317],[-73.82577,40.75097],[-73.82584,40.74935],[-73.82766,40.74986],[-73.83096,40.74894],[-73.83125,40.74811],[-73.833,40.74783],[-73.8323,40.75194],[-73.83559,40.75138],[-73.83792,40.75454],[-73.83862,40.75704],[-73.84324,40.75534],[-73.84597,40.7607],[-73.84671,40.76135],[-73.84359,40.76337],[-73.84369,40.76361],[-73.84307,40.76359],[-73.84273,40.76463],[-73.83936,40.76541],[-73.83872,40.7669],[-73.83722,40.76874],[-73.83159,40.77256],[-73.83152,40.77166],[-73.83058,40.77164],[-73.83055,40.77022],[-73.82957,40.77071],[-73.82657,40.77064],[-73.82656,40.77014],[-73.82467,40.77041],[-73.82348,40.76465],[-73.82064,40.75887]]]}},{"type":"Feature","id":148,"properties":{"nta":"QN0801","name":"Kew Gardens Hills","boro":"Queens","area_km2":3.187,"n":59,"gfa_msf":9.96,"energy_gwh":226.46,"elec_gwh":53.17,"gas_gwh":155.67,"steam_gwh":0.0,"oil_gwh":17.58,"ghg_kt":53.56,"density":71.06,"eui_med":76.7,"ghgi_med":5.26,"elec_share":0.235,"mix":{"Multifamily":183.47,"Education":34.54,"Other":7.87,"Retail & Hotel":0.58},"top":[{"name":"Hyde Park","addr":"67-01 136th Street","type":"Multifamily","gwh":20.82,"eui":104.4},{"name":"Parkway Village Equities Corp. (81-26 150th Street)","addr":"81-26 150th Street","type":"Multifamily","gwh":18.82,"eui":91.2},{"name":"Dara Owners Corp. (150-29 72nd Road) (Campus)","addr":"150-29 72nd Road","type":"Multifamily","gwh":12.05,"eui":88.0},{"name":"A&E - The Opal - 75-25 153rd Street","addr":"75-25 153 Street","type":"Multifamily","gwh":9.92,"eui":62.6},{"name":"Joyce Equities","addr":"138-40 Jewel Avenue","type":"Multifamily","gwh":9.09,"eui":79.8}]},"geometry":{"type":"Polygon","coordinates":[[[-73.81497,40.73856],[-73.81469,40.73595],[-73.81523,40.72879],[-73.8107,40.72619],[-73.81063,40.72442],[-73.80782,40.71591],[-73.81731,40.71579],[-73.82012,40.71651],[-73.8193,40.71714],[-73.81952,40.71734],[-73.82531,40.71735],[-73.82557,40.71972],[-73.82731,40.72465],[-73.83058,40.7264],[-73.83386,40.73055],[-73.82567,40.73228],[-73.82485,40.73983],[-73.81693,40.73839],[-73.81608,40.73886],[-73.81497,40.73856]]]}},{"type":"Feature","id":149,"properties":{"nta":"QN0802","name":"Pomonok-Electchester-Hillcrest","boro":"Queens","area_km2":3.435,"n":44,"gfa_msf":11.81,"energy_gwh":309.49,"elec_gwh":105.48,"gas_gwh":194.39,"steam_gwh":0.0,"oil_gwh":9.34,"ghg_kt":79.09,"density":90.1,"eui_med":70.4,"ghgi_med":4.97,"elec_share":0.341,"mix":{"Multifamily":177.75,"Healthcare":71.15,"Other":31.43,"Education":17.81,"Office":8.59,"Retail & Hotel":2.76},"top":[{"name":"POMONOK","addr":"65-10 PARSONS BOULEVARD","type":"Multifamily","gwh":85.97,"eui":131.4},{"name":"Benchmarking Group - 52","addr":"82-70 164th St","type":"Healthcare","gwh":57.81,"eui":248.0},{"name":"St. John's University, Queens Campus","addr":"8000 Utopia Parkway","type":"Other","gwh":29.66,"eui":37.5},{"name":"Electchester 3rd House","addr":"65-52 160th Street","type":"Multifamily","gwh":20.23,"eui":93.9},{"name":"Second Housing Company","addr":"161-29 Harry Van Arsdale Jr. Ave","type":"Multifamily","gwh":13.71,"eui":70.3}]},"geometry":{"type":"Polygon","coordinates":[[[-73.80467,40.73845],[-73.80465,40.73811],[-73.80273,40.73808],[-73.80294,40.73486],[-73.80385,40.7349],[-73.80407,40.73164],[-73.79866,40.73143],[-73.79856,40.73286],[-73.79428,40.7327],[-73.79398,40.7323],[-73.79379,40.7307],[-73.79157,40.72533],[-73.79045,40.72355],[-73.7903,40.72089],[-73.79071,40.71927],[-73.79279,40.71908],[-73.80192,40.71655],[-73.80784,40.716],[-73.81063,40.72442],[-73.8107,40.72619],[-73.81523,40.72879],[-73.81469,40.73595],[-73.81506,40.73899],[-73.80467,40.73845]]]}},{"type":"Feature","id":150,"properties":{"nta":"QN0803","name":"Fresh Meadows-Utopia","boro":"Queens","area_km2":3.084,"n":18,"gfa_msf":4.6,"energy_gwh":137.14,"elec_gwh":22.48,"gas_gwh":107.87,"steam_gwh":0.0,"oil_gwh":5.18,"ghg_kt":30.1,"density":44.47,"eui_med":73.0,"ghgi_med":5.17,"elec_share":0.164,"mix":{"Multifamily":106.86,"Other":21.63,"Education":7.17,"Office":1.49},"top":[{"name":"QFR (BBL - 4071170003)","addr":"189-02 64 Ave","type":"Multifamily","gwh":77.33,"eui":214.7},{"name":"Fresh Meadows Place Campus Parent","addr":"6118 190th street","type":"Other","gwh":18.03,"eui":146.5},{"name":"QFR (BBL - 4071170006)","addr":"194-16 64 Ave","type":"Multifamily","gwh":16.67,"eui":138.5},{"name":"186-01 73rd Avenue","addr":"186-01 73rd Avenue","type":"Other","gwh":3.6,"eui":125.0},{"name":"Meadowlark Gardens Corp. (196-12 67 avenue)","addr":"196-12 67 avenue","type":"Multifamily","gwh":2.5,"eui":79.8}]},"geometry":{"type":"Polygon","coordinates":[[[-73.77758,40.73019],[-73.79174,40.72579],[-73.79428,40.7327],[-73.79856,40.73286],[-73.79866,40.73143],[-73.80407,40.73164],[-73.80385,40.7349],[-73.80294,40.73486],[-73.80273,40.73808],[-73.80465,40.73811],[-73.80467,40.73845],[-73.79641,40.73833],[-73.78041,40.74263],[-73.77576,40.74337],[-73.7723,40.73511],[-73.77011,40.73178],[-73.77758,40.73019]]]}},{"type":"Feature","id":151,"properties":{"nta":"QN0804","name":"Jamaica Estates-Holliswood","boro":"Queens","area_km2":3.661,"n":51,"gfa_msf":5.82,"energy_gwh":104.54,"elec_gwh":28.51,"gas_gwh":74.37,"steam_gwh":0.0,"oil_gwh":1.62,"ghg_kt":25.09,"density":28.55,"eui_med":68.9,"ghgi_med":4.64,"elec_share":0.273,"mix":{"Multifamily":74.81,"Healthcare":12.83,"Education":7.97,"Other":5.54,"Office":2.31,"Retail & Hotel":1.09},"top":[{"name":"175-20 Wexford Terrace","addr":"17520 WEXFORD TERR","type":"Multifamily","gwh":9.28,"eui":95.5},{"name":"182-15 Hillside Avenue","addr":"182-15 Hillside Avenue","type":"Healthcare","gwh":6.53,"eui":125.9},{"name":"AKAM - Hilltop Village Cooperative # 4, Inc - PARENT","addr":"86-70 Francis Lewis Boulevard","type":"Multifamily","gwh":6.43,"eui":68.9},{"name":"Hillside Manor Rehabilitation and Extended Care enter, LLC","addr":"182-15 Hillside Ave","type":"Healthcare","gwh":6.3,"eui":173.2},{"name":"AKAM - Hilltop Village Cooperative # 3, Inc - PARENT","addr":"87-50 204th Street","type":"Multifamily","gwh":4.27,"eui":59.7}]},"geometry":{"type":"Polygon","coordinates":[[[-73.77738,40.72245],[-73.77287,40.72487],[-73.76545,40.72647],[-73.75986,40.72587],[-73.75688,40.72628],[-73.75548,40.72512],[-73.75497,40.72416],[-73.7595,40.72103],[-73.76733,40.71729],[-73.77357,40.71512],[-73.78658,40.71197],[-73.78929,40.71203],[-73.79304,40.71071],[-73.79359,40.71413],[-73.7924,40.71619],[-73.79201,40.71797],[-73.79073,40.71921],[-73.7903,40.72089],[-73.79045,40.72355],[-73.79174,40.72579],[-73.77758,40.73019],[-73.77523,40.72524],[-73.77804,40.72328],[-73.77738,40.72245]]]}},{"type":"Feature","id":152,"properties":{"nta":"QN0805","name":"Jamaica Hills-Briarwood","boro":"Queens","area_km2":2.568,"n":104,"gfa_msf":11.07,"energy_gwh":244.93,"elec_gwh":49.16,"gas_gwh":174.08,"steam_gwh":0.0,"oil_gwh":20.11,"ghg_kt":56.51,"density":95.36,"eui_med":75.2,"ghgi_med":5.01,"elec_share":0.201,"mix":{"Multifamily":188.15,"Education":35.19,"Healthcare":14.77,"Retail & Hotel":5.9,"Office":0.92},"top":[{"name":"Kaled: 142-10 82nd Dr","addr":"8410 MAIN ST","type":"Multifamily","gwh":8.22,"eui":87.6},{"name":"Winston Apartments - Campus","addr":"143-25 84 DR;142-35 84th Drive;8455 Daniel St","type":"Multifamily","gwh":7.81,"eui":150.6},{"name":"Q505, Q086, Q506 (OECID: 0400239; BBL: 4097740001)","addr":"160-05 Highland Avenue","type":"Education","gwh":7.71,"eui":44.2},{"name":"164-11 Chapin Parkway","addr":"164-11 Chapin Parkway","type":"Healthcare","gwh":6.79,"eui":237.1},{"name":"DEPM 2178 - 139-15 83rd Ave","addr":"139-15 83 Avenue","type":"Multifamily","gwh":6.22,"eui":72.5}]},"geometry":{"type":"Polygon","coordinates":[[[-73.79304,40.71071],[-73.79777,40.70914],[-73.7987,40.71066],[-73.80141,40.70969],[-73.80302,40.70814],[-73.80548,40.71009],[-73.80805,40.70936],[-73.80695,40.70737],[-73.81201,40.70594],[-73.81153,40.70227],[-73.81648,40.70245],[-73.81953,40.70858],[-73.81954,40.70828],[-73.82131,40.71055],[-73.82395,40.71286],[-73.82558,40.71576],[-73.8234,40.71655],[-73.82188,40.71665],[-73.8171,40.71578],[-73.80474,40.71617],[-73.79805,40.71741],[-73.79279,40.71908],[-73.79071,40.71927],[-73.79201,40.71797],[-73.7924,40.71619],[-73.79359,40.71413],[-73.79304,40.71071]]]}},{"type":"Feature","id":153,"properties":{"nta":"QN0901","name":"Kew Gardens","boro":"Queens","area_km2":1.885,"n":121,"gfa_msf":12.69,"energy_gwh":234.06,"elec_gwh":66.59,"gas_gwh":146.93,"steam_gwh":0.0,"oil_gwh":20.26,"ghg_kt":58.04,"density":124.2,"eui_med":69.9,"ghgi_med":4.43,"elec_share":0.285,"mix":{"Multifamily":183.04,"Office":23.61,"Other":19.42,"Education":4.74,"Healthcare":2.96,"Retail & Hotel":0.29},"top":[{"name":"DCAS_1045_Queens Borough Hall","addr":"120-55 Queens Blvd","type":"Office","gwh":12.49,"eui":163.2},{"name":"Silver Towers (12510 Queens Blvd)","addr":"12510 Queens Blvd","type":"Multifamily","gwh":10.01,"eui":67.0},{"name":"Benchmarking Group - 215","addr":"125-01 Queens Blvd","type":"Other","gwh":9.53,"eui":28.0},{"name":"Hampton Ct Owners Corp (117-01A, 117-01B, 117-1C, 117-01D ParkLane So) (Campus)","addr":"117-01 Park Lane So","type":"Multifamily","gwh":9.08,"eui":57.7},{"name":"80-02 Kew Gardens","addr":"80-02 KEW GARDENS ROAD","type":"Office","gwh":8.74,"eui":72.0}]},"geometry":{"type":"Polygon","coordinates":[[[-73.81648,40.70245],[-73.81733,40.70296],[-73.81754,40.70266],[-73.82246,40.70366],[-73.83152,40.70139],[-73.83213,40.70279],[-73.83392,40.70235],[-73.8346,40.70393],[-73.83662,40.70342],[-73.83814,40.70618],[-73.83715,40.70796],[-73.84315,40.70922],[-73.83598,40.71171],[-73.8311,40.71428],[-73.82558,40.71576],[-73.82395,40.71286],[-73.82131,40.71055],[-73.81954,40.70828],[-73.81953,40.70858],[-73.81648,40.70245]]]}},{"type":"Feature","id":154,"properties":{"nta":"QN0902","name":"Richmond Hill","boro":"Queens","area_km2":2.812,"n":67,"gfa_msf":5.65,"energy_gwh":153.33,"elec_gwh":65.47,"gas_gwh":82.85,"steam_gwh":0.0,"oil_gwh":4.99,"ghg_kt":41.99,"density":54.52,"eui_med":62.7,"ghgi_med":4.58,"elec_share":0.427,"mix":{"Healthcare":86.83,"Multifamily":28.75,"Other":17.04,"Education":13.13,"Office":5.44,"Retail & Hotel":2.15},"top":[{"name":"ABC Building","addr":"89-10 Van Wyck Expy","type":"Healthcare","gwh":28.45,"eui":248.1},{"name":"AB Building","addr":"89-36 Van Wyck Expy","type":"Healthcare","gwh":24.67,"eui":324.2},{"name":"Jamaica Hospital - AB","addr":"89-10 Van Wyck Expressway","type":"Healthcare","gwh":24.67,"eui":158.2},{"name":"Q475 (OECID: 0400225; BBL: 4093210001)","addr":"89-30 114th Street","type":"Education","gwh":4.64,"eui":61.6},{"name":"Axel Building","addr":"134-20 Jamaica Ave","type":"Other","gwh":4.17,"eui":113.8}]},"geometry":{"type":"Polygon","coordinates":[[[-73.81648,40.70245],[-73.81373,40.69713],[-73.82086,40.69535],[-73.82108,40.69578],[-73.84496,40.68916],[-73.84948,40.6982],[-73.84502,40.69936],[-73.84156,40.7011],[-73.83696,40.70421],[-73.83662,40.70342],[-73.8346,40.70393],[-73.83392,40.70235],[-73.83213,40.70279],[-73.83152,40.70139],[-73.82246,40.70366],[-73.81754,40.70266],[-73.81733,40.70296],[-73.81648,40.70245]]]}},{"type":"Feature","id":155,"properties":{"nta":"QN0903","name":"South Richmond Hill","boro":"Queens","area_km2":1.472,"n":7,"gfa_msf":0.49,"energy_gwh":9.07,"elec_gwh":3.22,"gas_gwh":5.7,"steam_gwh":0.0,"oil_gwh":0.15,"ghg_kt":2.34,"density":6.16,"eui_med":63.1,"ghgi_med":4.93,"elec_share":0.355,"mix":{"Education":4.88,"Other":2.45,"Multifamily":1.74},"top":[{"name":"Q062 (OECID: 0400055; BBL: 4094100001)","addr":"97-25 108th Street","type":"Education","gwh":1.99,"eui":63.1},{"name":"117-11 97 AVENUE","addr":"117-11 97 AVENUE","type":"Other","gwh":1.8,"eui":77.3},{"name":"Q161 (OECID: 0401412; BBL: 4094910001)","addr":"101-23 124th Street","type":"Education","gwh":1.75,"eui":57.9},{"name":"Q055, Q865 (OECID: 0400049; BBL: 4094770001)","addr":"131-10 97th Avenue","type":"Education","gwh":1.14,"eui":49.3},{"name":"97-10 Van Wyck Expressway","addr":"97-10 Van Wyck Expressway","type":"Multifamily","gwh":0.88,"eui":85.7}]},"geometry":{"type":"Polygon","coordinates":[[[-73.81073,40.69192],[-73.82501,40.68795],[-73.82599,40.68995],[-73.82851,40.68924],[-73.82753,40.68724],[-73.83595,40.68484],[-73.83811,40.68843],[-73.83635,40.68893],[-73.83751,40.69129],[-73.82108,40.69578],[-73.82086,40.69535],[-73.81416,40.69712],[-73.81373,40.69713],[-73.81073,40.69192]]]}},{"type":"Feature","id":156,"properties":{"nta":"QN0904","name":"Ozone Park (North)","boro":"Queens","area_km2":1.68,"n":20,"gfa_msf":1.25,"energy_gwh":24.76,"elec_gwh":12.6,"gas_gwh":11.86,"steam_gwh":0.0,"oil_gwh":0.0,"ghg_kt":7.1,"density":14.73,"eui_med":54.8,"ghgi_med":5.24,"elec_share":0.509,"mix":{"Education":10.94,"Retail & Hotel":9.04,"Other":2.13,"Office":1.58,"Multifamily":1.06},"top":[{"name":"Regency - 92-06 Atlantic Ave (80030)","addr":"92-06 Atlantic Ave","type":"Retail & Hotel","gwh":4.02,"eui":175.5},{"name":"Stop &amp; Shop 2589 - 92-10 Atlantic Avenue","addr":"92-02 Atlantic Ave.","type":"Retail & Hotel","gwh":3.83,"eui":208.3},{"name":"Q650 (OECID: 0401559; BBL: 4093810044)","addr":"94-06 104th Street","type":"Education","gwh":3.11,"eui":70.9},{"name":"Q210 (OECID: 0400203; BBL: 4090670001)","addr":"93-11 101 1st Avenue","type":"Education","gwh":2.27,"eui":41.3},{"name":"Benchmarking Group - 181","addr":"82-01 101st Ave","type":"Education","gwh":1.6,"eui":78.6}]},"geometry":{"type":"Polygon","coordinates":[[[-73.83595,40.68484],[-73.83808,40.68424],[-73.83697,40.68199],[-73.83865,40.68144],[-73.84013,40.68115],[-73.8412,40.68335],[-73.84787,40.68149],[-73.85198,40.68256],[-73.85099,40.68057],[-73.85398,40.67968],[-73.8582,40.67943],[-73.85879,40.68063],[-73.86335,40.67935],[-73.8641,40.68237],[-73.86602,40.68192],[-73.8663,40.68319],[-73.83751,40.69129],[-73.83635,40.68893],[-73.83811,40.68843],[-73.83595,40.68484]]]}},{"type":"Feature","id":157,"properties":{"nta":"QN0905","name":"Woodhaven","boro":"Queens","area_km2":2.204,"n":26,"gfa_msf":2.39,"energy_gwh":47.47,"elec_gwh":9.99,"gas_gwh":27.85,"steam_gwh":0.0,"oil_gwh":9.62,"ghg_kt":11.44,"density":21.53,"eui_med":82.8,"ghgi_med":5.19,"elec_share":0.21,"mix":{"Multifamily":32.01,"Education":14.78,"Retail & Hotel":0.62,"Other":0.05},"top":[{"name":"K420, K421 (OECID: 0301308; BBL: 3040940001; 4088340001)","addr":"999 Jamaica Avenue","type":"Education","gwh":10.29,"eui":85.1},{"name":"DEPM 2020 PARENT - 83-85 Woodhaven Blvd","addr":"83-85 Woodhaven Boulevard","type":"Multifamily","gwh":6.88,"eui":73.4},{"name":"83-75 Woodhaven Boulevard - Parent Property","addr":"83-75 Woodhaven Boulevard","type":"Multifamily","gwh":5.23,"eui":104.5},{"name":"83-05 98th Street - 39520","addr":"83-05 98th Street","type":"Multifamily","gwh":2.39,"eui":19.2},{"name":"Pinnacle - 85-50 Forest Pkwy","addr":"85-50 Forest Parkway","type":"Multifamily","gwh":2.18,"eui":87.6}]},"geometry":{"type":"Polygon","coordinates":[[[-73.84914,40.69828],[-73.84948,40.6982],[-73.84496,40.68916],[-73.8663,40.68319],[-73.86868,40.69403],[-73.86841,40.69473],[-73.85275,40.69756],[-73.85283,40.69841],[-73.85457,40.70059],[-73.85424,40.70074],[-73.85071,40.7002],[-73.84914,40.69828]]]}},{"type":"Feature","id":158,"properties":{"nta":"QN1001","name":"South Ozone Park","boro":"Queens","area_km2":7.603,"n":25,"gfa_msf":2.37,"energy_gwh":52.79,"elec_gwh":13.38,"gas_gwh":30.46,"steam_gwh":0.0,"oil_gwh":8.93,"ghg_kt":13.06,"density":6.94,"eui_med":74.5,"ghgi_med":5.84,"elec_share":0.254,"mix":{"Education":24.3,"Other":11.36,"Retail & Hotel":10.54,"Multifamily":5.09,"Office":1.49},"top":[{"name":"DSNY_3956_Queens East 8,10,12 District Garage;12A Broom","addr":"130-23 150th Ave","type":"Other","gwh":8.26,"eui":311.2},{"name":"Q480, Q481 (OECID: 0400209; BBL: 4095400002)","addr":"102-10 Rockaway Boulevard","type":"Education","gwh":7.85,"eui":87.2},{"name":"1215 - OZONE PARK","addr":"11220 Rockaway Blvd","type":"Retail & Hotel","gwh":4.56,"eui":127.2},{"name":"Q226 (OECID: 0400249; BBL: 4117140100)","addr":"121-10 Rockaway Boulevard","type":"Education","gwh":3.78,"eui":51.4},{"name":"Q108 (OECID: 0400096; BBL: 4114750011)","addr":"108-10 109th Avenue","type":"Education","gwh":2.92,"eui":60.5}]},"geometry":{"type":"Polygon","coordinates":[[[-73.80586,40.68291],[-73.80132,40.67278],[-73.80142,40.66778],[-73.80215,40.66525],[-73.80845,40.66446],[-73.81327,40.66281],[-73.82296,40.66386],[-73.82305,40.66355],[-73.82687,40.6637],[-73.83271,40.66541],[-73.84013,40.68115],[-73.83697,40.68199],[-73.83808,40.68424],[-73.82753,40.68724],[-73.82851,40.68924],[-73.82599,40.68995],[-73.82501,40.68795],[-73.81073,40.69192],[-73.80586,40.68291]]]}},{"type":"Feature","id":159,"properties":{"nta":"QN1002","name":"Ozone Park","boro":"Queens","area_km2":2.333,"n":14,"gfa_msf":1.04,"energy_gwh":15.89,"elec_gwh":7.19,"gas_gwh":6.97,"steam_gwh":0.0,"oil_gwh":1.72,"ghg_kt":4.52,"density":6.81,"eui_med":60.5,"ghgi_med":5.38,"elec_share":0.453,"mix":{"Education":8.32,"Other":3.76,"Retail & Hotel":2.02,"Multifamily":1.12,"Office":0.67},"top":[{"name":"Q137 (OECID: 0401457; BBL: 4091720001)","addr":"109-15 98th Street","type":"Education","gwh":2.71,"eui":49.6},{"name":"Q063 (OECID: 0400056; BBL: 4091550025)","addr":"90-15 Sutter Avenue","type":"Education","gwh":2.46,"eui":70.5},{"name":"Q202 (OECID: 0400201; BBL: 4114030001)","addr":"138-30 Lafayette Street","type":"Education","gwh":2.12,"eui":40.2},{"name":"98-18 Rockaway Boulevard","addr":"98-18 Rockaway Boulevard","type":"Other","gwh":2.0,"eui":115.4},{"name":"Q884 (OECID: 0401336; BBL: 4091210011)","addr":"103-22 99th Street","type":"Education","gwh":1.03,"eui":61.1}]},"geometry":{"type":"Polygon","coordinates":[[[-73.8412,40.68335],[-73.83335,40.66677],[-73.83791,40.66751],[-73.84047,40.66872],[-73.84014,40.66827],[-73.84243,40.66878],[-73.84258,40.66928],[-73.86132,40.67502],[-73.86235,40.67916],[-73.86328,40.67908],[-73.86335,40.67935],[-73.85879,40.68063],[-73.8582,40.67943],[-73.85398,40.67968],[-73.85099,40.68057],[-73.85198,40.68256],[-73.84787,40.68149],[-73.8412,40.68335]]]}},{"type":"Feature","id":160,"properties":{"nta":"QN1003","name":"Howard Beach-Lindenwood","boro":"Queens","area_km2":4.887,"n":53,"gfa_msf":5.93,"energy_gwh":135.36,"elec_gwh":36.81,"gas_gwh":92.41,"steam_gwh":0.0,"oil_gwh":6.12,"ghg_kt":32.74,"density":27.7,"eui_med":76.8,"ghgi_med":4.97,"elec_share":0.272,"mix":{"Multifamily":110.86,"Retail & Hotel":11.0,"Other":6.58,"Education":6.35,"Office":0.59},"top":[{"name":"Orsid - 151-20 - 151-40 88th Street (parent)","addr":"151-40 88th Street","type":"Multifamily","gwh":5.98,"eui":103.3},{"name":"Orsid -149-30 88th Street / 87-10 149th Avenue (parent)","addr":"149-30 88 Street","type":"Multifamily","gwh":4.82,"eui":110.0},{"name":"Esquire - 155-31 155th Ave","addr":"155-31 155th Avenue","type":"Multifamily","gwh":4.46,"eui":133.8},{"name":"Lovett - CAMPUS - 85-09 - 86-11 151st Avenue /149-21 85th Street","addr":"85-09 151 Avenue","type":"Multifamily","gwh":4.42,"eui":78.1},{"name":"Lindenwood Village Sec B Coop: 88-12 151 Avenue","addr":"88-12 151 Avenue","type":"Multifamily","gwh":4.4,"eui":94.2}]},"geometry":{"type":"MultiPolygon","coordinates":[[[[-73.86021,40.65484],[-73.86054,40.65462],[-73.86099,40.65521],[-73.86021,40.65484]]],[[[-73.83033,40.65513],[-73.83027,40.65543],[-73.82989,40.65552],[-73.82995,40.65542],[-73.83033,40.65513]]],[[[-73.86132,40.67502],[-73.84258,40.66928],[-73.84216,40.6687],[-73.84014,40.66827],[-73.84047,40.66872],[-73.83791,40.66751],[-73.83335,40.66677],[-73.8286,40.6572],[-73.82639,40.64832],[-73.8296,40.64983],[-73.83132,40.65273],[-73.83158,40.65381],[-73.82901,40.65611],[-73.83044,40.65552],[-73.8306,40.65481],[-73.83171,40.65393],[-73.83222,40.65446],[-73.83149,40.65498],[-73.83116,40.65592],[-73.83003,40.65657],[-73.82938,40.65651],[-73.82897,40.65721],[-73.82918,40.6578],[-73.83013,40.6584],[-73.82971,40.6585],[-73.8296,40.65866],[-73.83015,40.65981],[-73.8297,40.65866],[-73.83024,40.65835],[-73.82909,40.65733],[-73.8295,40.65665],[-73.83009,40.65674],[-73.83127,40.656],[-73.83185,40.65489],[-73.83218,40.65489],[-73.8329,40.65748],[-73.83194,40.65617],[-73.8326,40.65783],[-73.83113,40.65832],[-73.83338,40.65805],[-73.8308,40.64898],[-73.83149,40.64789],[-73.83453,40.64803],[-73.83561,40.64847],[-73.83893,40.66127],[-73.83808,40.66159],[-73.83844,40.66234],[-73.83998,40.6619],[-73.83681,40.64925],[-73.83739,40.64912],[-73.84679,40.6478],[-73.8484,40.6545],[-73.85321,40.65381],[-73.85437,40.65861],[-73.85355,40.65932],[-73.85362,40.65973],[-73.85967,40.65519],[-73.8614,40.65657],[-73.86062,40.65646],[-73.85983,40.65698],[-73.86007,40.65705],[-73.85958,40.65833],[-73.86023,40.6589],[-73.86098,40.65838],[-73.86061,40.65933],[-73.86132,40.65851],[-73.86093,40.65806],[-73.85977,40.65828],[-73.86058,40.65783],[-73.86035,40.65723],[-73.86161,40.657],[-73.86173,40.65803],[-73.8627,40.65762],[-73.86317,40.65828],[-73.8603,40.65963],[-73.85762,40.66012],[-73.85843,40.66345],[-73.85568,40.66387],[-73.85763,40.67166],[-73.86039,40.67125],[-73.86132,40.67502]]]]}},{"type":"Feature","id":161,"properties":{"nta":"QN1101","name":"Auburndale","boro":"Queens","area_km2":5.153,"n":26,"gfa_msf":2.04,"energy_gwh":55.16,"elec_gwh":15.67,"gas_gwh":27.92,"steam_gwh":0.0,"oil_gwh":11.35,"ghg_kt":14.1,"density":10.7,"eui_med":80.2,"ghgi_med":5.67,"elec_share":0.284,"mix":{"Education":19.75,"Healthcare":14.81,"Multifamily":13.02,"Retail & Hotel":5.48,"Office":1.51,"Other":0.59},"top":[{"name":"SGCR: 42-41 201st St.","addr":"42-41 201st Street","type":"Healthcare","gwh":14.81,"eui":168.9},{"name":"Q430, Q434 (OECID: 0400230, 0401889; BBL: 4068820001)","addr":"58-20 Utopia Parkway","type":"Education","gwh":6.61,"eui":63.6},{"name":"KND: 198-15 HORACE HARDING EXPRESSWAY","addr":"198-01 HORACE HARDING EXPRESSWAY","type":"Retail & Hotel","gwh":3.92,"eui":297.7},{"name":"Q025 (OECID: 0400025; BBL: 4052610001)","addr":"34-65 192nd Street","type":"Education","gwh":3.24,"eui":68.6},{"name":"Turnpike: 175-10 56 Avenue","addr":"175-10 56 Avenue","type":"Multifamily","gwh":3.0,"eui":59.8}]},"geometry":{"type":"Polygon","coordinates":[[[-73.77164,40.7442],[-73.78041,40.74263],[-73.79672,40.73842],[-73.79629,40.73855],[-73.79722,40.7401],[-73.79723,40.7417],[-73.79521,40.7435],[-73.79446,40.74497],[-73.79472,40.7476],[-73.7973,40.74944],[-73.79472,40.75062],[-73.79493,40.7578],[-73.79032,40.75782],[-73.79076,40.76099],[-73.79344,40.76076],[-73.79303,40.76462],[-73.79396,40.7647],[-73.79318,40.7704],[-73.79566,40.77304],[-73.78459,40.77614],[-73.78401,40.772],[-73.77838,40.76123],[-73.77565,40.75263],[-73.77164,40.7442]]]}},{"type":"Feature","id":162,"properties":{"nta":"QN1102","name":"Bayside","boro":"Queens","area_km2":6.541,"n":52,"gfa_msf":5.52,"energy_gwh":125.4,"elec_gwh":38.36,"gas_gwh":71.62,"steam_gwh":0.0,"oil_gwh":15.01,"ghg_kt":31.86,"density":19.17,"eui_med":56.3,"ghgi_med":4.08,"elec_share":0.306,"mix":{"Education":62.99,"Multifamily":30.39,"Office":12.84,"Healthcare":11.97,"Other":3.91,"Retail & Hotel":3.31},"top":[{"name":"Benchmarking Group - 54","addr":"222-05 56th Ave","type":"Education","gwh":35.89,"eui":128.4},{"name":"St. Mary's Hospital for Children Campus","addr":"29-01 216 STREET","type":"Healthcare","gwh":11.97,"eui":219.2},{"name":"Lovett - 220-55 46th Avenue","addr":"220-55 46 Avenue","type":"Multifamily","gwh":7.82,"eui":75.6},{"name":"Campus Q415, Q416, Q943-0400242 & Q469-0401915 (BBL: 4075290001)","addr":"57-00 223rd Street","type":"Education","gwh":5.26,"eui":44.3},{"name":"Q405 (OECID: 0400211; BBL: 4060440001)","addr":"32-24 Corp Kennedy Street","type":"Education","gwh":5.0,"eui":57.6}]},"geometry":{"type":"Polygon","coordinates":[[[-73.7676,40.7783],[-73.76709,40.77684],[-73.7651,40.7738],[-73.75894,40.76833],[-73.75864,40.76736],[-73.75787,40.76695],[-73.75739,40.76717],[-73.7565,40.76634],[-73.75547,40.76637],[-73.75377,40.7653],[-73.75567,40.76469],[-73.7592,40.76433],[-73.75886,40.76327],[-73.75836,40.7635],[-73.75785,40.76257],[-73.75848,40.76199],[-73.758,40.76038],[-73.75682,40.75973],[-73.75584,40.75774],[-73.75512,40.75848],[-73.75321,40.75824],[-73.7523,40.75946],[-73.75116,40.75907],[-73.75058,40.75801],[-73.75005,40.7584],[-73.74711,40.75417],[-73.74774,40.75385],[-73.74681,40.75203],[-73.74903,40.75098],[-73.75759,40.74915],[-73.7614,40.74757],[-73.76863,40.74558],[-73.77164,40.7442],[-73.77565,40.75263],[-73.77838,40.76123],[-73.78401,40.772],[-73.78459,40.77614],[-73.77584,40.77861],[-73.77554,40.77703],[-73.76861,40.7791],[-73.76816,40.77813],[-73.7676,40.7783]]]}},{"type":"Feature","id":163,"properties":{"nta":"QN1103","name":"Douglaston-Little Neck","boro":"Queens","area_km2":6.331,"n":48,"gfa_msf":5.9,"energy_gwh":140.06,"elec_gwh":35.06,"gas_gwh":95.41,"steam_gwh":0.0,"oil_gwh":9.57,"ghg_kt":33.55,"density":22.12,"eui_med":72.7,"ghgi_med":4.83,"elec_share":0.25,"mix":{"Multifamily":94.43,"Retail & Hotel":14.76,"Education":12.53,"Office":8.94,"Healthcare":8.54,"Other":0.86},"top":[{"name":"Deepdale Corp 2","addr":"253-01 61st Avenue","type":"Multifamily","gwh":12.01,"eui":101.9},{"name":"Deepdale Corp 3","addr":"60-02 Little Neck Parkway","type":"Multifamily","gwh":9.72,"eui":99.9},{"name":"Deepdale Corp 1","addr":"57-01 Marathon Parkway","type":"Multifamily","gwh":9.45,"eui":104.8},{"name":"Deepdale Corp 2 Cluster F","addr":"253-01 61st Avenue","type":"Multifamily","gwh":5.9,"eui":78.8},{"name":"Deepdale Corp 4","addr":"249-06 63 AVENUE","type":"Multifamily","gwh":5.22,"eui":106.7}]},"geometry":{"type":"MultiPolygon","coordinates":[[[[-73.74506,40.77914],[-73.74429,40.77875],[-73.74481,40.77856],[-73.74506,40.77914]]],[[[-73.74672,40.78031],[-73.74559,40.77958],[-73.74682,40.77937],[-73.74724,40.78008],[-73.74672,40.78031]]],[[[-73.75062,40.7826],[-73.74736,40.77938],[-73.74778,40.77911],[-73.74679,40.77903],[-73.74535,40.77715],[-73.74611,40.77846],[-73.74601,40.77888],[-73.74529,40.77886],[-73.74462,40.77792],[-73.74524,40.7774],[-73.74525,40.77696],[-73.74502,40.7766],[-73.74508,40.77745],[-73.74443,40.77746],[-73.74404,40.77859],[-73.72098,40.76476],[-73.71333,40.75973],[-73.71699,40.75943],[-73.72015,40.75791],[-73.72294,40.75413],[-73.72736,40.75084],[-73.72904,40.74723],[-73.73096,40.74486],[-73.73374,40.74285],[-73.73487,40.74446],[-73.73543,40.74716],[-73.7383,40.74925],[-73.74172,40.75328],[-73.74128,40.75458],[-73.73929,40.75588],[-73.73926,40.75692],[-73.74121,40.7562],[-73.7425,40.75859],[-73.74311,40.75849],[-73.74474,40.76076],[-73.74598,40.76398],[-73.74937,40.76293],[-73.75021,40.76375],[-73.74688,40.76452],[-73.74941,40.76755],[-73.75339,40.76533],[-73.75507,40.76753],[-73.75439,40.76875],[-73.75471,40.7688],[-73.75471,40.76974],[-73.75557,40.77153],[-73.75438,40.77204],[-73.75337,40.77321],[-73.75519,40.7765],[-73.75481,40.77762],[-73.75552,40.77758],[-73.75552,40.7777],[-73.75471,40.77772],[-73.753,40.78129],[-73.75184,40.78234],[-73.75062,40.7826]]]]}},{"type":"Feature","id":164,"properties":{"nta":"QN1104","name":"Oakland Gardens-Hollis Hills","boro":"Queens","area_km2":3.682,"n":41,"gfa_msf":7.93,"energy_gwh":180.58,"elec_gwh":33.79,"gas_gwh":140.23,"steam_gwh":0.0,"oil_gwh":4.94,"ghg_kt":40.32,"density":49.04,"eui_med":75.4,"ghgi_med":4.87,"elec_share":0.187,"mix":{"Multifamily":160.97,"Education":11.04,"Retail & Hotel":6.67,"Office":1.74,"Other":0.17},"top":[{"name":"United Veterans Mutual Housing","addr":"68-01 Bell Blvd","type":"Multifamily","gwh":21.63,"eui":74.9},{"name":"AKAM - 213-06 75th Avenue","addr":"213-06 75th Avenue","type":"Multifamily","gwh":11.49,"eui":52.1},{"name":"67-02 Springfield Blvd - 41565","addr":"67-02 Springfield Blvd","type":"Multifamily","gwh":10.02,"eui":56.1},{"name":"AKAM - 213-05 75th Ave","addr":"213-05 75th Ave","type":"Multifamily","gwh":9.91,"eui":59.5},{"name":"68-01 Bell Blvd - 41564","addr":"68-01 Bell Blvd","type":"Multifamily","gwh":9.35,"eui":138.9}]},"geometry":{"type":"Polygon","coordinates":[[[-73.74019,40.73903],[-73.74306,40.73548],[-73.75067,40.72918],[-73.75375,40.72743],[-73.75678,40.72631],[-73.76226,40.7296],[-73.76555,40.73254],[-73.7637,40.73286],[-73.76511,40.73456],[-73.76273,40.73526],[-73.76249,40.73673],[-73.76557,40.74326],[-73.76688,40.74409],[-73.76776,40.74584],[-73.7614,40.74757],[-73.75723,40.74926],[-73.74903,40.75098],[-73.74681,40.75203],[-73.74571,40.75159],[-73.74382,40.74743],[-73.74626,40.74671],[-73.74478,40.74328],[-73.74568,40.74303],[-73.74857,40.74334],[-73.75347,40.7424],[-73.75098,40.74002],[-73.74997,40.73975],[-73.74396,40.74079],[-73.7436,40.73901],[-73.74307,40.73844],[-73.74019,40.73903]]]}},{"type":"Feature","id":165,"properties":{"nta":"QN1201","name":"Jamaica","boro":"Queens","area_km2":4.351,"n":237,"gfa_msf":23.64,"energy_gwh":443.29,"elec_gwh":178.11,"gas_gwh":252.79,"steam_gwh":0.0,"oil_gwh":12.07,"ghg_kt":118.84,"density":101.89,"eui_med":65.5,"ghgi_med":4.78,"elec_share":0.402,"mix":{"Multifamily":231.68,"Other":63.35,"Retail & Hotel":47.92,"Healthcare":37.34,"Office":33.11,"Education":29.9},"top":[{"name":"FDA Queens","addr":"158-15 Liberty Avenue","type":"Healthcare","gwh":21.49,"eui":266.1},{"name":"NYPD_4575_Classified NYPD Location","addr":"Classified NYPD Location","type":"Healthcare","gwh":10.31,"eui":265.5},{"name":"U-Haul International, Inc. : 168-23 DOUGLAS AVENUE","addr":"168-23 DOUGLAS AVENUE","type":"Other","gwh":9.24,"eui":173.2},{"name":"Benchmarking Group - 184","addr":"151-20 Jamaica Ave","type":"Other","gwh":8.65,"eui":100.3},{"name":"Dermot - 89-14 Parsons Blvd (Moda)","addr":"89-14 Parsons Boulevard","type":"Multifamily","gwh":8.48,"eui":73.6}]},"geometry":{"type":"Polygon","coordinates":[[[-73.76845,40.70964],[-73.77431,40.70739],[-73.77549,40.70625],[-73.77559,40.70533],[-73.77507,40.70524],[-73.77231,40.70057],[-73.77396,40.69981],[-73.78034,40.70541],[-73.7828,40.70536],[-73.79116,40.70229],[-73.79239,40.70217],[-73.79187,40.70137],[-73.79261,40.70043],[-73.79786,40.69799],[-73.80642,40.69087],[-73.8089,40.69256],[-73.81073,40.69192],[-73.81648,40.70245],[-73.81153,40.70227],[-73.81201,40.70594],[-73.80695,40.70737],[-73.80805,40.70936],[-73.80548,40.71009],[-73.80302,40.70814],[-73.80141,40.70969],[-73.7987,40.71066],[-73.79777,40.70914],[-73.78929,40.71203],[-73.78658,40.71197],[-73.77712,40.71426],[-73.77537,40.71168],[-73.7745,40.71195],[-73.77314,40.70992],[-73.77172,40.71032],[-73.76845,40.70964]]]}},{"type":"Feature","id":166,"properties":{"nta":"QN1202","name":"South Jamaica","boro":"Queens","area_km2":3.518,"n":33,"gfa_msf":3.53,"energy_gwh":94.6,"elec_gwh":20.38,"gas_gwh":69.44,"steam_gwh":0.0,"oil_gwh":3.24,"ghg_kt":21.74,"density":26.89,"eui_med":70.9,"ghgi_med":5.08,"elec_share":0.215,"mix":{"Multifamily":70.75,"Education":13.36,"Other":5.16,"Healthcare":3.8,"Retail & Hotel":1.52},"top":[{"name":"SOUTH JAMAICA I/SOUTH JAMAICA II CAMPUS","addr":"106-24 159TH STREET","type":"Multifamily","gwh":43.06,"eui":146.8},{"name":"The D &amp; F Development Group - 112-04 167th St / 166-01 Linden Blvd.","addr":"166-01 LINDEN BOULEVARD","type":"Multifamily","gwh":4.86,"eui":70.7},{"name":"Q008 (OECID: 0400192; BBL: 4101780001)","addr":"108-35 167th Street","type":"Education","gwh":4.06,"eui":74.0},{"name":"Benjamin: 107-02 Merrick Blvd","addr":"107-02 Merrick Blvd","type":"Healthcare","gwh":3.8,"eui":84.0},{"name":"117-119 W 15th Street LLC  (skyland)","addr":"109-15/25 Merrick Blvd","type":"Multifamily","gwh":3.79,"eui":95.2}]},"geometry":{"type":"Polygon","coordinates":[[[-73.77396,40.69981],[-73.78277,40.696],[-73.77789,40.68992],[-73.77977,40.68928],[-73.78078,40.69103],[-73.79391,40.6863],[-73.79561,40.68866],[-73.79995,40.68683],[-73.79898,40.68486],[-73.80586,40.68291],[-73.81073,40.69192],[-73.8089,40.69256],[-73.80642,40.69087],[-73.79786,40.69799],[-73.79261,40.70043],[-73.79187,40.70137],[-73.79239,40.70217],[-73.79116,40.70229],[-73.78257,40.70542],[-73.78034,40.70541],[-73.77396,40.69981]]]}},{"type":"Feature","id":167,"properties":{"nta":"QN1203","name":"Baisley Park","boro":"Queens","area_km2":4.455,"n":22,"gfa_msf":2.76,"energy_gwh":87.51,"elec_gwh":27.89,"gas_gwh":57.21,"steam_gwh":0.0,"oil_gwh":2.4,"ghg_kt":21.94,"density":19.65,"eui_med":75.5,"ghgi_med":6.47,"elec_share":0.319,"mix":{"Multifamily":43.8,"Retail & Hotel":21.21,"Education":17.75,"Other":3.43,"Healthcare":1.32},"top":[{"name":"BAISLEY PARK","addr":"164-01 FOCH BOULEVARD","type":"Multifamily","gwh":21.63,"eui":183.3},{"name":"Baisley Park Bldgs 1, 2, 9","addr":"116-55 Guy Brewer Blvd","type":"Multifamily","gwh":19.4,"eui":381.4},{"name":"135-30 140th Street","addr":"135-30 140th Street","type":"Retail & Hotel","gwh":7.36,"eui":125.6},{"name":"Q690 (OECID: 0401483; BBL: 4123350049)","addr":"116-01 Guy Brewer Boulevard","type":"Education","gwh":4.76,"eui":82.2},{"name":"138-10 135th Ave - Queens","addr":"138-10 135th Ave","type":"Retail & Hotel","gwh":3.8,"eui":55.6}]},"geometry":{"type":"Polygon","coordinates":[[[-73.77789,40.68992],[-73.7757,40.68761],[-73.76974,40.68379],[-73.77014,40.68311],[-73.77232,40.68149],[-73.77723,40.67965],[-73.78026,40.67784],[-73.78397,40.67512],[-73.78575,40.67238],[-73.78809,40.67301],[-73.78941,40.66684],[-73.79711,40.66695],[-73.7992,40.66652],[-73.80163,40.66676],[-73.80124,40.66984],[-73.80149,40.67354],[-73.80586,40.68291],[-73.79898,40.68486],[-73.79995,40.68683],[-73.79561,40.68866],[-73.79391,40.6863],[-73.78078,40.69103],[-73.77977,40.68928],[-73.77789,40.68992]]]}},{"type":"Feature","id":168,"properties":{"nta":"QN1204","name":"Springfield Gardens (North)-Rochdale Village","boro":"Queens","area_km2":3.202,"n":26,"gfa_msf":10.5,"energy_gwh":435.36,"elec_gwh":20.31,"gas_gwh":403.33,"steam_gwh":0.0,"oil_gwh":10.75,"ghg_kt":84.04,"density":135.97,"eui_med":59.1,"ghgi_med":4.76,"elec_share":0.047,"mix":{"Multifamily":400.25,"Education":20.19,"Other":10.15,"Retail & Hotel":4.77},"top":[{"name":"Rochdale Village - Campus","addr":"169-65 137th Avenue","type":"Multifamily","gwh":382.68,"eui":165.3},{"name":"Q420, Q421 (OECID: 0400244; BBL: 4130570056)","addr":"143-10 Springfield Gardens","type":"Education","gwh":6.4,"eui":71.6},{"name":"CubeSmart (NYC) - 560","addr":"122-20 Merrick Boulevard","type":"Other","gwh":6.1,"eui":315.2},{"name":"Q400-0400227, Q401-0401182 (BBL: 4122610001)","addr":"156-10 Baisley Boulevard","type":"Education","gwh":5.84,"eui":71.3},{"name":"Kennedy Plaza","addr":"155-15 N. Conduit Avenue","type":"Multifamily","gwh":4.24,"eui":135.2}]},"geometry":{"type":"Polygon","coordinates":[[[-73.76031,40.67511],[-73.7585,40.67265],[-73.75636,40.67243],[-73.75644,40.66967],[-73.75763,40.66645],[-73.77342,40.66803],[-73.78941,40.66684],[-73.78809,40.67301],[-73.78575,40.67238],[-73.78397,40.67512],[-73.78095,40.67735],[-73.77723,40.67965],[-73.77232,40.68149],[-73.76974,40.68379],[-73.76161,40.67973],[-73.76325,40.67679],[-73.76368,40.67475],[-73.76249,40.67419],[-73.76031,40.67511]]]}},{"type":"Feature","id":169,"properties":{"nta":"QN1205","name":"St. Albans","boro":"Queens","area_km2":6.901,"n":23,"gfa_msf":1.76,"energy_gwh":41.21,"elec_gwh":16.61,"gas_gwh":21.85,"steam_gwh":0.0,"oil_gwh":2.75,"ghg_kt":11.18,"density":5.97,"eui_med":76.8,"ghgi_med":5.47,"elec_share":0.403,"mix":{"Education":15.6,"Retail & Hotel":12.99,"Other":9.92,"Multifamily":2.7},"top":[{"name":"134-40 Springfield Boulevard","addr":"134-40 Springfield Boulevard","type":"Retail & Hotel","gwh":5.99,"eui":213.0},{"name":"Stop &amp; Shop 2585- 134-40 Springfield Boulevard","addr":"184-04 Merrick Boulevard","type":"Retail & Hotel","gwh":4.04,"eui":220.9},{"name":"1238 - SPRINGFIELD GARDENS","addr":"13220 Merrick Blvd","type":"Retail & Hotel","gwh":2.96,"eui":72.8},{"name":"UPS INC (NY) : 136-40 Springfield Boulevard","addr":"136-40 Springfield Boulevard","type":"Other","gwh":2.89,"eui":125.1},{"name":"Q059 (OECID: 0400052; BBL: 4127230076)","addr":"132-55 Ridgedale Street","type":"Education","gwh":2.25,"eui":45.4}]},"geometry":{"type":"Polygon","coordinates":[[[-73.75047,40.70564],[-73.74618,40.69612],[-73.74359,40.69622],[-73.74468,40.69341],[-73.75002,40.68589],[-73.75576,40.67589],[-73.75692,40.67653],[-73.76249,40.67419],[-73.76368,40.67475],[-73.76325,40.67679],[-73.76161,40.67973],[-73.76974,40.68379],[-73.7757,40.68761],[-73.78277,40.696],[-73.77231,40.70057],[-73.77507,40.70524],[-73.77559,40.70533],[-73.77549,40.70625],[-73.77431,40.70739],[-73.76845,40.70964],[-73.76734,40.70664],[-73.7623,40.70795],[-73.76176,40.70661],[-73.76213,40.7055],[-73.76096,40.70291],[-73.75047,40.70564]]]}},{"type":"Feature","id":170,"properties":{"nta":"QN1206","name":"Hollis","boro":"Queens","area_km2":2.273,"n":19,"gfa_msf":1.65,"energy_gwh":25.75,"elec_gwh":7.95,"gas_gwh":13.26,"steam_gwh":0.0,"oil_gwh":3.86,"ghg_kt":6.77,"density":11.33,"eui_med":58.8,"ghgi_med":4.05,"elec_share":0.309,"mix":{"Multifamily":12.05,"Education":8.88,"Healthcare":4.08,"Retail & Hotel":0.73},"top":[{"name":"Holliswood Center","addr":"195-44 Woodhull Avenue","type":"Healthcare","gwh":4.08,"eui":184.4},{"name":"Q035 (OECID: 0400033; BBL: 4104470007)","addr":"191-02 90th Avenue","type":"Education","gwh":2.45,"eui":77.0},{"name":"Benchmarking Group - 185","addr":"109-89 204th St","type":"Education","gwh":2.31,"eui":43.7},{"name":"DOE_7289_Q192","addr":"109-89 204th St","type":"Education","gwh":2.28,"eui":43.3},{"name":"Q134, Q835 (OECID: 0400120; BBL: 4109060001)","addr":"203-02 109th Avenue","type":"Education","gwh":1.83,"eui":57.2}]},"geometry":{"type":"Polygon","coordinates":[[[-73.75047,40.70564],[-73.76096,40.70291],[-73.76213,40.7055],[-73.76176,40.70661],[-73.7623,40.70795],[-73.76734,40.70664],[-73.76826,40.70953],[-73.77172,40.71032],[-73.77314,40.70992],[-73.7745,40.71195],[-73.77537,40.71168],[-73.77712,40.71426],[-73.76733,40.71729],[-73.75944,40.72106],[-73.75371,40.71332],[-73.75047,40.70564]]]}},{"type":"Feature","id":171,"properties":{"nta":"QN1301","name":"Glen Oaks-Floral Park-New Hyde Park","boro":"Queens","area_km2":4.22,"n":29,"gfa_msf":9.35,"energy_gwh":431.02,"elec_gwh":75.48,"gas_gwh":331.31,"steam_gwh":0.0,"oil_gwh":23.74,"ghg_kt":96.84,"density":102.14,"eui_med":88.0,"ghgi_med":6.64,"elec_share":0.175,"mix":{"Healthcare":228.7,"Multifamily":184.07,"Education":10.72,"Retail & Hotel":6.88,"Other":0.65},"top":[{"name":"NH LIJ ZH Hospital Campus","addr":"270-05 76 AVENUE","type":"Healthcare","gwh":203.11,"eui":407.8},{"name":"North Shore Towers Campus","addr":"272-10 Grand Central Parkway","type":"Multifamily","gwh":110.77,"eui":108.7},{"name":"Parker Jewish Institute For Health Care & Rehabilitation","addr":"271-11 76th Ave","type":"Healthcare","gwh":22.94,"eui":219.8},{"name":"Glen Oaks Village Section O","addr":"71-33 260Th Street","type":"Multifamily","gwh":7.83,"eui":170.9},{"name":"Feil PARENT - 255-01 Union Turnpike","addr":"255-03 Union Turnpike","type":"Retail & Hotel","gwh":6.88,"eui":102.7}]},"geometry":{"type":"Polygon","coordinates":[[[-73.71333,40.75973],[-73.70163,40.75249],[-73.70001,40.73932],[-73.70766,40.72783],[-73.7105,40.72723],[-73.71075,40.73053],[-73.71148,40.7325],[-73.71545,40.73922],[-73.7201,40.74978],[-73.72259,40.74885],[-73.7234,40.75039],[-73.72627,40.74931],[-73.72768,40.74964],[-73.72829,40.74746],[-73.72865,40.74807],[-73.72736,40.75084],[-73.72294,40.75413],[-73.72015,40.75791],[-73.71699,40.75943],[-73.71333,40.75973]]]}},{"type":"Feature","id":172,"properties":{"nta":"QN1302","name":"Bellerose","boro":"Queens","area_km2":5.14,"n":20,"gfa_msf":3.87,"energy_gwh":80.47,"elec_gwh":16.35,"gas_gwh":59.59,"steam_gwh":0.0,"oil_gwh":4.09,"ghg_kt":18.26,"density":15.66,"eui_med":69.8,"ghgi_med":4.81,"elec_share":0.203,"mix":{"Multifamily":54.96,"Education":21.59,"Retail & Hotel":3.52,"Office":0.26,"Other":0.13},"top":[{"name":"United Vet Mutual Housing","addr":"224-01 Hillside Avenue","type":"Multifamily","gwh":23.39,"eui":71.5},{"name":"221-22 Manor Road","addr":"221-22 Manor Road","type":"Multifamily","gwh":11.38,"eui":72.1},{"name":"224-01 Hillside Avenue","addr":"224-01 Hillside Avenue","type":"Multifamily","gwh":4.88,"eui":59.0},{"name":"Q566 (OECID: 0401480; BBL: 4078700072)","addr":"74-20 Common Wealth Boulevard","type":"Education","gwh":4.73,"eui":59.1},{"name":"Q435, Q436 (OECID: 0400226, 0400236; BBL: 4079300002)","addr":"230-17 Hillside Avenue","type":"Education","gwh":4.39,"eui":40.2}]},"geometry":{"type":"Polygon","coordinates":[[[-73.7105,40.72723],[-73.71693,40.72639],[-73.72816,40.72308],[-73.72836,40.72361],[-73.72991,40.72327],[-73.73147,40.72741],[-73.74556,40.73064],[-73.74649,40.73141],[-73.74674,40.73258],[-73.74306,40.73548],[-73.73901,40.73986],[-73.73233,40.74365],[-73.73096,40.74486],[-73.72865,40.74807],[-73.72829,40.74746],[-73.72768,40.74964],[-73.72627,40.74931],[-73.7234,40.75039],[-73.72259,40.74885],[-73.7201,40.74978],[-73.71545,40.73922],[-73.71148,40.7325],[-73.71075,40.73053],[-73.7105,40.72723]]]}},{"type":"Feature","id":173,"properties":{"nta":"QN1303","name":"Queens Village","boro":"Queens","area_km2":6.471,"n":27,"gfa_msf":1.9,"energy_gwh":32.59,"elec_gwh":11.42,"gas_gwh":18.3,"steam_gwh":0.0,"oil_gwh":2.86,"ghg_kt":8.53,"density":5.04,"eui_med":53.0,"ghgi_med":4.25,"elec_share":0.35,"mix":{"Education":13.08,"Multifamily":12.13,"Other":5.29,"Office":1.67,"Retail & Hotel":0.42},"top":[{"name":"Regency Apartments","addr":"212-29 Hillside Avenue","type":"Multifamily","gwh":3.34,"eui":78.6},{"name":"Q263 (OECID: 0401572; BBL: 4108130005)","addr":"222-14 Jamaica Avenue","type":"Education","gwh":2.5,"eui":80.0},{"name":"Q033 (OECID: 0400031; BBL: 4107560001)","addr":"91-37 222nd Street","type":"Education","gwh":2.41,"eui":59.4},{"name":"Q109 (OECID: 0400097; BBL: 4106260001)","addr":"213-10 92nd Avenue","type":"Education","gwh":2.26,"eui":59.9},{"name":"Q135 (OECID: 0400121; BBL: 4105820016)","addr":"207-11 89th Avenue","type":"Education","gwh":2.15,"eui":61.0}]},"geometry":{"type":"Polygon","coordinates":[[[-73.72991,40.72327],[-73.72836,40.72361],[-73.72816,40.72308],[-73.73033,40.72216],[-73.72918,40.71917],[-73.72697,40.71071],[-73.72678,40.70306],[-73.73426,40.70322],[-73.7343,40.70248],[-73.74078,40.70268],[-73.7405,40.70343],[-73.74149,40.70343],[-73.74591,40.70229],[-73.745,40.70026],[-73.74773,40.69955],[-73.75371,40.71332],[-73.75944,40.72106],[-73.75497,40.72416],[-73.75548,40.72512],[-73.75688,40.72628],[-73.75189,40.72842],[-73.74674,40.73258],[-73.74649,40.73141],[-73.74556,40.73064],[-73.73147,40.72741],[-73.72991,40.72327]]]}},{"type":"Feature","id":174,"properties":{"nta":"QN1304","name":"Cambria Heights","boro":"Queens","area_km2":3.073,"n":7,"gfa_msf":0.86,"energy_gwh":20.13,"elec_gwh":6.59,"gas_gwh":9.93,"steam_gwh":0.0,"oil_gwh":2.62,"ghg_kt":5.21,"density":6.55,"eui_med":80.4,"ghgi_med":6.29,"elec_share":0.327,"mix":{"Education":18.35,"Retail & Hotel":1.79},"top":[{"name":"Q490, Q491 (OECID: 0400216; BBL: 4110490001)","addr":"207-01 116th Avenue","type":"Education","gwh":6.08,"eui":66.4},{"name":"Benchmarking Group - 186","addr":"218-01 116th Ave","type":"Education","gwh":3.07,"eui":97.6},{"name":"DOE_7248_Q147","addr":"218-01 116th Ave","type":"Education","gwh":2.8,"eui":99.4},{"name":"Benchmarking Group - 58","addr":"120-45 235th St","type":"Education","gwh":2.73,"eui":71.6},{"name":"DOE_7275_Q176, Q992 Campus: Q176","addr":"120-45 235th St","type":"Education","gwh":2.71,"eui":71.2}]},"geometry":{"type":"Polygon","coordinates":[[[-73.74078,40.70268],[-73.7343,40.70248],[-73.73426,40.70322],[-73.72678,40.70306],[-73.72586,40.68324],[-73.74747,40.68932],[-73.74468,40.69341],[-73.74359,40.69622],[-73.74618,40.69612],[-73.74773,40.69955],[-73.745,40.70026],[-73.74591,40.70229],[-73.74109,40.70348],[-73.7405,40.70343],[-73.74078,40.70268]]]}},{"type":"Feature","id":175,"properties":{"nta":"QN1305","name":"Laurelton","boro":"Queens","area_km2":3.701,"n":7,"gfa_msf":0.58,"energy_gwh":9.47,"elec_gwh":3.23,"gas_gwh":6.04,"steam_gwh":0.0,"oil_gwh":0.19,"ghg_kt":2.41,"density":2.56,"eui_med":62.1,"ghgi_med":4.42,"elec_share":0.341,"mix":{"Education":6.07,"Multifamily":2.71,"Other":0.69},"top":[{"name":"Q270 (OECID: 0401484; BBL: 4129730001)","addr":"233-15 Merrick Boulevard","type":"Education","gwh":1.97,"eui":64.4},{"name":"131-03 234th Street - 26542","addr":"131-03 234th Street","type":"Multifamily","gwh":1.73,"eui":35.2},{"name":"Q156 (OECID: 0400143; BBL: 4131700012)","addr":"229-02 137th Avenue","type":"Education","gwh":1.73,"eui":59.4},{"name":"Q132 (OECID: 0400118; BBL: 4129270028)","addr":"132-15 218th Street","type":"Education","gwh":1.31,"eui":73.9},{"name":"136-41 218 STREET","addr":"136-41 218 STREET","type":"Education","gwh":1.06,"eui":79.7}]},"geometry":{"type":"Polygon","coordinates":[[[-73.73453,40.68577],[-73.72718,40.6836],[-73.72852,40.68121],[-73.73513,40.67394],[-73.73592,40.67265],[-73.73552,40.67256],[-73.73678,40.67077],[-73.73718,40.67091],[-73.74118,40.6664],[-73.75763,40.66645],[-73.75644,40.66967],[-73.75636,40.67243],[-73.7585,40.67265],[-73.76031,40.67511],[-73.75692,40.67653],[-73.75576,40.67589],[-73.75002,40.68589],[-73.74095,40.68329],[-73.74046,40.68419],[-73.7395,40.6839],[-73.73965,40.6836],[-73.73581,40.68245],[-73.73424,40.68534],[-73.73395,40.68526],[-73.73453,40.68577]]]}},{"type":"Feature","id":176,"properties":{"nta":"QN1306","name":"Springfield Gardens (South)-Brookville","boro":"Queens","area_km2":5.336,"n":53,"gfa_msf":3.68,"energy_gwh":58.66,"elec_gwh":25.9,"gas_gwh":30.65,"steam_gwh":0.0,"oil_gwh":1.2,"ghg_kt":16.39,"density":10.99,"eui_med":50.5,"ghgi_med":4.29,"elec_share":0.442,"mix":{"Other":27.36,"Education":11.96,"Office":9.43,"Retail & Hotel":7.98,"Multifamily":1.93},"top":[{"name":"Benchmarking Group - 59","addr":"145-00 Springfield Blvd","type":"Education","gwh":4.31,"eui":76.4},{"name":"DOE_9195_Q251, Q231 Tandem","addr":"145-00 Springfield Blvd","type":"Education","gwh":4.3,"eui":76.4},{"name":"NYC00303 - JFK Log Center C","addr":"230-59 Int'l Airport Ctr Blvd","type":"Office","gwh":3.26,"eui":62.5},{"name":"FAA Facility - 159-30 Rockaway Boulevard","addr":"1 AVIATION PLAZA","type":"Office","gwh":3.07,"eui":46.8},{"name":"NYC00301 - JFK Log Center A","addr":"230-19 Int. Airport Center Blv","type":"Other","gwh":2.66,"eui":91.3}]},"geometry":{"type":"Polygon","coordinates":[[[-73.75763,40.66645],[-73.73849,40.66642],[-73.74002,40.66475],[-73.74244,40.66087],[-73.74496,40.65817],[-73.74487,40.65614],[-73.74329,40.65613],[-73.74333,40.65254],[-73.74655,40.65256],[-73.74587,40.65044],[-73.74615,40.65047],[-73.74644,40.64805],[-73.74608,40.64557],[-73.74617,40.64486],[-73.74712,40.64437],[-73.74857,40.64555],[-73.76976,40.65748],[-73.77383,40.65965],[-73.77933,40.66184],[-73.78751,40.66383],[-73.79641,40.66502],[-73.80215,40.66525],[-73.80163,40.66676],[-73.7992,40.66652],[-73.79711,40.66695],[-73.78941,40.66684],[-73.77342,40.66803],[-73.75763,40.66645]]]}},{"type":"Feature","id":177,"properties":{"nta":"QN1307","name":"Rosedale","boro":"Queens","area_km2":4.388,"n":7,"gfa_msf":0.68,"energy_gwh":11.16,"elec_gwh":6.45,"gas_gwh":4.45,"steam_gwh":0.0,"oil_gwh":0.27,"ghg_kt":3.39,"density":2.54,"eui_med":56.6,"ghgi_med":5.03,"elec_share":0.578,"mix":{"Education":5.22,"Office":4.02,"Retail & Hotel":1.18,"Other":0.73},"top":[{"name":"Ivy Cross Island Plaza LLC - 133-33 Brookville Blvd","addr":"13333 BROOKVILLE BLVD","type":"Office","gwh":4.02,"eui":52.2},{"name":"Q138 (OECID: 0400124; BBL: 4135780001)","addr":"251 Weller Avenue","type":"Education","gwh":2.27,"eui":83.6},{"name":"Q195 (OECID: 0400171; BBL: 4136550001)","addr":"253-50 149th Avenue","type":"Education","gwh":1.53,"eui":47.3},{"name":"Holiday Inn New York JFK Airport","addr":"154-71 Brookville Blvd","type":"Retail & Hotel","gwh":1.18,"eui":67.0},{"name":"Q374 (OECID: 0401780; BBL: 4136400001)","addr":"147-65 249th Street","type":"Education","gwh":0.76,"eui":57.5}]},"geometry":{"type":"Polygon","coordinates":[[[-73.72586,40.68324],[-73.72563,40.67959],[-73.72756,40.67416],[-73.72824,40.66802],[-73.72782,40.66312],[-73.72833,40.66304],[-73.72557,40.65673],[-73.72498,40.65425],[-73.72523,40.652],[-73.73051,40.65031],[-73.73514,40.64973],[-73.74144,40.64689],[-73.74166,40.6422],[-73.74205,40.64147],[-73.74142,40.6405],[-73.74227,40.64012],[-73.73947,40.63571],[-73.73996,40.63514],[-73.74177,40.63488],[-73.7425,40.63514],[-73.74242,40.63575],[-73.74096,40.6373],[-73.74189,40.63812],[-73.74397,40.63788],[-73.74373,40.63902],[-73.7448,40.63708],[-73.74643,40.63648],[-73.74677,40.63689],[-73.74516,40.63808],[-73.74567,40.63812],[-73.74704,40.63693],[-73.74617,40.64039],[-73.74675,40.6423],[-73.74875,40.64447],[-73.74878,40.64512],[-73.74945,40.64493],[-73.75205,40.64665],[-73.75157,40.64726],[-73.74712,40.64437],[-73.74617,40.64486],[-73.74644,40.64805],[-73.74615,40.65047],[-73.74587,40.65044],[-73.74655,40.65256],[-73.74333,40.65254],[-73.74329,40.65613],[-73.74487,40.65614],[-73.74501,40.65802],[-73.74244,40.66087],[-73.74002,40.66475],[-73.73849,40.66642],[-73.74118,40.6664],[-73.73718,40.67091],[-73.73678,40.67077],[-73.73552,40.67256],[-73.73592,40.67265],[-73.73513,40.67394],[-73.72852,40.68121],[-73.72718,40.6836],[-73.72586,40.68324]]]}},{"type":"Feature","id":178,"properties":{"nta":"QN1401","name":"Far Rockaway-Bayswater","boro":"Queens","area_km2":5.618,"n":121,"gfa_msf":16.06,"energy_gwh":397.7,"elec_gwh":122.15,"gas_gwh":272.11,"steam_gwh":0.0,"oil_gwh":3.32,"ghg_kt":98.16,"density":70.79,"eui_med":73.6,"ghgi_med":5.06,"elec_share":0.307,"mix":{"Multifamily":326.97,"Education":30.54,"Healthcare":22.06,"Other":14.89,"Retail & Hotel":2.1,"Office":1.14},"top":[{"name":"Pelican: 20-16 thru 20-50 Seagirt Blvd","addr":"20 SEAGIRT BLVD, 20-26","type":"Multifamily","gwh":32.2,"eui":216.7},{"name":"Pelican: 20-41 thru 20-57 Seagirt Blvd","addr":"20 SEAGIRT BLVD, 20-23","type":"Multifamily","gwh":27.51,"eui":277.2},{"name":"Pelican: 20-21 thru 20-31 Seagirt Blvd","addr":"20 SEAGIRT BLVD, 20-46","type":"Multifamily","gwh":24.93,"eui":320.9},{"name":"711 Seagirt Avenue","addr":"711 SEAGIRT AVE","type":"Multifamily","gwh":23.87,"eui":109.4},{"name":"FRV Campus","addr":"17-20 Village Lane","type":"Multifamily","gwh":17.49,"eui":37.0}]},"geometry":{"type":"Polygon","coordinates":[[[-73.76964,40.59077],[-73.77023,40.59397],[-73.7727,40.59312],[-73.77281,40.59407],[-73.77367,40.59389],[-73.77388,40.59577],[-73.77066,40.596],[-73.7711,40.5983],[-73.76815,40.59782],[-73.76794,40.59812],[-73.77034,40.59898],[-73.7709,40.59884],[-73.77116,40.59939],[-73.77084,40.60181],[-73.77019,40.60275],[-73.77057,40.60484],[-73.77,40.60535],[-73.76983,40.60784],[-73.76894,40.60918],[-73.76972,40.61004],[-73.77129,40.61042],[-73.77221,40.6115],[-73.7734,40.61109],[-73.77297,40.61016],[-73.77394,40.61212],[-73.77417,40.61183],[-73.77342,40.61366],[-73.76691,40.61429],[-73.7653,40.61382],[-73.76506,40.61204],[-73.7623,40.61136],[-73.76172,40.61185],[-73.76024,40.61082],[-73.76178,40.60915],[-73.76155,40.60903],[-73.75998,40.61088],[-73.75949,40.61082],[-73.75972,40.61015],[-73.75561,40.61008],[-73.75587,40.61039],[-73.755,40.61013],[-73.74799,40.61231],[-73.74722,40.61218],[-73.74686,40.61157],[-73.74576,40.61199],[-73.74311,40.60772],[-73.7434,40.60747],[-73.7384,40.60312],[-73.73836,40.5976],[-73.73872,40.59695],[-73.73858,40.59725],[-73.73993,40.59705],[-73.7401,40.59621],[-73.74039,40.59618],[-73.74036,40.59677],[-73.74064,40.597],[-73.74183,40.5967],[-73.74052,40.59657],[-73.74055,40.59612],[-73.73993,40.59606],[-73.73946,40.59688],[-73.73988,40.59677],[-73.73975,40.59654],[-73.73991,40.59677],[-73.7398,40.59688],[-73.73951,40.59704],[-73.7394,40.59705],[-73.73895,40.59676],[-73.73838,40.59712],[-73.73799,40.59456],[-73.73849,40.59435],[-73.74223,40.59491],[-73.74666,40.5943],[-73.74913,40.59322],[-73.75169,40.59131],[-73.75345,40.59096],[-73.75595,40.59087],[-73.76134,40.59173],[-73.76964,40.59077]]]}},{"type":"Feature","id":179,"properties":{"nta":"QN1402","name":"Rockaway Beach-Arverne-Edgemere","boro":"Queens","area_km2":4.692,"n":79,"gfa_msf":16.04,"energy_gwh":341.45,"elec_gwh":103.27,"gas_gwh":235.82,"steam_gwh":0.0,"oil_gwh":1.64,"ghg_kt":83.72,"density":72.77,"eui_med":53.4,"ghgi_med":4.28,"elec_share":0.302,"mix":{"Multifamily":292.47,"Retail & Hotel":14.43,"Healthcare":13.28,"Education":11.03,"Other":10.24},"top":[{"name":"Ocean Bay I&amp;II CAMPUS","addr":"56-10 &amp; 51-32 BEACH CHANNEL DRIVE","type":"Multifamily","gwh":35.16,"eui":83.3},{"name":"OCEAN BAY APARTMENTS (OCEANSIDE)","addr":"306 BEACH 56TH STREET","type":"Multifamily","gwh":33.42,"eui":292.4},{"name":"Dayton Towers East","addr":"10300 Shore Front Parkway","type":"Multifamily","gwh":31.6,"eui":89.9},{"name":"HAMMEL","addr":"85-02 ROCKAWAY BEACH BOULEVARD","type":"Multifamily","gwh":30.53,"eui":127.7},{"name":"Dayton Beach Park","addr":"8200 Shore Front Parkway","type":"Multifamily","gwh":30.27,"eui":74.6}]},"geometry":{"type":"Polygon","coordinates":[[[-73.78631,40.60312],[-73.78807,40.60085],[-73.7903,40.59927],[-73.79124,40.59679],[-73.79065,40.59478],[-73.79081,40.59609],[-73.79038,40.59475],[-73.79042,40.59605],[-73.79018,40.59607],[-73.79013,40.59482],[-73.78987,40.59472],[-73.79,40.59621],[-73.7897,40.59623],[-73.78967,40.59486],[-73.78917,40.59519],[-73.78916,40.59608],[-73.78824,40.59611],[-73.78837,40.59751],[-73.78209,40.59786],[-73.78195,40.59646],[-73.7798,40.59661],[-73.77967,40.59737],[-73.77742,40.59881],[-73.776,40.60139],[-73.77497,40.60174],[-73.77371,40.59823],[-73.773,40.59788],[-73.7711,40.5983],[-73.77066,40.596],[-73.77388,40.59577],[-73.77367,40.59389],[-73.77281,40.59407],[-73.7727,40.59312],[-73.77023,40.59397],[-73.76964,40.59077],[-73.78043,40.5896],[-73.78878,40.58745],[-73.79201,40.58722],[-73.80799,40.584],[-73.81352,40.58347],[-73.82134,40.58126],[-73.82404,40.58563],[-73.82466,40.58545],[-73.8249,40.58595],[-73.82525,40.5869],[-73.82481,40.58715],[-73.82294,40.58749],[-73.82146,40.58677],[-73.81742,40.58892],[-73.81764,40.58929],[-73.81674,40.58932],[-73.8147,40.59061],[-73.81363,40.59079],[-73.81326,40.59105],[-73.81359,40.5917],[-73.81323,40.59107],[-73.81214,40.59136],[-73.81151,40.59178],[-73.81149,40.5929],[-73.81133,40.59174],[-73.81082,40.59209],[-73.81095,40.5925],[-73.81139,40.59244],[-73.81141,40.59287],[-73.81107,40.59302],[-73.81137,40.5927],[-73.81075,40.59279],[-73.81136,40.59246],[-73.81094,40.59255],[-73.81081,40.59209],[-73.8099,40.59227],[-73.81004,40.59308],[-73.80973,40.5924],[-73.80962,40.59358],[-73.80603,40.59201],[-73.80578,40.59076],[-73.80582,40.59189],[-73.8043,40.59132],[-73.80417,40.59185],[-73.80783,40.59337],[-73.80798,40.59416],[-73.80711,40.59528],[-73.80604,40.59555],[-73.80411,40.59432],[-73.80381,40.59289],[-73.80244,40.59264],[-73.80251,40.59395],[-73.80314,40.59376],[-73.80318,40.59395],[-73.80251,40.59397],[-73.80257,40.59427],[-73.80324,40.59409],[-73.80329,40.59428],[-73.80235,40.5945],[-73.80344,40.59443],[-73.8032,40.59468],[-73.80338,40.59487],[-73.80366,40.59473],[-73.80372,40.59482],[-73.80321,40.59515],[-73.80391,40.595],[-73.80331,40.59518],[-73.80368,40.5952],[-73.80511,40.59715],[-73.80298,40.59884],[-73.80167,40.5989],[-73.80092,40.59939],[-73.79843,40.59917],[-73.79421,40.59948],[-73.79151,40.60038],[-73.78786,40.60311],[-73.78631,40.60312]]]}},{"type":"Feature","id":180,"properties":{"nta":"QN1403","name":"Breezy Point-Belle Harbor-Rockaway Park-Broad Channel","boro":"Queens","area_km2":6.432,"n":41,"gfa_msf":3.8,"energy_gwh":75.15,"elec_gwh":22.7,"gas_gwh":50.91,"steam_gwh":0.0,"oil_gwh":1.53,"ghg_kt":18.53,"density":11.68,"eui_med":65.8,"ghgi_med":4.28,"elec_share":0.302,"mix":{"Multifamily":40.23,"Education":21.57,"Healthcare":7.19,"Retail & Hotel":5.75,"Office":0.4},"top":[{"name":"Dayton Towers West","addr":"10200 Shore Front Parkway","type":"Multifamily","gwh":13.67,"eui":64.5},{"name":"Q410, Q411 (OECID: 0400931; BBL: 4161670099)","addr":"100-00 Beach Channel Drive","type":"Education","gwh":8.19,"eui":56.7},{"name":"107-10 Shorefront Realty LLC c/o Alma Realty","addr":"107-10 Shore Front Parkway","type":"Multifamily","gwh":6.71,"eui":77.9},{"name":"Stop &amp; Shop 2579- 112-15 Beach Channel Drive","addr":"113-01 Beach Channel Drive","type":"Retail & Hotel","gwh":3.47,"eui":257.4},{"name":"Q180 (OECID: 0400895; BBL: 4161590012)","addr":"320 Beach 104th Street","type":"Education","gwh":3.17,"eui":73.8}]},"geometry":{"type":"MultiPolygon","coordinates":[[[[-73.8839,40.56891],[-73.88276,40.56757],[-73.90333,40.56185],[-73.90807,40.56079],[-73.9101,40.56077],[-73.90989,40.55667],[-73.92099,40.55628],[-73.92207,40.55515],[-73.9291,40.55309],[-73.93119,40.55702],[-73.93167,40.55685],[-73.93222,40.55768],[-73.92616,40.56155],[-73.91766,40.56283],[-73.91455,40.56435],[-73.91188,40.56499],[-73.91216,40.56584],[-73.91174,40.56587],[-73.91186,40.565],[-73.91004,40.56479],[-73.90977,40.56531],[-73.90972,40.56529],[-73.91002,40.56478],[-73.90976,40.56428],[-73.90873,40.56393],[-73.90792,40.56415],[-73.90799,40.56344],[-73.90665,40.56279],[-73.90469,40.56283],[-73.90287,40.56351],[-73.90252,40.56295],[-73.90171,40.56274],[-73.9,40.56322],[-73.89613,40.56536],[-73.89534,40.56633],[-73.89567,40.56703],[-73.89519,40.56691],[-73.89261,40.56859],[-73.88911,40.56792],[-73.88431,40.5687],[-73.88489,40.56847],[-73.8843,40.56844],[-73.88474,40.56827],[-73.88446,40.56789],[-73.88379,40.56812],[-73.88402,40.5685],[-73.88358,40.56821],[-73.8839,40.56891]]],[[[-73.82467,40.58549],[-73.82404,40.58563],[-73.82134,40.58126],[-73.83387,40.57765],[-73.83778,40.57592],[-73.8572,40.5691],[-73.86255,40.56681],[-73.86287,40.56683],[-73.86407,40.5693],[-73.86454,40.56924],[-73.86668,40.57299],[-73.86335,40.57402],[-73.86397,40.57503],[-73.86288,40.57606],[-73.85306,40.58126],[-73.85044,40.58213],[-73.84521,40.58158],[-73.83935,40.58186],[-73.83855,40.58279],[-73.83584,40.58288],[-73.82852,40.58485],[-73.82804,40.58605],[-73.82525,40.5869],[-73.82467,40.58549]]],[[[-73.82017,40.61518],[-73.8175,40.61421],[-73.81653,40.61495],[-73.81623,40.61423],[-73.81408,40.61456],[-73.81468,40.61398],[-73.81486,40.6143],[-73.8155,40.61404],[-73.8148,40.61319],[-73.81504,40.61298],[-73.81547,40.61334],[-73.81616,40.61294],[-73.8154,40.61038],[-73.8145,40.61106],[-73.81521,40.60982],[-73.81487,40.60802],[-73.81574,40.60647],[-73.81546,40.60643],[-73.81553,40.60616],[-73.81596,40.60626],[-73.81643,40.60522],[-73.81739,40.60516],[-73.81725,40.60394],[-73.81831,40.60134],[-73.81849,40.59939],[-73.81928,40.59753],[-73.82038,40.59657],[-73.82067,40.5952],[-73.8212,40.59471],[-73.82414,40.59463],[-73.82548,40.59508],[-73.83322,40.59422],[-73.83425,40.59466],[-73.83485,40.59554],[-73.8344,40.59646],[-73.83239,40.5978],[-73.83154,40.59795],[-73.83063,40.59743],[-73.82948,40.59813],[-73.82806,40.59768],[-73.82598,40.59947],[-73.82557,40.59855],[-73.82465,40.59815],[-73.82396,40.59888],[-73.82452,40.59895],[-73.82477,40.59839],[-73.82453,40.59913],[-73.82408,40.59891],[-73.82377,40.60004],[-73.82147,40.59999],[-73.82444,40.60034],[-73.82445,40.6008],[-73.82354,40.60156],[-73.82362,40.60229],[-73.82294,40.60258],[-73.8229,40.60469],[-73.82247,40.60552],[-73.8229,40.60585],[-73.82126,40.607],[-73.82003,40.60892],[-73.81962,40.61048],[-73.82043,40.61207],[-73.82088,40.61226],[-73.82128,40.6111],[-73.82049,40.61022],[-73.82161,40.60848],[-73.82186,40.60987],[-73.82289,40.61034],[-73.824,40.61163],[-73.8241,40.61233],[-73.82142,40.61505],[-73.82017,40.61518]]]]}},{"type":"Feature","id":181,"properties":{"nta":"SI0101","name":"St. George-New Brighton","boro":"Staten Island","area_km2":2.463,"n":61,"gfa_msf":8.0,"energy_gwh":185.59,"elec_gwh":69.35,"gas_gwh":107.47,"steam_gwh":0.0,"oil_gwh":8.36,"ghg_kt":48.99,"density":75.36,"eui_med":66.4,"ghgi_med":4.92,"elec_share":0.374,"mix":{"Multifamily":93.0,"Other":35.28,"Education":17.09,"Retail & Hotel":16.53,"Office":16.45,"Healthcare":7.24},"top":[{"name":"RICHMOND TERRACE","addr":"456 RICHMOND TERRACE","type":"Multifamily","gwh":20.31,"eui":137.6},{"name":"Empire Outlets","addr":"55 Richmond Ter.","type":"Retail & Hotel","gwh":15.97,"eui":160.2},{"name":"Stellar - CAMPUS - St. Marks Place","addr":"185 St. Marks Place","type":"Multifamily","gwh":13.15,"eui":85.5},{"name":"CASSIDY-LAFAYETTE","addr":"145 CASSIDY PLACE","type":"Multifamily","gwh":12.06,"eui":163.7},{"name":"DOT_3522_St. George Ferry Terminal","addr":"1 Richmond Terrace","type":"Other","gwh":9.58,"eui":140.8}]},"geometry":{"type":"Polygon","coordinates":[[[-74.07258,40.63794],[-74.07684,40.63775],[-74.07879,40.63827],[-74.08373,40.63574],[-74.08588,40.63669],[-74.08691,40.63586],[-74.08871,40.63685],[-74.0897,40.63568],[-74.09244,40.6356],[-74.09339,40.6366],[-74.09409,40.63927],[-74.09767,40.63896],[-74.09788,40.64036],[-74.0999,40.64016],[-74.10039,40.64312],[-74.09957,40.64316],[-74.09972,40.64476],[-74.1009,40.64477],[-74.09299,40.64597],[-74.08571,40.64888],[-74.08221,40.64828],[-74.07981,40.64838],[-74.07651,40.64697],[-74.07445,40.64507],[-74.07359,40.645],[-74.07386,40.64542],[-74.07334,40.64578],[-74.07369,40.64531],[-74.07303,40.64513],[-74.07306,40.64481],[-74.07343,40.645],[-74.07312,40.64471],[-74.07259,40.64479],[-74.0727,40.64444],[-74.07166,40.64503],[-74.07229,40.64427],[-74.07113,40.64321],[-74.07211,40.64246],[-74.07033,40.64253],[-74.07324,40.64218],[-74.07314,40.64185],[-74.07019,40.64201],[-74.07309,40.64164],[-74.07289,40.64092],[-74.06998,40.64107],[-74.07285,40.6408],[-74.07309,40.63862],[-74.07239,40.63825],[-74.07258,40.63794]]]}},{"type":"Feature","id":182,"properties":{"nta":"SI0102","name":"Tompkinsville-Stapleton-Clifton-Fox Hills","boro":"Staten Island","area_km2":2.252,"n":28,"gfa_msf":3.44,"energy_gwh":85.82,"elec_gwh":30.32,"gas_gwh":53.21,"steam_gwh":0.0,"oil_gwh":2.07,"ghg_kt":22.13,"density":38.11,"eui_med":68.1,"ghgi_med":5.06,"elec_share":0.353,"mix":{"Multifamily":58.91,"Healthcare":10.87,"Education":8.62,"Office":5.39,"Retail & Hotel":1.8,"Other":0.23},"top":[{"name":"7 Navy Pier Court (Parent Property)","addr":"7 Navy Pier Court","type":"Multifamily","gwh":23.17,"eui":202.3},{"name":"STAPLETON","addr":"181 GORDON STREET","type":"Multifamily","gwh":22.04,"eui":102.1},{"name":"SV Land","addr":"75 Vanderbilt","type":"Healthcare","gwh":4.82,"eui":32.7},{"name":"135 Vanderbilt Avenue","addr":"135 Vanderbilt Avenue","type":"Healthcare","gwh":4.81,"eui":150.2},{"name":"8 Navy Pier Court","addr":"8 Navy Pier Court","type":"Multifamily","gwh":3.15,"eui":102.0}]},"geometry":{"type":"Polygon","coordinates":[[[-74.07258,40.63794],[-74.07353,40.63764],[-74.07337,40.63661],[-74.07209,40.63665],[-74.07336,40.63654],[-74.07291,40.63363],[-74.07333,40.63206],[-74.07298,40.63031],[-74.06802,40.62879],[-74.06813,40.62854],[-74.07291,40.63],[-74.0723,40.62714],[-74.07565,40.62666],[-74.07423,40.62422],[-74.07117,40.6207],[-74.07141,40.61943],[-74.07455,40.61694],[-74.07488,40.61742],[-74.07832,40.61556],[-74.0811,40.61779],[-74.08721,40.61331],[-74.08785,40.61524],[-74.08619,40.61806],[-74.08496,40.62463],[-74.08362,40.62692],[-74.08262,40.62743],[-74.08084,40.62738],[-74.07972,40.62895],[-74.08173,40.63001],[-74.08141,40.6303],[-74.08491,40.63364],[-74.08575,40.63396],[-74.08444,40.63541],[-74.07891,40.63824],[-74.07684,40.63775],[-74.07258,40.63794]]]}},{"type":"Feature","id":183,"properties":{"nta":"SI0103","name":"Rosebank-Shore Acres-Park Hill","boro":"Staten Island","area_km2":3.275,"n":38,"gfa_msf":5.58,"energy_gwh":118.89,"elec_gwh":28.15,"gas_gwh":88.35,"steam_gwh":0.0,"oil_gwh":2.36,"ghg_kt":27.67,"density":36.3,"eui_med":48.9,"ghgi_med":4.38,"elec_share":0.237,"mix":{"Multifamily":103.69,"Office":5.75,"Education":3.94,"Other":3.48,"Retail & Hotel":2.02},"top":[{"name":"Kimso Apartments LLC - Campus","addr":"240, 260, 280 Park Hill Ave","type":"Multifamily","gwh":13.41,"eui":106.6},{"name":"185\u2010225 Parkhill LLC - Campus","addr":"185, 225 Park Hill Ave","type":"Multifamily","gwh":11.13,"eui":121.5},{"name":"KIMSO APARTMENTS LLC - 260","addr":"260 PARK HILL AVE","type":"Multifamily","gwh":10.94,"eui":260.8},{"name":"225 PARK HILL LLC","addr":"225 PARK HILL AVE","type":"Multifamily","gwh":10.88,"eui":237.5},{"name":"141 PARK HILL AVENUE","addr":"141 Park Hill Avenue","type":"Multifamily","gwh":7.76,"eui":81.0}]},"geometry":{"type":"Polygon","coordinates":[[[-74.05677,40.6079],[-74.06517,40.60421],[-74.06398,40.60214],[-74.07361,40.6055],[-74.08371,40.60644],[-74.09056,40.609],[-74.08721,40.61331],[-74.0811,40.61779],[-74.07832,40.61556],[-74.07488,40.61742],[-74.07455,40.61694],[-74.07183,40.6189],[-74.07117,40.6207],[-74.07423,40.62422],[-74.07565,40.62666],[-74.07288,40.62693],[-74.07226,40.62461],[-74.07003,40.62145],[-74.06649,40.6189],[-74.06596,40.61936],[-74.0662,40.61872],[-74.06545,40.6192],[-74.06668,40.61807],[-74.06642,40.61787],[-74.06605,40.6182],[-74.06496,40.61777],[-74.06426,40.61817],[-74.0651,40.61751],[-74.06444,40.61706],[-74.06391,40.61733],[-74.06433,40.61699],[-74.06144,40.61438],[-74.06034,40.6119],[-74.05985,40.6121],[-74.06,40.61278],[-74.05977,40.61206],[-74.06027,40.61182],[-74.05943,40.61165],[-74.0589,40.611],[-74.05909,40.61063],[-74.05677,40.6079]]]}},{"type":"Feature","id":184,"properties":{"nta":"SI0104","name":"West New Brighton-Silver Lake-Grymes Hill","boro":"Staten Island","area_km2":7.93,"n":51,"gfa_msf":6.55,"energy_gwh":183.16,"elec_gwh":53.01,"gas_gwh":114.92,"steam_gwh":0.0,"oil_gwh":9.16,"ghg_kt":45.52,"density":23.1,"eui_med":79.3,"ghgi_med":5.25,"elec_share":0.289,"mix":{"Multifamily":86.07,"Healthcare":46.61,"Other":33.28,"Education":17.2},"top":[{"name":"RUMC Campus","addr":"355 Bard Ave","type":"Healthcare","gwh":37.77,"eui":224.3},{"name":"West Brighton - NYCHA","addr":"159 Alaska Street","type":"Multifamily","gwh":23.75,"eui":137.7},{"name":"Wagner College Full Campus","addr":"Campus Road","type":"Other","gwh":15.41,"eui":63.0},{"name":"LL84 Wagner College - 16 Buildings","addr":"631 Howard Avenue","type":"Other","gwh":11.81,"eui":75.9},{"name":"Samson - 700 Victory Blvd","addr":"660 VICTORY BOULEVARD","type":"Multifamily","gwh":7.01,"eui":110.9}]},"geometry":{"type":"Polygon","coordinates":[[[-74.10472,40.64556],[-74.10465,40.6453],[-74.1078,40.64523],[-74.10716,40.6442],[-74.10655,40.64424],[-74.10542,40.6389],[-74.09788,40.64036],[-74.09767,40.63896],[-74.09409,40.63927],[-74.09339,40.6366],[-74.09244,40.6356],[-74.0897,40.63568],[-74.08871,40.63685],[-74.08691,40.63586],[-74.08588,40.63669],[-74.08373,40.63574],[-74.08575,40.63396],[-74.08491,40.63364],[-74.08141,40.6303],[-74.08173,40.63001],[-74.07972,40.62895],[-74.08084,40.62738],[-74.08299,40.62735],[-74.08415,40.62627],[-74.08496,40.62463],[-74.08622,40.61794],[-74.08785,40.61524],[-74.08721,40.61331],[-74.09056,40.609],[-74.09434,40.61033],[-74.09766,40.61051],[-74.09988,40.61292],[-74.10209,40.6146],[-74.1057,40.61874],[-74.11094,40.62119],[-74.11326,40.62305],[-74.1182,40.62509],[-74.12303,40.62901],[-74.12489,40.63173],[-74.11684,40.63267],[-74.1172,40.63457],[-74.12024,40.6343],[-74.12063,40.63657],[-74.11755,40.63695],[-74.11807,40.6413],[-74.12093,40.64091],[-74.11961,40.64138],[-74.11996,40.64221],[-74.11943,40.64142],[-74.1191,40.64147],[-74.1194,40.64238],[-74.119,40.64146],[-74.11862,40.64153],[-74.11884,40.64254],[-74.1184,40.64153],[-74.11792,40.64183],[-74.1175,40.64158],[-74.11672,40.64203],[-74.11722,40.64303],[-74.11667,40.64211],[-74.1163,40.6422],[-74.11667,40.64319],[-74.11614,40.64222],[-74.11535,40.64247],[-74.1138,40.64361],[-74.11395,40.64414],[-74.11289,40.64453],[-74.11386,40.64408],[-74.11333,40.64372],[-74.11116,40.6451],[-74.11177,40.64471],[-74.10886,40.64558],[-74.10472,40.64556]]]}},{"type":"Feature","id":185,"properties":{"nta":"SI0105","name":"Westerleigh-Castleton Corners","boro":"Staten Island","area_km2":7.11,"n":16,"gfa_msf":1.51,"energy_gwh":41.18,"elec_gwh":19.09,"gas_gwh":21.4,"steam_gwh":0.0,"oil_gwh":0.68,"ghg_kt":11.55,"density":5.79,"eui_med":88.5,"ghgi_med":6.01,"elec_share":0.464,"mix":{"Retail & Hotel":18.52,"Education":10.01,"Multifamily":7.3,"Other":3.72,"Office":1.64},"top":[{"name":"Forest Mall LLC - 1351 Forest Ave","addr":"1351 FOREST AVENUE","type":"Retail & Hotel","gwh":7.86,"eui":247.8},{"name":"2595 Staten Island","addr":"1351 Forest Ave.","type":"Retail & Hotel","gwh":4.25,"eui":133.8},{"name":"Stop &amp; Shop 2595- 1351 Forest Avenue","addr":"1351 Forest Avenue","type":"Retail & Hotel","gwh":4.24,"eui":207.6},{"name":"1000 Clove Road","addr":"1000 Clove Road","type":"Multifamily","gwh":3.95,"eui":96.0},{"name":"1100 Clove Road","addr":"1100 Clove Road","type":"Multifamily","gwh":3.34,"eui":81.1}]},"geometry":{"type":"Polygon","coordinates":[[[-74.12126,40.62782],[-74.11807,40.625],[-74.11326,40.62305],[-74.11094,40.62119],[-74.1057,40.61874],[-74.10209,40.6146],[-74.09988,40.61292],[-74.09766,40.61051],[-74.10899,40.61012],[-74.11564,40.6111],[-74.12134,40.60967],[-74.12876,40.6085],[-74.14354,40.60768],[-74.14639,40.60803],[-74.14869,40.60883],[-74.15368,40.61235],[-74.15209,40.61732],[-74.14765,40.62212],[-74.14611,40.62493],[-74.137,40.62435],[-74.13581,40.62506],[-74.13806,40.62707],[-74.13806,40.62757],[-74.13674,40.62866],[-74.13586,40.62806],[-74.13409,40.62954],[-74.13344,40.62907],[-74.13107,40.63115],[-74.13047,40.63089],[-74.13014,40.62997],[-74.13131,40.62633],[-74.12126,40.62782]]]}},{"type":"Feature","id":186,"properties":{"nta":"SI0106","name":"Port Richmond","boro":"Staten Island","area_km2":3.367,"n":25,"gfa_msf":1.82,"energy_gwh":43.78,"elec_gwh":15.93,"gas_gwh":26.67,"steam_gwh":0.0,"oil_gwh":1.17,"ghg_kt":11.39,"density":13.01,"eui_med":67.2,"ghgi_med":5.63,"elec_share":0.364,"mix":{"Other":18.62,"Education":14.97,"Retail & Hotel":5.55,"Multifamily":4.64},"top":[{"name":"U-Haul International, Inc. : 2111 RICHMOND TERRACE","addr":"2111 RICHMOND TERRACE","type":"Other","gwh":14.24,"eui":168.4},{"name":"R445 (OECID: 0500079; BBL: 5011210001)","addr":"85 St Joseph's Avenue","type":"Education","gwh":6.95,"eui":80.5},{"name":"Forest Avenue S.C.","addr":"1489 Forest Avenue","type":"Retail & Hotel","gwh":4.27,"eui":59.5},{"name":"DOT_3518_Castleton Depot","addr":"5 Dubois Ave","type":"Other","gwh":1.48,"eui":155.6},{"name":"DOT_5317_1893 Richmond Terrace","addr":"1893 Richmond Ter","type":"Other","gwh":1.41,"eui":119.9}]},"geometry":{"type":"Polygon","coordinates":[[[-74.12071,40.64105],[-74.12093,40.64091],[-74.11807,40.6413],[-74.11755,40.63695],[-74.12063,40.63657],[-74.12024,40.6343],[-74.1172,40.63457],[-74.11684,40.63267],[-74.12489,40.63173],[-74.12303,40.62901],[-74.12126,40.62782],[-74.13131,40.62633],[-74.13014,40.62997],[-74.13047,40.63089],[-74.13107,40.63115],[-74.13344,40.62907],[-74.13409,40.62954],[-74.13586,40.62806],[-74.13674,40.62866],[-74.13806,40.62757],[-74.13806,40.62707],[-74.13581,40.62506],[-74.137,40.62435],[-74.14611,40.62493],[-74.14544,40.62789],[-74.14594,40.62783],[-74.14622,40.62911],[-74.14753,40.62939],[-74.14478,40.63795],[-74.1436,40.63851],[-74.14313,40.63968],[-74.14239,40.63964],[-74.1423,40.64031],[-74.14148,40.64009],[-74.14076,40.64059],[-74.13435,40.64189],[-74.13299,40.64142],[-74.13126,40.6416],[-74.13146,40.64131],[-74.13033,40.64078],[-74.13012,40.64102],[-74.13018,40.64072],[-74.12949,40.64135],[-74.12998,40.64073],[-74.12931,40.64034],[-74.12893,40.64041],[-74.12891,40.64119],[-74.12881,40.64023],[-74.12753,40.64016],[-74.12715,40.63931],[-74.12705,40.64024],[-74.12607,40.64025],[-74.12637,40.64133],[-74.12564,40.64142],[-74.12613,40.64126],[-74.126,40.64023],[-74.12558,40.64015],[-74.12416,40.64013],[-74.12286,40.64082],[-74.1226,40.6406],[-74.12283,40.64129],[-74.12187,40.64158],[-74.12117,40.64167],[-74.12071,40.64105]]]}},{"type":"Feature","id":187,"properties":{"nta":"SI0107","name":"Mariner's Harbor-Arlington-Graniteville","boro":"Staten Island","area_km2":8.305,"n":30,"gfa_msf":3.87,"energy_gwh":84.29,"elec_gwh":31.38,"gas_gwh":52.58,"steam_gwh":0.0,"oil_gwh":0.08,"ghg_kt":21.97,"density":10.15,"eui_med":46.9,"ghgi_med":3.95,"elec_share":0.372,"mix":{"Multifamily":55.25,"Other":14.23,"Retail & Hotel":7.34,"Education":6.3,"Healthcare":1.17},"top":[{"name":"MARINER'S HARBOR","addr":"311 GRANDVIEW AVENUE","type":"Multifamily","gwh":31.91,"eui":173.4},{"name":"North Shore Plaza - PARENT","addr":"35-85 Holland Avenue","type":"Multifamily","gwh":13.27,"eui":86.0},{"name":"RY - 35-85 Holland Avenue - CHILD","addr":"35-85 Holland Avenue","type":"Multifamily","gwh":4.78,"eui":31.0},{"name":"1249 - STATEN ISLAND","addr":"2501 Forest Avenue","type":"Retail & Hotel","gwh":4.47,"eui":123.3},{"name":"Forest Commons NY_BM","addr":"2040 Forest Avenue","type":"Other","gwh":3.62,"eui":74.8}]},"geometry":{"type":"MultiPolygon","coordinates":[[[[-74.15946,40.64145],[-74.16111,40.64184],[-74.16153,40.64416],[-74.1581,40.64376],[-74.15756,40.64324],[-74.15946,40.64145]]],[[[-74.1799,40.64527],[-74.17973,40.64438],[-74.17933,40.6444],[-74.17925,40.64504],[-74.17907,40.64465],[-74.17904,40.64339],[-74.1794,40.64313],[-74.17959,40.64192],[-74.17919,40.64299],[-74.17826,40.64213],[-74.17834,40.64259],[-74.17721,40.64312],[-74.1767,40.64242],[-74.17636,40.64233],[-74.17669,40.64255],[-74.17667,40.64339],[-74.1756,40.64331],[-74.17568,40.64471],[-74.17437,40.64514],[-74.17294,40.6442],[-74.173,40.64359],[-74.17236,40.64326],[-74.17272,40.64295],[-74.17151,40.64313],[-74.17134,40.64286],[-74.17186,40.64252],[-74.17159,40.64103],[-74.17202,40.64099],[-74.17294,40.64058],[-74.17299,40.64049],[-74.17157,40.64101],[-74.17137,40.64209],[-74.17105,40.64259],[-74.17119,40.64174],[-74.16906,40.64213],[-74.16653,40.64142],[-74.1661,40.64241],[-74.16632,40.64144],[-74.1658,40.64122],[-74.16544,40.64228],[-74.16494,40.64221],[-74.16519,40.64064],[-74.16473,40.64039],[-74.16457,40.64142],[-74.1646,40.64032],[-74.16417,40.63999],[-74.16386,40.64105],[-74.16394,40.63991],[-74.16345,40.63986],[-74.16325,40.64096],[-74.16168,40.64061],[-74.16228,40.63877],[-74.16182,40.63865],[-74.16145,40.63943],[-74.16166,40.63866],[-74.16124,40.6386],[-74.1609,40.63939],[-74.16108,40.63857],[-74.16035,40.63844],[-74.15986,40.63993],[-74.16022,40.63834],[-74.15986,40.63873],[-74.15923,40.6378],[-74.15901,40.63882],[-74.15893,40.63826],[-74.15789,40.63797],[-74.15773,40.63888],[-74.15777,40.63796],[-74.1561,40.63794],[-74.15611,40.63753],[-74.15483,40.63772],[-74.15469,40.63919],[-74.1546,40.63734],[-74.1528,40.63713],[-74.1527,40.63764],[-74.15222,40.63769],[-74.1523,40.63827],[-74.15205,40.63767],[-74.1512,40.63773],[-74.15125,40.63941],[-74.15113,40.6385],[-74.15056,40.63856],[-74.14945,40.63741],[-74.14942,40.63829],[-74.14888,40.63871],[-74.14856,40.63744],[-74.14878,40.63888],[-74.14519,40.63938],[-74.14386,40.63889],[-74.14313,40.63968],[-74.1436,40.63851],[-74.14478,40.63795],[-74.14753,40.62939],[-74.14622,40.62911],[-74.14594,40.62783],[-74.14544,40.62789],[-74.14639,40.6242],[-74.14816,40.62147],[-74.15199,40.61748],[-74.15368,40.61235],[-74.15898,40.61637],[-74.16313,40.61885],[-74.16812,40.62105],[-74.17266,40.62176],[-74.17466,40.62251],[-74.17929,40.62637],[-74.1818,40.62785],[-74.18988,40.63136],[-74.1962,40.63469],[-74.19531,40.63523],[-74.19449,40.63645],[-74.19462,40.63739],[-74.19358,40.63747],[-74.18652,40.64339],[-74.18623,40.64319],[-74.18484,40.64413],[-74.18411,40.64353],[-74.18437,40.6431],[-74.18365,40.64224],[-74.18403,40.6431],[-74.18324,40.64296],[-74.18367,40.64461],[-74.18087,40.64485],[-74.18048,40.64428],[-74.18004,40.64429],[-74.1799,40.64527]]]]}},{"type":"Feature","id":188,"properties":{"nta":"SI0201","name":"Grasmere-Arrochar-South Beach-Dongan Hills","boro":"Staten Island","area_km2":7.443,"n":32,"gfa_msf":4.72,"energy_gwh":199.89,"elec_gwh":76.83,"gas_gwh":119.25,"steam_gwh":0.0,"oil_gwh":3.78,"ghg_kt":52.74,"density":26.86,"eui_med":79.9,"ghgi_med":5.87,"elec_share":0.384,"mix":{"Healthcare":132.45,"Multifamily":50.98,"Education":11.09,"Other":3.71,"Office":1.67},"top":[{"name":"SI SIHN 475 Seaview Ave 5049717","addr":"475 Seaview Avenue","type":"Healthcare","gwh":64.73,"eui":331.1},{"name":"SI Hospital North (Seaview) Campus","addr":"475 Seaview Avenue","type":"Healthcare","gwh":53.85,"eui":201.3},{"name":"SOUTH BEACH","addr":"160 LAMPORT BOULEVARD","type":"Multifamily","gwh":17.9,"eui":137.0},{"name":"BERRY","addr":"1754 RICHMOND ROAD","type":"Multifamily","gwh":11.51,"eui":80.9},{"name":"88 Old Town Road","addr":"88 Old Town Road","type":"Healthcare","gwh":10.28,"eui":193.5}]},"geometry":{"type":"Polygon","coordinates":[[[-74.07361,40.6055],[-74.06196,40.60124],[-74.06108,40.59982],[-74.06376,40.59893],[-74.05964,40.59371],[-74.06215,40.59203],[-74.06503,40.58899],[-74.06436,40.58827],[-74.06478,40.58849],[-74.06722,40.58673],[-74.07096,40.58318],[-74.07149,40.58217],[-74.07066,40.58163],[-74.07178,40.58188],[-74.07499,40.57924],[-74.07332,40.57846],[-74.0735,40.5782],[-74.07508,40.57916],[-74.0758,40.57831],[-74.07535,40.57789],[-74.0885,40.58479],[-74.08912,40.58414],[-74.09262,40.58594],[-74.09844,40.58124],[-74.10526,40.58592],[-74.10088,40.59018],[-74.10093,40.59235],[-74.10009,40.59366],[-74.097,40.59547],[-74.09375,40.59674],[-74.09178,40.59872],[-74.09197,40.59982],[-74.0929,40.60136],[-74.09244,40.60412],[-74.09272,40.60636],[-74.09056,40.609],[-74.08371,40.60644],[-74.07361,40.6055]]]}},{"type":"Feature","id":189,"properties":{"nta":"SI0202","name":"New Dorp-Midland Beach","boro":"Staten Island","area_km2":5.777,"n":21,"gfa_msf":2.78,"energy_gwh":60.08,"elec_gwh":32.02,"gas_gwh":23.4,"steam_gwh":0.0,"oil_gwh":4.66,"ghg_kt":17.99,"density":10.4,"eui_med":66.0,"ghgi_med":4.75,"elec_share":0.533,"mix":{"Retail & Hotel":37.57,"Education":16.05,"Healthcare":1.83,"Other":1.77,"Office":1.53,"Multifamily":1.32},"top":[{"name":"CAMPUS - The Boulevard","addr":"2636 HYLAN BOULEVARD","type":"Retail & Hotel","gwh":18.41,"eui":135.9},{"name":"The Boulevard","addr":"2636 Hylan Boulevard","type":"Retail & Hotel","gwh":10.53,"eui":143.4},{"name":"R435, R436 (OECID: 0500302, 0500081; BBL: 5039300010)","addr":"465 New Dorp Lane","type":"Education","gwh":6.03,"eui":40.7},{"name":"The Boulevard - Mill Road","addr":"Mill Road","type":"Retail & Hotel","gwh":3.56,"eui":80.0},{"name":"R440, R441 (OECID: 0500080; BBL: 5042440001)","addr":"485 Clawson Street","type":"Education","gwh":3.17,"eui":53.6}]},"geometry":{"type":"Polygon","coordinates":[[[-74.07602,40.57824],[-74.07926,40.57567],[-74.07868,40.57508],[-74.07934,40.57563],[-74.08018,40.57518],[-74.08469,40.57148],[-74.0877,40.57306],[-74.08813,40.57283],[-74.09277,40.56794],[-74.10471,40.57401],[-74.10604,40.57206],[-74.10638,40.57222],[-74.10874,40.56992],[-74.09407,40.56273],[-74.09542,40.56315],[-74.09629,40.56242],[-74.0982,40.55984],[-74.09829,40.55933],[-74.09785,40.55903],[-74.09876,40.55942],[-74.1001,40.55895],[-74.11376,40.5665],[-74.11636,40.56392],[-74.1249,40.56895],[-74.12145,40.57178],[-74.12185,40.57465],[-74.12154,40.57515],[-74.11911,40.57616],[-74.11701,40.57821],[-74.11562,40.57849],[-74.11307,40.58077],[-74.10925,40.58268],[-74.10526,40.58592],[-74.09844,40.58124],[-74.09262,40.58594],[-74.08912,40.58414],[-74.0885,40.58479],[-74.07602,40.57824]]]}},{"type":"Feature","id":190,"properties":{"nta":"SI0203","name":"Todt Hill-Emerson Hill-Lighthouse Hill-Manor Heights","boro":"Staten Island","area_km2":17.309,"n":17,"gfa_msf":3.45,"energy_gwh":98.37,"elec_gwh":29.71,"gas_gwh":55.79,"steam_gwh":0.0,"oil_gwh":11.77,"ghg_kt":25.07,"density":5.68,"eui_med":114.3,"ghgi_med":8.31,"elec_share":0.302,"mix":{"Healthcare":59.64,"Multifamily":20.3,"Education":13.38,"Other":5.06},"top":[{"name":"Benchmarking Group - 64","addr":"460 Brielle Ave","type":"Healthcare","gwh":22.26,"eui":63.4},{"name":"TODT HILL","addr":"761 MANOR ROAD","type":"Multifamily","gwh":16.93,"eui":117.7},{"name":"H+H_4339_Sea View Robitzek Building","addr":"460 Brielle Ave","type":"Healthcare","gwh":15.02,"eui":164.6},{"name":"Clove Lake Nursing Home","addr":"15 Fanning Street","type":"Healthcare","gwh":7.75,"eui":257.5},{"name":"DOE_9198_R460, R461: R460","addr":"1200 Manor Rd","type":"Education","gwh":7.22,"eui":60.6}]},"geometry":{"type":"Polygon","coordinates":[[[-74.10899,40.61012],[-74.09434,40.61033],[-74.09056,40.609],[-74.09272,40.60636],[-74.09244,40.60412],[-74.0929,40.60136],[-74.09197,40.59982],[-74.09178,40.59872],[-74.09375,40.59674],[-74.097,40.59547],[-74.10009,40.59366],[-74.1009,40.59245],[-74.10088,40.59018],[-74.10149,40.58934],[-74.10925,40.58268],[-74.11307,40.58077],[-74.11562,40.57849],[-74.11701,40.57821],[-74.11911,40.57616],[-74.12154,40.57515],[-74.12707,40.57641],[-74.12773,40.57521],[-74.13278,40.57348],[-74.14419,40.57204],[-74.14387,40.57061],[-74.14439,40.56971],[-74.1479,40.57089],[-74.15466,40.56551],[-74.15585,40.56377],[-74.15726,40.56255],[-74.16494,40.56011],[-74.16983,40.56109],[-74.16983,40.57083],[-74.15231,40.58058],[-74.15027,40.58273],[-74.14727,40.58501],[-74.14762,40.58502],[-74.14632,40.58607],[-74.14542,40.59147],[-74.14002,40.5986],[-74.14046,40.60307],[-74.14303,40.60375],[-74.14714,40.60558],[-74.14751,40.60606],[-74.14723,40.60826],[-74.14354,40.60768],[-74.12876,40.6085],[-74.12134,40.60967],[-74.11564,40.6111],[-74.10899,40.61012]]]}},{"type":"Feature","id":191,"properties":{"nta":"SI0204","name":"New Springville-Willowbrook-Bulls Head-Travis","boro":"Staten Island","area_km2":19.453,"n":77,"gfa_msf":13.15,"energy_gwh":207.29,"elec_gwh":131.29,"gas_gwh":66.59,"steam_gwh":0.0,"oil_gwh":0.52,"ghg_kt":64.32,"density":10.66,"eui_med":50.9,"ghgi_med":4.92,"elec_share":0.633,"mix":{"Retail & Hotel":85.52,"Other":70.76,"Multifamily":18.2,"Office":15.86,"Education":15.1,"Healthcare":1.86},"top":[{"name":"Staten Island Lot 3","addr":"546 Gulf Avenue","type":"Other","gwh":34.34,"eui":50.5},{"name":"Staten Island Mall Phase I","addr":"2655 Richmond Avenue","type":"Retail & Hotel","gwh":17.51,"eui":47.5},{"name":"Staten Island Lot 4","addr":"526 Gulf Avenue","type":"Other","gwh":10.91,"eui":38.2},{"name":"GS Portfolio 4181 (Staten Island)","addr":"283 Platinum Avenue","type":"Retail & Hotel","gwh":9.1,"eui":168.8},{"name":"Costco #00316 Staten Island","addr":"2975 Richmond Avenue","type":"Retail & Hotel","gwh":8.13,"eui":194.8}]},"geometry":{"type":"Polygon","coordinates":[[[-74.15898,40.61637],[-74.14998,40.60954],[-74.14723,40.60826],[-74.14751,40.60606],[-74.14714,40.60558],[-74.14303,40.60375],[-74.14046,40.60307],[-74.14002,40.5986],[-74.14542,40.59147],[-74.14632,40.58607],[-74.15231,40.58058],[-74.16983,40.57083],[-74.16962,40.57843],[-74.16796,40.5883],[-74.16579,40.59071],[-74.16342,40.59244],[-74.1636,40.59337],[-74.16674,40.59383],[-74.16886,40.59473],[-74.1672,40.60208],[-74.17256,40.60298],[-74.17492,40.60222],[-74.17822,40.59983],[-74.17954,40.59675],[-74.1865,40.58944],[-74.18478,40.58903],[-74.18468,40.58854],[-74.18539,40.5876],[-74.19077,40.58513],[-74.19132,40.5857],[-74.19332,40.58504],[-74.19423,40.58515],[-74.19965,40.58226],[-74.20058,40.57951],[-74.20295,40.5801],[-74.20603,40.57976],[-74.2044,40.58371],[-74.20463,40.58432],[-74.20412,40.5859],[-74.20458,40.58822],[-74.20412,40.58888],[-74.20432,40.58914],[-74.20471,40.58877],[-74.20465,40.58929],[-74.20386,40.59025],[-74.20389,40.58979],[-74.20201,40.5909],[-74.20247,40.59084],[-74.20305,40.59114],[-74.20203,40.591],[-74.20184,40.59164],[-74.202,40.59178],[-74.2023,40.59147],[-74.20232,40.59152],[-74.20093,40.59287],[-74.20047,40.59281],[-74.19974,40.59356],[-74.19751,40.5968],[-74.19731,40.59806],[-74.19876,40.60171],[-74.20222,40.60597],[-74.20282,40.60827],[-74.20244,40.61328],[-74.20045,40.61633],[-74.20091,40.6178],[-74.20035,40.61834],[-74.20084,40.6188],[-74.20107,40.62038],[-74.20043,40.6205],[-74.20087,40.62059],[-74.20143,40.62161],[-74.20128,40.62269],[-74.20163,40.62312],[-74.20108,40.62408],[-74.20106,40.6259],[-74.20142,40.62607],[-74.20099,40.62934],[-74.20043,40.62982],[-74.20041,40.63025],[-74.20077,40.63025],[-74.20079,40.63035],[-74.2004,40.63029],[-74.2004,40.63146],[-74.19862,40.63274],[-74.19679,40.63339],[-74.1962,40.63469],[-74.18988,40.63136],[-74.1818,40.62785],[-74.17929,40.62637],[-74.17466,40.62251],[-74.17266,40.62176],[-74.16812,40.62105],[-74.16313,40.61885],[-74.15898,40.61637]]]}},{"type":"Feature","id":192,"properties":{"nta":"SI0301","name":"Oakwood-Richmondtown","boro":"Staten Island","area_km2":5.197,"n":17,"gfa_msf":2.41,"energy_gwh":52.18,"elec_gwh":14.7,"gas_gwh":37.38,"steam_gwh":0.0,"oil_gwh":0.09,"ghg_kt":12.57,"density":10.04,"eui_med":57.5,"ghgi_med":3.86,"elec_share":0.282,"mix":{"Multifamily":34.42,"Retail & Hotel":14.11,"Education":3.65},"top":[{"name":"Tysen Park (BBL: 5039830045)","addr":"245 MILL ROAD","type":"Multifamily","gwh":7.21,"eui":57.5},{"name":"Tysen Park (BBL: 5039830001)","addr":"655 TYSENS LANE","type":"Multifamily","gwh":6.27,"eui":52.0},{"name":"245 Mill Road","addr":"245 Mill Road","type":"Multifamily","gwh":5.25,"eui":125.7},{"name":"675 Tysens Lane","addr":"675 Tysens Lane","type":"Multifamily","gwh":4.94,"eui":122.7},{"name":"2712 Hylan Boulevard","addr":"2720 HYLAN BOULEVARD","type":"Retail & Hotel","gwh":3.81,"eui":121.8}]},"geometry":{"type":"Polygon","coordinates":[[[-74.12154,40.57515],[-74.12185,40.57465],[-74.12145,40.57178],[-74.1249,40.56895],[-74.11636,40.56392],[-74.11376,40.5665],[-74.1001,40.55895],[-74.10124,40.55766],[-74.10185,40.55622],[-74.10141,40.55554],[-74.10265,40.55613],[-74.1031,40.5559],[-74.10466,40.55412],[-74.10509,40.55324],[-74.10484,40.55303],[-74.10656,40.55419],[-74.10769,40.55398],[-74.11028,40.5515],[-74.11301,40.54778],[-74.11494,40.54959],[-74.11656,40.54913],[-74.11946,40.55222],[-74.1273,40.5573],[-74.13321,40.55238],[-74.13885,40.55695],[-74.13561,40.55898],[-74.13481,40.56083],[-74.13341,40.56213],[-74.13174,40.56454],[-74.13527,40.56552],[-74.14439,40.56971],[-74.14387,40.57061],[-74.14419,40.57204],[-74.13278,40.57348],[-74.12773,40.57521],[-74.12707,40.57641],[-74.12154,40.57515]]]}},{"type":"Feature","id":193,"properties":{"nta":"SI0302","name":"Great Kills-Eltingville","boro":"Staten Island","area_km2":10.846,"n":27,"gfa_msf":1.9,"energy_gwh":38.48,"elec_gwh":18.34,"gas_gwh":10.51,"steam_gwh":0.0,"oil_gwh":8.51,"ghg_kt":11.57,"density":3.55,"eui_med":61.1,"ghgi_med":4.94,"elec_share":0.477,"mix":{"Education":17.23,"Retail & Hotel":14.01,"Multifamily":4.59,"Other":2.65},"top":[{"name":"R024 (OECID: 0500089; BBL: 5051530108)","addr":"225 Cleveland Avenue","type":"Education","gwh":3.45,"eui":56.9},{"name":"Stop &amp; Shop 2513 - 4343 Amboy Road","addr":"4343 Amboy Road","type":"Retail & Hotel","gwh":2.49,"eui":219.6},{"name":"Stop&Shop 2513 - 4343 Amboy Road","addr":"4343 Amboy Road","type":"Retail & Hotel","gwh":2.49,"eui":215.0},{"name":"3161 AMBOY ROAD","addr":"3161 AMBOY ROAD","type":"Retail & Hotel","gwh":2.19,"eui":94.8},{"name":"4255 Amboy Road","addr":"4255 Amboy Road","type":"Retail & Hotel","gwh":2.08,"eui":272.5}]},"geometry":{"type":"Polygon","coordinates":[[[-74.1479,40.57089],[-74.14131,40.56843],[-74.13527,40.56552],[-74.13174,40.56454],[-74.13341,40.56213],[-74.13481,40.56083],[-74.13561,40.55898],[-74.13885,40.55695],[-74.13317,40.55236],[-74.13865,40.54849],[-74.13711,40.54702],[-74.13586,40.54645],[-74.13718,40.54579],[-74.13612,40.54502],[-74.13638,40.54485],[-74.13719,40.54578],[-74.13751,40.54558],[-74.13659,40.54485],[-74.13687,40.54468],[-74.13795,40.546],[-74.13887,40.54513],[-74.13762,40.54425],[-74.13876,40.54493],[-74.13902,40.54472],[-74.13787,40.54405],[-74.13903,40.5447],[-74.13954,40.5443],[-74.13915,40.54451],[-74.13942,40.54421],[-74.13897,40.54438],[-74.13922,40.54407],[-74.13888,40.54424],[-74.13883,40.54379],[-74.13859,40.5441],[-74.13882,40.54378],[-74.13828,40.54387],[-74.13834,40.54355],[-74.13852,40.5434],[-74.13957,40.54427],[-74.13984,40.54405],[-74.13871,40.54329],[-74.13891,40.54313],[-74.13987,40.54403],[-74.14039,40.54403],[-74.13922,40.54317],[-74.1403,40.54364],[-74.13936,40.54283],[-74.14031,40.54337],[-74.14063,40.54311],[-74.13963,40.54254],[-74.13986,40.54236],[-74.14065,40.54309],[-74.14132,40.54309],[-74.14017,40.54237],[-74.14034,40.54223],[-74.14021,40.54237],[-74.14141,40.54302],[-74.14108,40.54279],[-74.14134,40.54259],[-74.14026,40.54196],[-74.14068,40.54191],[-74.14135,40.54258],[-74.1418,40.5422],[-74.14064,40.54169],[-74.14096,40.54143],[-74.14187,40.54217],[-74.14167,40.54234],[-74.1423,40.54226],[-74.14248,40.54133],[-74.14173,40.53934],[-74.1423,40.53907],[-74.14177,40.53854],[-74.14227,40.53814],[-74.14187,40.53844],[-74.14217,40.53793],[-74.14104,40.53735],[-74.1413,40.53714],[-74.14219,40.53792],[-74.14239,40.53775],[-74.14158,40.53709],[-74.14383,40.53714],[-74.14474,40.5358],[-74.1467,40.53541],[-74.14922,40.53424],[-74.1507,40.53255],[-74.15112,40.53274],[-74.15246,40.53207],[-74.15463,40.53035],[-74.15454,40.53006],[-74.15493,40.53023],[-74.1555,40.52944],[-74.15599,40.52942],[-74.15645,40.52893],[-74.15619,40.52861],[-74.15702,40.52898],[-74.15826,40.5283],[-74.15797,40.52807],[-74.15833,40.52828],[-74.1597,40.5273],[-74.16873,40.53953],[-74.1691,40.54103],[-74.18073,40.54668],[-74.17943,40.54834],[-74.17349,40.55967],[-74.17185,40.56152],[-74.16494,40.56011],[-74.15741,40.5625],[-74.15585,40.56377],[-74.15466,40.56551],[-74.1479,40.57089]]]}},{"type":"Feature","id":194,"properties":{"nta":"SI0303","name":"Arden Heights-Rossville","boro":"Staten Island","area_km2":6.296,"n":10,"gfa_msf":1.0,"energy_gwh":14.59,"elec_gwh":7.14,"gas_gwh":3.43,"steam_gwh":0.0,"oil_gwh":2.61,"ghg_kt":4.45,"density":2.32,"eui_med":41.9,"ghgi_med":3.35,"elec_share":0.49,"mix":{"Education":7.89,"Retail & Hotel":5.46,"Other":1.23},"top":[{"name":"R075 (OECID: 0500323; BBL: 5060500002)","addr":"455 Huguenot Avenue","type":"Education","gwh":3.76,"eui":64.7},{"name":"ISLAND CONDO MGMT CORP:655 ROSSVILLE AVENUE","addr":"655 ROSSVILLE AVENUE","type":"Retail & Hotel","gwh":2.91,"eui":289.4},{"name":"230-262 Arden Avenue","addr":"230-262 Arden Avenue","type":"Retail & Hotel","gwh":2.55,"eui":114.9},{"name":"R056 (OECID: 0500415; BBL: 5070440001)","addr":"250 Kramer Avenue","type":"Education","gwh":2.03,"eui":60.8},{"name":"R004 (OECID: 0500318; BBL: 5060250030)","addr":"200 Nedra Lane","type":"Education","gwh":1.74,"eui":37.1}]},"geometry":{"type":"Polygon","coordinates":[[[-74.18181,40.56538],[-74.17185,40.56152],[-74.17349,40.55967],[-74.17943,40.54834],[-74.18073,40.54668],[-74.18757,40.55015],[-74.1893,40.54838],[-74.19731,40.54326],[-74.20699,40.54175],[-74.21779,40.54113],[-74.22132,40.55025],[-74.21778,40.55305],[-74.21788,40.55424],[-74.21757,40.55459],[-74.2135,40.55567],[-74.21051,40.55706],[-74.207,40.55757],[-74.2052,40.55733],[-74.20323,40.55608],[-74.20092,40.55601],[-74.19353,40.56243],[-74.19092,40.56262],[-74.18948,40.56358],[-74.18525,40.56455],[-74.18362,40.56537],[-74.18181,40.56538]]]}},{"type":"Feature","id":195,"properties":{"nta":"SI0304","name":"Annadale-Huguenot-Prince's Bay-Woodrow","boro":"Staten Island","area_km2":16.762,"n":11,"gfa_msf":1.84,"energy_gwh":57.49,"elec_gwh":14.75,"gas_gwh":38.28,"steam_gwh":0.0,"oil_gwh":3.8,"ghg_kt":13.72,"density":3.43,"eui_med":56.7,"ghgi_med":4.5,"elec_share":0.256,"mix":{"Healthcare":34.51,"Education":21.19,"Retail & Hotel":1.8},"top":[{"name":"SI Hospital South (Seguine) Campus","addr":"375 Seguine Avenue","type":"Healthcare","gwh":34.51,"eui":472.0},{"name":"R455, R456 (OECID: 0500094; BBL: 5066130001)","addr":"100 Luten Avenue","type":"Education","gwh":6.45,"eui":42.9},{"name":"SJBTS: 5150 Hyland Blvd.","addr":"5150 Hylan Boulevard","type":"Education","gwh":3.74,"eui":63.2},{"name":"Benchmarking Group - 208","addr":"1270 Huguenot Ave","type":"Education","gwh":2.17,"eui":38.5},{"name":"Campus R036-0500096 & R844-0500059 (BBL: 5062620012)","addr":"255 Ionia Avenue","type":"Education","gwh":2.16,"eui":60.5}]},"geometry":{"type":"Polygon","coordinates":[[[-74.18757,40.55015],[-74.1691,40.54103],[-74.16873,40.53953],[-74.15988,40.52737],[-74.16227,40.52719],[-74.17,40.52305],[-74.17129,40.52346],[-74.1727,40.52297],[-74.17601,40.52088],[-74.17758,40.51923],[-74.17832,40.51995],[-74.18105,40.52066],[-74.18483,40.51934],[-74.1885,40.51631],[-74.18927,40.51534],[-74.18884,40.51509],[-74.18971,40.51532],[-74.1941,40.51064],[-74.19521,40.50998],[-74.1965,40.50992],[-74.19967,40.51143],[-74.20006,40.51262],[-74.19893,40.51278],[-74.19907,40.51308],[-74.2082,40.51164],[-74.20969,40.5108],[-74.20919,40.5105],[-74.20932,40.5104],[-74.20971,40.51078],[-74.21013,40.51042],[-74.21353,40.5064],[-74.21434,40.50652],[-74.21566,40.50562],[-74.21755,40.50336],[-74.22184,40.50254],[-74.22208,40.50427],[-74.22312,40.50484],[-74.22292,40.50723],[-74.22322,40.50866],[-74.22658,40.51727],[-74.22672,40.51916],[-74.2238,40.5182],[-74.225,40.52046],[-74.22398,40.52287],[-74.22482,40.52299],[-74.22399,40.52327],[-74.22359,40.52631],[-74.22448,40.53891],[-74.22343,40.5436],[-74.22065,40.54859],[-74.21779,40.54113],[-74.20699,40.54175],[-74.19731,40.54326],[-74.1893,40.54838],[-74.18757,40.55015]]]}},{"type":"Feature","id":196,"properties":{"nta":"SI0305","name":"Tottenville-Charleston","boro":"Staten Island","area_km2":11.778,"n":20,"gfa_msf":2.02,"energy_gwh":33.07,"elec_gwh":15.5,"gas_gwh":14.27,"steam_gwh":0.0,"oil_gwh":2.3,"ghg_kt":9.65,"density":2.81,"eui_med":55.8,"ghgi_med":5.48,"elec_share":0.469,"mix":{"Retail & Hotel":21.31,"Education":6.49,"Office":2.98,"Other":2.29},"top":[{"name":"1281 - STATEN ISLAND SOUTH","addr":"2750 Veterans Road West","type":"Retail & Hotel","gwh":4.18,"eui":121.0},{"name":"Tottenville realty LLC","addr":"240 Page Ave","type":"Retail & Hotel","gwh":4.15,"eui":220.9},{"name":"STATEN ISLAND (2006)","addr":"2900 VETERANS RD W","type":"Retail & Hotel","gwh":3.26,"eui":77.4},{"name":"R034 (OECID: 0500082; BBL: 5078940001)","addr":"528 Acadeny Avenue","type":"Education","gwh":2.98,"eui":79.0},{"name":"R006 (OECID: 0500432; BBL: 5077600001)","addr":"555 Page Avenue","type":"Education","gwh":2.3,"eui":67.3}]},"geometry":{"type":"Polygon","coordinates":[[[-74.21376,40.5564],[-74.2057,40.55852],[-74.207,40.55757],[-74.21051,40.55706],[-74.2135,40.55567],[-74.21509,40.5555],[-74.21773,40.55446],[-74.21778,40.55305],[-74.22132,40.55025],[-74.22065,40.54859],[-74.22313,40.54432],[-74.22432,40.54016],[-74.22457,40.53702],[-74.22359,40.52631],[-74.22399,40.52327],[-74.22482,40.52299],[-74.22398,40.52287],[-74.225,40.52046],[-74.2238,40.5182],[-74.22672,40.51916],[-74.22669,40.51855],[-74.22658,40.51727],[-74.22322,40.50866],[-74.22292,40.50723],[-74.22312,40.50484],[-74.22208,40.50427],[-74.22184,40.50254],[-74.22507,40.50176],[-74.22729,40.5023],[-74.23124,40.50183],[-74.23679,40.5],[-74.23985,40.49758],[-74.24433,40.49755],[-74.24676,40.49613],[-74.24964,40.49684],[-74.25085,40.49801],[-74.2511,40.49893],[-74.25316,40.50013],[-74.25472,40.50297],[-74.25534,40.5043],[-74.25553,40.50786],[-74.25463,40.50867],[-74.25498,40.50877],[-74.25497,40.50881],[-74.254,40.50897],[-74.25431,40.50941],[-74.25369,40.50943],[-74.25465,40.50983],[-74.25453,40.50997],[-74.25365,40.50947],[-74.25332,40.50986],[-74.25301,40.51119],[-74.25353,40.51168],[-74.25304,40.51143],[-74.25309,40.51212],[-74.25195,40.513],[-74.25213,40.51371],[-74.25011,40.51504],[-74.25056,40.51572],[-74.24989,40.51552],[-74.25056,40.51611],[-74.24922,40.51508],[-74.24994,40.51614],[-74.24943,40.51569],[-74.24865,40.51611],[-74.24876,40.51636],[-74.24855,40.51617],[-74.24828,40.51649],[-74.24895,40.51719],[-74.24941,40.51698],[-74.24851,40.51748],[-74.24892,40.51721],[-74.24752,40.51574],[-74.24644,40.51597],[-74.24613,40.51614],[-74.247,40.51718],[-74.24648,40.51669],[-74.24654,40.51696],[-74.24521,40.51729],[-74.24563,40.51808],[-74.2443,40.51852],[-74.24232,40.51833],[-74.24103,40.51954],[-74.24049,40.51919],[-74.23982,40.52009],[-74.24117,40.52106],[-74.24293,40.52123],[-74.24258,40.5222],[-74.2428,40.52401],[-74.24336,40.52482],[-74.24397,40.52491],[-74.24151,40.53104],[-74.24181,40.53256],[-74.24218,40.53258],[-74.24205,40.53435],[-74.24412,40.5362],[-74.24415,40.53688],[-74.24534,40.53691],[-74.24443,40.53802],[-74.24539,40.53955],[-74.2456,40.54095],[-74.24649,40.54221],[-74.24803,40.54309],[-74.24614,40.5457],[-74.24336,40.54787],[-74.24358,40.54762],[-74.2422,40.54695],[-74.24039,40.54766],[-74.23762,40.55012],[-74.23641,40.55051],[-74.2364,40.55234],[-74.2349,40.55301],[-74.23332,40.55251],[-74.23071,40.55556],[-74.22932,40.55549],[-74.22905,40.55611],[-74.22833,40.55639],[-74.22744,40.55604],[-74.22344,40.55605],[-74.22379,40.55588],[-74.22257,40.55541],[-74.22157,40.55565],[-74.2213,40.55537],[-74.22087,40.55594],[-74.21974,40.55461],[-74.21908,40.55485],[-74.21934,40.55569],[-74.21922,40.5558],[-74.21859,40.55467],[-74.21875,40.55603],[-74.21775,40.55501],[-74.21474,40.55624],[-74.21499,40.55679],[-74.21376,40.5564]]]}}]}